/*
 Navicat Premium Data Transfer

 Source Server         : 47.105.158.68-Ecode
 Source Server Type    : MySQL
 Source Server Version : 50723
 Source Host           : 47.105.158.68:3306
 Source Schema         : uniedp_dev

 Target Server Type    : MySQL
 Target Server Version : 50723
 File Encoding         : 65001

 Date: 14/06/2019 17:21:17
*/

SET NAMES utf8mb4;
SET FOREIGN_KEY_CHECKS = 0;

-- ----------------------------
-- Table structure for act_de_databasechangelog
-- ----------------------------
DROP TABLE IF EXISTS `act_de_databasechangelog`;
CREATE TABLE `act_de_databasechangelog` (
  `ID` varchar(255) NOT NULL,
  `AUTHOR` varchar(255) NOT NULL,
  `FILENAME` varchar(255) NOT NULL,
  `DATEEXECUTED` datetime NOT NULL,
  `ORDEREXECUTED` int(11) NOT NULL,
  `EXECTYPE` varchar(10) NOT NULL,
  `MD5SUM` varchar(35) DEFAULT NULL,
  `DESCRIPTION` varchar(255) DEFAULT NULL,
  `COMMENTS` varchar(255) DEFAULT NULL,
  `TAG` varchar(255) DEFAULT NULL,
  `LIQUIBASE` varchar(20) DEFAULT NULL,
  `CONTEXTS` varchar(255) DEFAULT NULL,
  `LABELS` varchar(255) DEFAULT NULL,
  `DEPLOYMENT_ID` varchar(10) DEFAULT NULL
) ENGINE=InnoDB DEFAULT CHARSET=utf8;

-- ----------------------------
-- Records of act_de_databasechangelog
-- ----------------------------
BEGIN;
INSERT INTO `act_de_databasechangelog` VALUES ('1', 'flowable', 'META-INF/liquibase/flowable-modeler-app-db-changelog.xml', '2019-05-08 13:27:05', 1, 'EXECUTED', '8:e70d1d9d3899a734296b2514ccc71501', 'createTable tableName=ACT_DE_MODEL; createIndex indexName=idx_proc_mod_created, tableName=ACT_DE_MODEL; createTable tableName=ACT_DE_MODEL_HISTORY; createIndex indexName=idx_proc_mod_history_proc, tableName=ACT_DE_MODEL_HISTORY; createTable tableN...', '', NULL, '3.6.2', NULL, NULL, '7293224739');
INSERT INTO `act_de_databasechangelog` VALUES ('3', 'flowable', 'META-INF/liquibase/flowable-modeler-app-db-changelog.xml', '2019-05-08 13:27:05', 2, 'EXECUTED', '8:3a9143bef2e45f2316231cc1369138b6', 'addColumn tableName=ACT_DE_MODEL; addColumn tableName=ACT_DE_MODEL_HISTORY', '', NULL, '3.6.2', NULL, NULL, '7293224739');
COMMIT;

-- ----------------------------
-- Table structure for act_de_databasechangeloglock
-- ----------------------------
DROP TABLE IF EXISTS `act_de_databasechangeloglock`;
CREATE TABLE `act_de_databasechangeloglock` (
  `ID` int(11) NOT NULL,
  `LOCKED` bit(1) NOT NULL,
  `LOCKGRANTED` datetime DEFAULT NULL,
  `LOCKEDBY` varchar(255) DEFAULT NULL,
  PRIMARY KEY (`ID`)
) ENGINE=InnoDB DEFAULT CHARSET=utf8;

-- ----------------------------
-- Records of act_de_databasechangeloglock
-- ----------------------------
BEGIN;
INSERT INTO `act_de_databasechangeloglock` VALUES (1, b'0', NULL, NULL);
COMMIT;

-- ----------------------------
-- Table structure for act_de_model
-- ----------------------------
DROP TABLE IF EXISTS `act_de_model`;
CREATE TABLE `act_de_model` (
  `id` varchar(255) NOT NULL,
  `name` varchar(400) NOT NULL,
  `model_key` varchar(400) NOT NULL,
  `description` varchar(4000) DEFAULT NULL,
  `model_comment` varchar(4000) DEFAULT NULL,
  `created` datetime(6) DEFAULT NULL,
  `created_by` varchar(255) DEFAULT NULL,
  `last_updated` datetime(6) DEFAULT NULL,
  `last_updated_by` varchar(255) DEFAULT NULL,
  `version` int(11) DEFAULT NULL,
  `model_editor_json` longtext,
  `thumbnail` longblob,
  `model_type` int(11) DEFAULT NULL,
  `tenant_id` varchar(255) DEFAULT NULL,
  PRIMARY KEY (`id`),
  KEY `idx_proc_mod_created` (`created_by`)
) ENGINE=InnoDB DEFAULT CHARSET=utf8;

-- ----------------------------
-- Records of act_de_model
-- ----------------------------
BEGIN;
INSERT INTO `act_de_model` VALUES ('c6498741-7ad9-11e9-8a3c-1adfe5f2fe72', '请假流程', 'A1', '请假流程', NULL, '2019-05-20 16:32:16.394000', 'admin', '2019-05-23 17:33:42.920000', '1067246875800000001', 1, '{\"modelId\":\"c6498741-7ad9-11e9-8a3c-1adfe5f2fe72\",\"bounds\":{\"lowerRight\":{\"x\":1200,\"y\":1050},\"upperLeft\":{\"x\":0,\"y\":0}},\"properties\":{\"process_id\":\"A1\",\"name\":\"请假流程\",\"documentation\":\"请假流程\",\"process_author\":\"\",\"process_version\":\"\",\"process_namespace\":\"http://www.flowable.org/processdef\",\"process_historylevel\":\"\",\"isexecutable\":true,\"dataproperties\":\"\",\"executionlisteners\":\"\",\"eventlisteners\":\"\",\"signaldefinitions\":\"\",\"messagedefinitions\":\"\",\"process_potentialstarteruser\":\"\",\"process_potentialstartergroup\":\"\",\"iseagerexecutionfetch\":\"false\"},\"childShapes\":[{\"resourceId\":\"startEvent1\",\"properties\":{\"overrideid\":\"\",\"name\":\"\",\"documentation\":\"\",\"executionlisteners\":\"\",\"initiator\":\"\",\"formkeydefinition\":\"\",\"formreference\":\"\",\"formproperties\":\"\"},\"stencil\":{\"id\":\"StartNoneEvent\"},\"childShapes\":[],\"outgoing\":[{\"resourceId\":\"sid-0D4C2B83-7205-4975-8E1E-8DB512829294\"}],\"bounds\":{\"lowerRight\":{\"x\":120,\"y\":180},\"upperLeft\":{\"x\":90,\"y\":150}},\"dockers\":[]},{\"resourceId\":\"sid-4CD14D03-5732-43E4-9A4C-5ACBEDE2064B\",\"properties\":{\"overrideid\":\"\",\"name\":\"组长审批\",\"documentation\":\"\",\"asynchronousdefinition\":\"false\",\"exclusivedefinition\":\"false\",\"executionlisteners\":\"\",\"multiinstance_type\":\"None\",\"multiinstance_cardinality\":\"\",\"multiinstance_collection\":\"\",\"multiinstance_variable\":\"\",\"multiinstance_condition\":\"\",\"isforcompensation\":\"false\",\"usertaskassignment\":{\"assignment\":{\"type\":\"idm\",\"idm\":{\"type\":\"user\",\"assignee\":{\"id\":\"admin\",\"firstName\":\"admin\",\"lastName\":null,\"email\":\"root@renren.io\",\"fullName\":null,\"groups\":[],\"privileges\":[],\"$$hashKey\":\"object:557\"}}}},\"formkeydefinition\":\"\",\"formreference\":\"\",\"duedatedefinition\":\"\",\"prioritydefinition\":\"\",\"formproperties\":\"\",\"tasklisteners\":\"\",\"skipexpression\":\"\"},\"stencil\":{\"id\":\"UserTask\"},\"childShapes\":[],\"outgoing\":[{\"resourceId\":\"sid-2CAF5B0E-B443-4BFA-AF88-212A227072A3\"}],\"bounds\":{\"lowerRight\":{\"x\":250,\"y\":200},\"upperLeft\":{\"x\":150,\"y\":120}},\"dockers\":[]},{\"resourceId\":\"sid-0D4C2B83-7205-4975-8E1E-8DB512829294\",\"properties\":{\"overrideid\":\"\",\"name\":\"\",\"documentation\":\"\",\"conditionsequenceflow\":\"\",\"executionlisteners\":\"\",\"defaultflow\":\"false\",\"skipexpression\":\"\"},\"stencil\":{\"id\":\"SequenceFlow\"},\"childShapes\":[],\"outgoing\":[{\"resourceId\":\"sid-4CD14D03-5732-43E4-9A4C-5ACBEDE2064B\"}],\"bounds\":{\"lowerRight\":{\"x\":149.5859375,\"y\":165},\"upperLeft\":{\"x\":120.0625,\"y\":160}},\"dockers\":[{\"x\":15,\"y\":15},{\"x\":142.5,\"y\":165},{\"x\":142.5,\"y\":160},{\"x\":50,\"y\":40}],\"target\":{\"resourceId\":\"sid-4CD14D03-5732-43E4-9A4C-5ACBEDE2064B\"}},{\"resourceId\":\"sid-1F5A6AE3-61A7-4A5D-BD74-D28ADBE6E41B\",\"properties\":{\"overrideid\":\"\",\"name\":\"部长审批\",\"documentation\":\"\",\"asynchronousdefinition\":\"false\",\"exclusivedefinition\":\"false\",\"executionlisteners\":\"\",\"multiinstance_type\":\"None\",\"multiinstance_cardinality\":\"\",\"multiinstance_collection\":\"\",\"multiinstance_variable\":\"\",\"multiinstance_condition\":\"\",\"isforcompensation\":\"false\",\"usertaskassignment\":{\"assignment\":{\"type\":\"idm\",\"idm\":{\"type\":\"user\",\"assignee\":{\"id\":\"1067246875800000001\",\"firstName\":\"admin\",\"lastName\":null,\"email\":\"root@renren.io\",\"fullName\":null,\"groups\":[],\"privileges\":[],\"$$hashKey\":\"object:917\"}}}},\"formkeydefinition\":\"\",\"formreference\":\"\",\"duedatedefinition\":\"\",\"prioritydefinition\":\"\",\"formproperties\":\"\",\"tasklisteners\":\"\",\"skipexpression\":\"\"},\"stencil\":{\"id\":\"UserTask\"},\"childShapes\":[],\"outgoing\":[{\"resourceId\":\"sid-D702B94D-598F-4624-9F37-F4403236A316\"},{\"resourceId\":\"sid-D640635C-9F78-41E0-A46C-E16BD15420A4\"}],\"bounds\":{\"lowerRight\":{\"x\":385,\"y\":200},\"upperLeft\":{\"x\":285,\"y\":120}},\"dockers\":[]},{\"resourceId\":\"sid-2CAF5B0E-B443-4BFA-AF88-212A227072A3\",\"properties\":{\"overrideid\":\"\",\"name\":\"\",\"documentation\":\"\",\"conditionsequenceflow\":\"\",\"executionlisteners\":\"\",\"defaultflow\":\"false\",\"skipexpression\":\"\"},\"stencil\":{\"id\":\"SequenceFlow\"},\"childShapes\":[],\"outgoing\":[{\"resourceId\":\"sid-1F5A6AE3-61A7-4A5D-BD74-D28ADBE6E41B\"}],\"bounds\":{\"lowerRight\":{\"x\":284.4296875,\"y\":160},\"upperLeft\":{\"x\":250.5703125,\"y\":160}},\"dockers\":[{\"x\":50,\"y\":40},{\"x\":50,\"y\":40}],\"target\":{\"resourceId\":\"sid-1F5A6AE3-61A7-4A5D-BD74-D28ADBE6E41B\"}},{\"resourceId\":\"sid-B1BFE83E-4678-4672-ADFB-EB21C249DBBB\",\"properties\":{\"overrideid\":\"\",\"name\":\"排长审批\",\"documentation\":\"\",\"asynchronousdefinition\":\"false\",\"exclusivedefinition\":\"false\",\"executionlisteners\":\"\",\"multiinstance_type\":\"None\",\"multiinstance_cardinality\":\"\",\"multiinstance_collection\":\"\",\"multiinstance_variable\":\"\",\"multiinstance_condition\":\"\",\"isforcompensation\":\"false\",\"usertaskassignment\":\"\",\"formkeydefinition\":\"\",\"formreference\":\"\",\"duedatedefinition\":\"\",\"prioritydefinition\":\"\",\"formproperties\":\"\",\"tasklisteners\":\"\",\"skipexpression\":\"\"},\"stencil\":{\"id\":\"UserTask\"},\"childShapes\":[],\"outgoing\":[{\"resourceId\":\"sid-28E9C220-1554-4271-9231-F4F22F2604A5\"}],\"bounds\":{\"lowerRight\":{\"x\":555,\"y\":205},\"upperLeft\":{\"x\":455,\"y\":125}},\"dockers\":[]},{\"resourceId\":\"sid-D702B94D-598F-4624-9F37-F4403236A316\",\"properties\":{\"overrideid\":\"\",\"name\":\"\",\"documentation\":\"\",\"conditionsequenceflow\":\"\",\"executionlisteners\":\"\",\"defaultflow\":\"false\",\"skipexpression\":\"\"},\"stencil\":{\"id\":\"SequenceFlow\"},\"childShapes\":[],\"outgoing\":[{\"resourceId\":\"sid-B1BFE83E-4678-4672-ADFB-EB21C249DBBB\"}],\"bounds\":{\"lowerRight\":{\"x\":454.3515625,\"y\":165},\"upperLeft\":{\"x\":385.140625,\"y\":160}},\"dockers\":[{\"x\":50,\"y\":40},{\"x\":427.5,\"y\":160},{\"x\":427.5,\"y\":165},{\"x\":50,\"y\":40}],\"target\":{\"resourceId\":\"sid-B1BFE83E-4678-4672-ADFB-EB21C249DBBB\"}},{\"resourceId\":\"sid-A6D9879F-3EAE-4F9A-9171-86BE35090C38\",\"properties\":{\"overrideid\":\"\",\"name\":\"总司令审批\",\"documentation\":\"\",\"asynchronousdefinition\":\"false\",\"exclusivedefinition\":\"false\",\"executionlisteners\":\"\",\"multiinstance_type\":\"None\",\"multiinstance_cardinality\":\"\",\"multiinstance_collection\":\"\",\"multiinstance_variable\":\"\",\"multiinstance_condition\":\"\",\"isforcompensation\":\"false\",\"usertaskassignment\":\"\",\"formkeydefinition\":\"\",\"formreference\":\"\",\"duedatedefinition\":\"\",\"prioritydefinition\":\"\",\"formproperties\":\"\",\"tasklisteners\":\"\",\"skipexpression\":\"\"},\"stencil\":{\"id\":\"UserTask\"},\"childShapes\":[],\"outgoing\":[],\"bounds\":{\"lowerRight\":{\"x\":700,\"y\":205},\"upperLeft\":{\"x\":600,\"y\":125}},\"dockers\":[]},{\"resourceId\":\"sid-28E9C220-1554-4271-9231-F4F22F2604A5\",\"properties\":{\"overrideid\":\"\",\"name\":\"\",\"documentation\":\"\",\"conditionsequenceflow\":\"\",\"executionlisteners\":\"\",\"defaultflow\":\"false\",\"skipexpression\":\"\"},\"stencil\":{\"id\":\"SequenceFlow\"},\"childShapes\":[],\"outgoing\":[{\"resourceId\":\"sid-A6D9879F-3EAE-4F9A-9171-86BE35090C38\"}],\"bounds\":{\"lowerRight\":{\"x\":599.15625,\"y\":165},\"upperLeft\":{\"x\":555.84375,\"y\":165}},\"dockers\":[{\"x\":50,\"y\":40},{\"x\":50,\"y\":40}],\"target\":{\"resourceId\":\"sid-A6D9879F-3EAE-4F9A-9171-86BE35090C38\"}},{\"resourceId\":\"sid-0A89962C-49C4-4B72-B4F7-1864C31436D8\",\"properties\":{\"overrideid\":\"\",\"name\":\"组长审批\",\"documentation\":\"\",\"asynchronousdefinition\":\"false\",\"exclusivedefinition\":\"false\",\"executionlisteners\":\"\",\"multiinstance_type\":\"None\",\"multiinstance_cardinality\":\"\",\"multiinstance_collection\":\"\",\"multiinstance_variable\":\"\",\"multiinstance_condition\":\"\",\"isforcompensation\":\"false\",\"usertaskassignment\":{\"assignment\":{\"type\":\"idm\",\"idm\":{\"type\":\"user\",\"assignee\":{\"id\":\"1067246875800000001\",\"firstName\":\"admin\",\"lastName\":null,\"email\":\"root@renren.io\",\"fullName\":null,\"groups\":[],\"privileges\":[],\"$$hashKey\":\"object:1761\"}}}},\"formkeydefinition\":\"\",\"formreference\":\"\",\"duedatedefinition\":\"\",\"prioritydefinition\":\"\",\"formproperties\":\"\",\"tasklisteners\":\"\",\"skipexpression\":\"\"},\"stencil\":{\"id\":\"UserTask\"},\"childShapes\":[],\"outgoing\":[],\"bounds\":{\"lowerRight\":{\"x\":555,\"y\":305},\"upperLeft\":{\"x\":455,\"y\":225}},\"dockers\":[]},{\"resourceId\":\"sid-D640635C-9F78-41E0-A46C-E16BD15420A4\",\"properties\":{\"overrideid\":\"\",\"name\":\"\",\"documentation\":\"\",\"conditionsequenceflow\":\"\",\"executionlisteners\":\"\",\"defaultflow\":\"false\",\"skipexpression\":\"\"},\"stencil\":{\"id\":\"SequenceFlow\"},\"childShapes\":[],\"outgoing\":[{\"resourceId\":\"sid-0A89962C-49C4-4B72-B4F7-1864C31436D8\"}],\"bounds\":{\"lowerRight\":{\"x\":454.859375,\"y\":265},\"upperLeft\":{\"x\":385.140625,\"y\":160}},\"dockers\":[{\"x\":50,\"y\":40},{\"x\":420,\"y\":160},{\"x\":420,\"y\":265},{\"x\":50,\"y\":40}],\"target\":{\"resourceId\":\"sid-0A89962C-49C4-4B72-B4F7-1864C31436D8\"}}],\"stencil\":{\"id\":\"BPMNDiagram\"},\"stencilset\":{\"namespace\":\"http://b3mn.org/stencilset/bpmn2.0#\",\"url\":\"../editor/stencilsets/bpmn2.0/bpmn2.0.json\"}}', 0x89504E470D0A1A0A0000000D49484452000001140000005E0806000000E2C4EBC7000006A74944415478DAED9D5F685367188737D74B190EDCC5C61832763176EBAEC62E7AE1EE146F4CFAC7FE499176651B6542C5DB607731A163172D1B7A254C99AC74176A60E8314D130A914EA80C57902D4BC5ACA4515393D9ACD37AF6FBCA39D065B38D4D5A4F729E077E9CDAA492F7CBF73DE7FD4ED3E4851700000000000000000000C01FD8B6DD944AA5C692C9E4CAD5AB57ED2B57AE78269665D9F178FCAED2419D00758059648944C25E5858B09797973D975C2E674F4E4E3ED0A23B449D001EC79CB1D72EB21B9163AB29E6335E5A6CCB3A93CF5227DDEA56747174AF35C40CE0DA49ED2EB4D989939E3A836B701F5127DDEA56747174AF35C458F0FF16DA4DEB84D7169A4D9D74AB5BD1C5D1BD6E8350BC66E9AD124AA3D5491747DD9E118A31B23B98B7A6461A56288D5C275D1C757B4228EE2096A7D184D2E875D2C551B7A7B63C5E4DADB73C8D5A275D1C75231484E229A1F8AD8BA37B4528D4C95CA06E848250100A4241280805A12094C6A9BBADAD6DF7D0D0D0F0E0E060BAA7A767B9B5B5D5EEECECFCBBAFAF6F5AB775343737373198D4C9C2A2EE0D098542BD4A697474D49E9A9AB2F3F9BC6D28140AF6F4F4B47DF4E8D185F6F6F6EB92CC9E4AFEBF72F920148482507C52B74431A02EE4AFDBB76FDBEB71EEDCB939752A3F55D2A90483C17D92CF104241288C918FEA9620DEE9EEEE7E984EA7ED4A181818B863B63F15FCBFDF992D93126EE4C1547D134AB3DF164B381CDEB1E69F2FB2B0A87B958E8E8E33E3E3E325BB42AE5DBB56D2CF4C6CB4DDD122BBEB08C5E48706168A5BE3AA58EAA94E49A1A9ABABEB4D3D9FEFAB4B0DE8F10FE844F0794B4BCB29655C89EA7B669B7B4BC9E8B6BC8E4BFAFE2353B38EE6E452305FAF27954020F03642F149DD870F1F5EBC77EF5EA53E59BDA6A29F296DD4F598ED8EB3D04E68E2FD584F83B94612CF9C7AA9F3F2E5CBEE637EE208A2A42C2AF37AFE7ED3F18692D06D17743CA3E3973A1E977842BAFD43F3B39A076F282F3B42594FBABFEBE7BF925876FA4928BEEC5ECD6478569C89F8BAF29E26D701E523B3B5514E2B979CB3DABCB99FDB1AB3E5F1649D3BAA9937EED6C7990F39E51725A68C295F3B73E213E5B1739F3B1252AB8F8452B7DDEBA68BEEECEC2CB8BFD1A98462B1E80ED21F8E382E2AA79CC9D36704A349B3576DF46B3A23BDC445D9C65D2C6BAFA7E8B97E5579D72C1C752301CD838FCD9C080683DF38F365C56C99745BDE2FDD6ABD76AF55CD8D23478E5C8844222B950A656666C6EEE9E99961A121940A5F8EB04BF70DB9DB1DB63C8DFF5B9E0FFAFBFB974AA5CAAECB0E0F0FCFEB2CF3290B0DA13046D4FDB4B3C8A5D1D1D10D8D323737F750DB998279452D8389501823EA7E6A5BDAD5D5951E1919796AA7924EA773DDDDDD773491FA194CEA4428D4BDA154248C8BBDBDBD854824B2E45EA8BD7FFFFE9F67CF9E4DAA33C9AA33F98CC1A44E8442DDCF744DC5BCCA5579E05C9D2E2ADF9A5F113398D48950981B9E00A12014848250184CEA4428AC01848250100A4241280805A1201484B231E59F9AE6D1946AFDD9C68D5A2742A1EEE74A3C1E9FF7EA8744BBC96432E7ABFD5C57BFD48950A8FBB9128D460FC662B1C56C36BBE4C533B659649665CD55FBC9F37EA9B31AA1F8A58BA3EE2D469378BF1EECB479C0C6821E8A793CB3D52E323FD5598D50FCD2C55137C03608C52F5D1C75036C8350FCD4AD5237C03608050000A1000042010084020008050000A1000042010084020050AD506CDB6E4AA55263C96472C5FC7D8B975EE06559961D8FC7EF2A1D3CCB0075201423934422617BF5EF5A72B99C3D3939F980578D02D481504C67B256263722C75653CC67BC249565FE480EA00E8452FE67FCAE5066274E7AED7D411EF14C03785C28E56F34E40AE5A67582371A024028B5110AEF5C068050AA128AB96EE20AE5D6D408420140289B138A2B92F220140084B2E92D0F6FD60C8050100A00201484028050100A00424128008050100A00424128000D2D945028B40BA100404D84A2FBFEAC0C0602819D080500FE45381CDE6184D2D2D292D731A55C572C654C39ADEF9FD4F1B8D2A7AF033A3E36F7577E6D6B6B3B805000E03F52696F6F7F45794BD91B0C06F739F2E87364F285724A02F9DE91C913A5A8FB14100A006C0A0965B7441256F6700D05006A0E4201008402000805A1002014840200080500100A42014028080500A12014004028008050100A0042412800B02EE59F6DECD194F86C63803A201E8FCF2F2C2C785A28994CE6BC8432CBB305E071A2D1E8C1582CB698CD6697BCD8991899589635A71CE2D902A803B458F7AB039836DB0A73ADC243318F67169900000000000000000000000000000000000000D419FF00B179FFBB5AB62CEE0000000049454E44AE426082, 0, NULL);
COMMIT;

-- ----------------------------
-- Table structure for act_de_model_history
-- ----------------------------
DROP TABLE IF EXISTS `act_de_model_history`;
CREATE TABLE `act_de_model_history` (
  `id` varchar(255) NOT NULL,
  `name` varchar(400) NOT NULL,
  `model_key` varchar(400) NOT NULL,
  `description` varchar(4000) DEFAULT NULL,
  `model_comment` varchar(4000) DEFAULT NULL,
  `created` datetime(6) DEFAULT NULL,
  `created_by` varchar(255) DEFAULT NULL,
  `last_updated` datetime(6) DEFAULT NULL,
  `last_updated_by` varchar(255) DEFAULT NULL,
  `removal_date` datetime(6) DEFAULT NULL,
  `version` int(11) DEFAULT NULL,
  `model_editor_json` longtext,
  `model_id` varchar(255) NOT NULL,
  `model_type` int(11) DEFAULT NULL,
  `tenant_id` varchar(255) DEFAULT NULL,
  PRIMARY KEY (`id`),
  KEY `idx_proc_mod_history_proc` (`model_id`)
) ENGINE=InnoDB DEFAULT CHARSET=utf8;

-- ----------------------------
-- Table structure for act_de_model_relation
-- ----------------------------
DROP TABLE IF EXISTS `act_de_model_relation`;
CREATE TABLE `act_de_model_relation` (
  `id` varchar(255) NOT NULL,
  `parent_model_id` varchar(255) DEFAULT NULL,
  `model_id` varchar(255) DEFAULT NULL,
  `relation_type` varchar(255) DEFAULT NULL,
  PRIMARY KEY (`id`),
  KEY `fk_relation_parent` (`parent_model_id`),
  KEY `fk_relation_child` (`model_id`),
  CONSTRAINT `fk_relation_child` FOREIGN KEY (`model_id`) REFERENCES `act_de_model` (`id`),
  CONSTRAINT `fk_relation_parent` FOREIGN KEY (`parent_model_id`) REFERENCES `act_de_model` (`id`)
) ENGINE=InnoDB DEFAULT CHARSET=utf8;

-- ----------------------------
-- Table structure for act_evt_log
-- ----------------------------
DROP TABLE IF EXISTS `act_evt_log`;
CREATE TABLE `act_evt_log` (
  `LOG_NR_` bigint(20) NOT NULL AUTO_INCREMENT,
  `TYPE_` varchar(64) COLLATE utf8_bin DEFAULT NULL,
  `PROC_DEF_ID_` varchar(64) COLLATE utf8_bin DEFAULT NULL,
  `PROC_INST_ID_` varchar(64) COLLATE utf8_bin DEFAULT NULL,
  `EXECUTION_ID_` varchar(64) COLLATE utf8_bin DEFAULT NULL,
  `TASK_ID_` varchar(64) COLLATE utf8_bin DEFAULT NULL,
  `TIME_STAMP_` timestamp(3) NOT NULL DEFAULT CURRENT_TIMESTAMP(3) ON UPDATE CURRENT_TIMESTAMP(3),
  `USER_ID_` varchar(255) COLLATE utf8_bin DEFAULT NULL,
  `DATA_` longblob,
  `LOCK_OWNER_` varchar(255) COLLATE utf8_bin DEFAULT NULL,
  `LOCK_TIME_` timestamp(3) NULL DEFAULT NULL,
  `IS_PROCESSED_` tinyint(4) DEFAULT '0',
  PRIMARY KEY (`LOG_NR_`)
) ENGINE=InnoDB DEFAULT CHARSET=utf8 COLLATE=utf8_bin;

-- ----------------------------
-- Table structure for act_ge_bytearray
-- ----------------------------
DROP TABLE IF EXISTS `act_ge_bytearray`;
CREATE TABLE `act_ge_bytearray` (
  `ID_` varchar(64) COLLATE utf8_bin NOT NULL,
  `REV_` int(11) DEFAULT NULL,
  `NAME_` varchar(255) COLLATE utf8_bin DEFAULT NULL,
  `DEPLOYMENT_ID_` varchar(64) COLLATE utf8_bin DEFAULT NULL,
  `BYTES_` longblob,
  `GENERATED_` tinyint(4) DEFAULT NULL,
  PRIMARY KEY (`ID_`),
  KEY `ACT_FK_BYTEARR_DEPL` (`DEPLOYMENT_ID_`),
  CONSTRAINT `ACT_FK_BYTEARR_DEPL` FOREIGN KEY (`DEPLOYMENT_ID_`) REFERENCES `act_re_deployment` (`ID_`)
) ENGINE=InnoDB DEFAULT CHARSET=utf8 COLLATE=utf8_bin;

-- ----------------------------
-- Records of act_ge_bytearray
-- ----------------------------
BEGIN;
INSERT INTO `act_ge_bytearray` VALUES ('062948c2-7c74-11e9-b4d7-1adfe5f2fe72', 1, '请假流程.bpmn20.xml', '062948c1-7c74-11e9-b4d7-1adfe5f2fe72', 0x3C3F786D6C2076657273696F6E3D22312E302220656E636F64696E673D225554462D38223F3E0A3C646566696E6974696F6E7320786D6C6E733D22687474703A2F2F7777772E6F6D672E6F72672F737065632F42504D4E2F32303130303532342F4D4F44454C2220786D6C6E733A7873693D22687474703A2F2F7777772E77332E6F72672F323030312F584D4C536368656D612D696E7374616E63652220786D6C6E733A7873643D22687474703A2F2F7777772E77332E6F72672F323030312F584D4C536368656D612220786D6C6E733A666C6F7761626C653D22687474703A2F2F666C6F7761626C652E6F72672F62706D6E2220786D6C6E733A62706D6E64693D22687474703A2F2F7777772E6F6D672E6F72672F737065632F42504D4E2F32303130303532342F44492220786D6C6E733A6F6D6764633D22687474703A2F2F7777772E6F6D672E6F72672F737065632F44442F32303130303532342F44432220786D6C6E733A6F6D6764693D22687474703A2F2F7777772E6F6D672E6F72672F737065632F44442F32303130303532342F44492220747970654C616E67756167653D22687474703A2F2F7777772E77332E6F72672F323030312F584D4C536368656D61222065787072657373696F6E4C616E67756167653D22687474703A2F2F7777772E77332E6F72672F313939392F585061746822207461726765744E616D6573706163653D22687474703A2F2F7777772E666C6F7761626C652E6F72672F70726F63657373646566223E0A20203C70726F636573732069643D22413122206E616D653D22E8AFB7E58187E6B581E7A88B2220697345786563757461626C653D2274727565223E0A202020203C646F63756D656E746174696F6E3EE8AFB7E58187E6B581E7A88B3C2F646F63756D656E746174696F6E3E0A202020203C73746172744576656E742069643D2273746172744576656E7431223E3C2F73746172744576656E743E0A202020203C757365725461736B2069643D227369642D34434431344430332D353733322D343345342D394134432D35414342454445323036344222206E616D653D22E7BB84E995BFE5AEA1E689B9223E3C2F757365725461736B3E0A202020203C73657175656E6365466C6F772069643D227369642D30443443324238332D373230352D343937352D384531452D3844423531323832393239342220736F757263655265663D2273746172744576656E743122207461726765745265663D227369642D34434431344430332D353733322D343345342D394134432D354143424544453230363442223E3C2F73657175656E6365466C6F773E0A202020203C757365725461736B2069643D227369642D31463541364145332D363141372D344135442D424437342D44323841444245364534314222206E616D653D22E983A8E995BFE5AEA1E689B9223E3C2F757365725461736B3E0A202020203C73657175656E6365466C6F772069643D227369642D32434146354230452D423434332D344246412D414638382D3231324132323730373241332220736F757263655265663D227369642D34434431344430332D353733322D343345342D394134432D35414342454445323036344222207461726765745265663D227369642D31463541364145332D363141372D344135442D424437342D443238414442453645343142223E3C2F73657175656E6365466C6F773E0A202020203C757365725461736B2069643D227369642D42314246453833452D343637382D343637322D414446422D45423231433234394442424222206E616D653D22E68E92E995BFE5AEA1E689B9223E3C2F757365725461736B3E0A202020203C73657175656E6365466C6F772069643D227369642D44373032423934442D353938462D343632342D394633372D4634343033323336413331362220736F757263655265663D227369642D31463541364145332D363141372D344135442D424437342D44323841444245364534314222207461726765745265663D227369642D42314246453833452D343637382D343637322D414446422D454232314332343944424242223E3C2F73657175656E6365466C6F773E0A202020203C757365725461736B2069643D227369642D41364439383739462D334541452D344639412D393137312D38364245333530393043333822206E616D653D22E680BBE58FB8E4BBA4E5AEA1E689B9223E3C2F757365725461736B3E0A202020203C73657175656E6365466C6F772069643D227369642D32384539433232302D313535342D343237312D393233312D4634463232463236303441352220736F757263655265663D227369642D42314246453833452D343637382D343637322D414446422D45423231433234394442424222207461726765745265663D227369642D41364439383739462D334541452D344639412D393137312D383642453335303930433338223E3C2F73657175656E6365466C6F773E0A20203C2F70726F636573733E0A20203C62706D6E64693A42504D4E4469616772616D2069643D2242504D4E4469616772616D5F4131223E0A202020203C62706D6E64693A42504D4E506C616E652062706D6E456C656D656E743D224131222069643D2242504D4E506C616E655F4131223E0A2020202020203C62706D6E64693A42504D4E53686170652062706D6E456C656D656E743D2273746172744576656E7431222069643D2242504D4E53686170655F73746172744576656E7431223E0A20202020202020203C6F6D6764633A426F756E6473206865696768743D2233302E30222077696474683D2233302E302220783D2239302E302220793D223135302E30223E3C2F6F6D6764633A426F756E64733E0A2020202020203C2F62706D6E64693A42504D4E53686170653E0A2020202020203C62706D6E64693A42504D4E53686170652062706D6E456C656D656E743D227369642D34434431344430332D353733322D343345342D394134432D354143424544453230363442222069643D2242504D4E53686170655F7369642D34434431344430332D353733322D343345342D394134432D354143424544453230363442223E0A20202020202020203C6F6D6764633A426F756E6473206865696768743D2238302E30222077696474683D223130302E302220783D223136352E302220793D223132352E30223E3C2F6F6D6764633A426F756E64733E0A2020202020203C2F62706D6E64693A42504D4E53686170653E0A2020202020203C62706D6E64693A42504D4E53686170652062706D6E456C656D656E743D227369642D31463541364145332D363141372D344135442D424437342D443238414442453645343142222069643D2242504D4E53686170655F7369642D31463541364145332D363141372D344135442D424437342D443238414442453645343142223E0A20202020202020203C6F6D6764633A426F756E6473206865696768743D2238302E30222077696474683D223130302E302220783D223330302E302220793D223132302E30223E3C2F6F6D6764633A426F756E64733E0A2020202020203C2F62706D6E64693A42504D4E53686170653E0A2020202020203C62706D6E64693A42504D4E53686170652062706D6E456C656D656E743D227369642D42314246453833452D343637382D343637322D414446422D454232314332343944424242222069643D2242504D4E53686170655F7369642D42314246453833452D343637382D343637322D414446422D454232314332343944424242223E0A20202020202020203C6F6D6764633A426F756E6473206865696768743D2238302E30222077696474683D223130302E302220783D223435352E302220793D223132352E30223E3C2F6F6D6764633A426F756E64733E0A2020202020203C2F62706D6E64693A42504D4E53686170653E0A2020202020203C62706D6E64693A42504D4E53686170652062706D6E456C656D656E743D227369642D41364439383739462D334541452D344639412D393137312D383642453335303930433338222069643D2242504D4E53686170655F7369642D41364439383739462D334541452D344639412D393137312D383642453335303930433338223E0A20202020202020203C6F6D6764633A426F756E6473206865696768743D2238302E30222077696474683D223130302E302220783D223630302E302220793D223132352E30223E3C2F6F6D6764633A426F756E64733E0A2020202020203C2F62706D6E64693A42504D4E53686170653E0A2020202020203C62706D6E64693A42504D4E456467652062706D6E456C656D656E743D227369642D44373032423934442D353938462D343632342D394633372D463434303332333641333136222069643D2242504D4E456467655F7369642D44373032423934442D353938462D343632342D394633372D463434303332333641333136223E0A20202020202020203C6F6D6764693A776179706F696E7420783D223339392E39353030303030303030303030352220793D223136302E30223E3C2F6F6D6764693A776179706F696E743E0A20202020202020203C6F6D6764693A776179706F696E7420783D223432372E352220793D223136302E30223E3C2F6F6D6764693A776179706F696E743E0A20202020202020203C6F6D6764693A776179706F696E7420783D223432372E352220793D223136352E30223E3C2F6F6D6764693A776179706F696E743E0A20202020202020203C6F6D6764693A776179706F696E7420783D223435352E302220793D223136352E30223E3C2F6F6D6764693A776179706F696E743E0A2020202020203C2F62706D6E64693A42504D4E456467653E0A2020202020203C62706D6E64693A42504D4E456467652062706D6E456C656D656E743D227369642D30443443324238332D373230352D343937352D384531452D384442353132383239323934222069643D2242504D4E456467655F7369642D30443443324238332D373230352D343937352D384531452D384442353132383239323934223E0A20202020202020203C6F6D6764693A776179706F696E7420783D223131392E39343939393834383939353735382220793D223136352E30223E3C2F6F6D6764693A776179706F696E743E0A20202020202020203C6F6D6764693A776179706F696E7420783D223136352E302220793D223136352E30223E3C2F6F6D6764693A776179706F696E743E0A2020202020203C2F62706D6E64693A42504D4E456467653E0A2020202020203C62706D6E64693A42504D4E456467652062706D6E456C656D656E743D227369642D32384539433232302D313535342D343237312D393233312D463446323246323630344135222069643D2242504D4E456467655F7369642D32384539433232302D313535342D343237312D393233312D463446323246323630344135223E0A20202020202020203C6F6D6764693A776179706F696E7420783D223535342E393439393939393939393930372220793D223136352E30223E3C2F6F6D6764693A776179706F696E743E0A20202020202020203C6F6D6764693A776179706F696E7420783D223539392E393939393939393939393830372220793D223136352E30223E3C2F6F6D6764693A776179706F696E743E0A2020202020203C2F62706D6E64693A42504D4E456467653E0A2020202020203C62706D6E64693A42504D4E456467652062706D6E456C656D656E743D227369642D32434146354230452D423434332D344246412D414638382D323132413232373037324133222069643D2242504D4E456467655F7369642D32434146354230452D423434332D344246412D414638382D323132413232373037324133223E0A20202020202020203C6F6D6764693A776179706F696E7420783D223236342E393439393939393939393939382220793D223136332E3134383134383134383134383135223E3C2F6F6D6764693A776179706F696E743E0A20202020202020203C6F6D6764693A776179706F696E7420783D223239392E393939393939393939393939332220793D223136312E3835303030303030303030303032223E3C2F6F6D6764693A776179706F696E743E0A2020202020203C2F62706D6E64693A42504D4E456467653E0A202020203C2F62706D6E64693A42504D4E506C616E653E0A20203C2F62706D6E64693A42504D4E4469616772616D3E0A3C2F646566696E6974696F6E733E, 0);
INSERT INTO `act_ge_bytearray` VALUES ('06603743-7c74-11e9-b4d7-1adfe5f2fe72', 1, '请假流程.A1.png', '062948c1-7c74-11e9-b4d7-1adfe5f2fe72', 0x89504E470D0A1A0A0000000D49484452000002C6000000D70806000000197D97A2000015E44944415478DAEDDD09905D659507701714541C11115141D141A14ADC0A17445C0A574AACC1929874A72131A4D202864DD0084122A004284487518CA22C328222861DB212C22A2092004612268425641B84B06431E89DFBBFC5ED79591A8349BADFEBFEFDAA4E75BFA55F967BFA7CE77DF7FBEE7BD18B00000000000000000000000000000000000000000000000000000000000000000000000000000000000000000000000000000000000000000000000000000000000000000000000000000000000000000000000000000000000000000000000000000000000000000000000000000000000000000000000000000000000000000000000000000000000000000000000000000000000000000000000000000000000000000000000000000000000000000000000000000000000000000000000000000000000000000000000000000000000000000000000000000000000000000000000000000000000000000000000000000000000000000000000000000000000000000000000000000000000000000000000000000000000000000000000000000000000000000000000000000000000000000000000000000000000000000000000000000000000000A04151149BCD9D3BF7E25B6FBDF5EF53A64C29264D9A247A38264F9E5C4C9F3EFD7FCBE890910000BD244DF10D37DC502C5EBCB858B972A5E8A558B2644971FDF5D72F2D9BE4FD642500402FC84CB1A6B8699AE39593264D9A252B01007A41964F684A9B27CAC67895AC0400E80559E3AA216DAAC6B8909500B009D9606583D58636C64F3FB1A0987BFB39C5BD934FA822DFE73ECDACC6581D5287E4901C82966283950D561BD2183FF5F8FCE29E09C71533AE3A7AB5C87D79CCB1D518AB43EA901C9243D0326CB0B2C16A431AE387EFBD7CADA6B88E47EEBDC271D518AB43EA901C9243D03A6CB0B2C16A431AE359D79DD26D639CC71C538DB13AA40EC92139042DC3062BCDCF86E4C63D93C674DB18E731C75463AC0EC935392487A0CF15131BAC34C61A63B9A10EC935392434C6F4FBC6D8062B8D71779181A5BBC6388F39A6061A7548AEC92139047DAA98D860A531EE2EE6DCF45FDDE6461E734C0D34EA905C93437208FA5431B1C14A63DC5D3C367F6671CFC4E3D79E8129EFCB638EA981461D926B72480E419F2A26D6916A8C9F2F1EB8E3FCB5F222F7399E061A7548AEC92139048A89E83F8DF18A15C59C9BCF5A7B1945795F1E734C0D34EA905C93437208FA5431B1C14A63DCDD4696D9379DD96D6EE4311B5A0C34EA905C93437208FA5431B1C14A63BCE62CF18239538BBBAF3DA6DBBCA823CFC973CD1E1B68D421B92687E410F48962628395C6787D6789CD1E1B68D421B9268784C6983E3D20D960A531AE637D66899F6FF6D83136D0A843724D0EC92168ED62628395C6F8B9F8579BE23A1C63038D3A24D7E4901C82962D263658698C85DC5087E49A1C12EA15FDBB31B6C14A63AC31961BEA905C934342BDA2BF37C6365829261A63B9A10EC935392417D42B34C6365829261A63B9A10EC935392417D42B34C6365829261A63B9A10EC9B5BED118CB2139049A1FC5446EC80D7548688C851C02C54431911B72431D121A6321874031514CE486DC508784C658C821504C1413B92137D421A1311672887F5151145BCC9C39B3F3BCF3CEBB7EECD8B14B0F3DF4D05543870E2D060D1A54747474FCE3A0830E5A79ECB1C7CE3DE594532E2863670392D0180BB921D7E49A1C121AE33ED7105F72C925E79F78E289AB0E3FFCF062DCB871C5ADB7DE5ACC9F3FBF58BE7C7911F9BA78F1E2E28F7FFC635136CEC561871DF68F238E3862DE881123861B9084C6581868E49A5C93434263DCF2CA0678D849279DB4E2E8A38FAE9ADE679F7DB6585F77DD7557316AD4A8673B3B3B670D183060270392D0180B038D5C936B7248688C5B719678B3CB2EBB6CEAD7BEF6B5E28A2BAE78410DF19AAEBDF6DA62D8B061CBFACAECB162A298C80DB921D784C658A857FDA8299E366DDA6D23478E2C66CF9E5D6C0CF3E6CD2BCA267BD9F0E1C30F3120098DB130D0C835B9268784C6B82564A6384D71D60C6F4C79BD1123463CD5D6D6D66140121A6361A0916B724D0E098D7153CB9AE22C9FD85833C5EB9A393EE080031E2F9BE35D0C4842632C0C34724DAEC921A1316ED625145B9C70C2092BB3A67853BAEAAAAB960D1E3CF81603926885623260C080ED060D1A34BAFCBAA5DC901BEA90D0180B39D44F8C1F3FFEBF73F589BFFDED6FC5A676F0C1072F6CD525158A49FF2A266553BC63AED53D70E0C0C7CB1855E6ED3672436EA84342632CD4AB3E3E5B9CEB14E7926C3D61C68C192B5B75D65831E97733C65BA6316E88E5659C5636C9BBCA0D038D3A2434C642BDEA83F28976D970B72197657BA1860D1BB630B371CDF27FD0D6D636A98C3D1513C5641DB3C6C5BAA2CC970B1B1BE4DECA8D871E7AA8F8F9CF7F5E2C59B2A4BAFDD8638F158B162DAA36BCE683789E7AEAA9AEE7FEF5AF7F2D162C58F0825EFFA69B6E2A7EF4A31F75FBF8AC59B38AF1E3C757DFDF79E79DC5238F3C52AC58B1A2F8C31FFE50FD3D7A2B37BA3B6E9B2AD42175C8582634C67D443EE6F9ECB3CF2E7AD219679C715739981CD52CFF070DCDCEA4B2D9D95D31514CFE5963DC10D724677A3A37EEBFFFFEE2924B2E294E3DF5D4FC1F143FF9C94F8A0B2FBCB0183C787075BB8EAF7FFDEB5D3F73E4914716DB6CB3CD6AAF73F3CD37171FFBD8C7AAD7CBED5B6EB9A5FA99C30E3BAC8A5D76D9A57A9D6CCCADEFCBE3F9B93CFFACB3CE2AB6DA6AABEAFBB7BEF5ADC5F7BFFFFDEAFB97BFFCE5C5AF7FFDEB7E31D06CACC6581D5287E4901CA2098C1D3B76693EE6B9279583EABCF297F78A662B268DCDCEBADE752B26CD1513274E2CF6DE7BEFCDCB66F0DFF6DF7FFF6DCBE3B6433E693133B9EDEDEDBB95B7F7288FE35EE5EDBDCBAFFB965F07955F8794F78F28E3D0F2F6D1D95C57C689CF2D91F8CFF2EBB8F239E7955F2F2A6F8F5F8FC6F8D93256F5746EFCEA57BF2A5EFBDAD7564DEB1BDEF086E255AF7A5575FB4B5FFA52D5E84E9B36AD7A2C8D6BFD33DFF9CE778A37BDE94DD5F7F7DC734F3164C890E2252F7949F1BEF7BDAFABD1FDCD6F7E53FD5CF97F50C517BFF8C5E2DDEF7E77F1E52F7FB9EBBE17BFF8C555D39B59E1830F3EB878F5AB5F5D5C73CD35C5CE3BEF5C9C76DA69D5EBBCF295AF2C7EFFFBDF177FFEF39F5FF02C757F6F8CD5214D8D1C9243F4A2430F3D745506AE9EB470E1C2C5E52FECC34D5C4CBADE75371615C5A47922A7EB9F3B4E2BCA585AC6A2321E2A634E197797714719379531A58CAB9F6B722F2AE3DC34BF6982CB637BEA734D719AE3A3CADB23D334978F1D507E1D9866FA791AE2FBCBE78D2C1BF1ADD39CF7466E1C7BECB1C5873FFCE1E299679E295EF7BAD71539F39346F5F39FFF7CB5FC61DB6DB72D9E7CF2C9AEE71F7FFCF155639C99E534C46F7BDBDBAA9F59BE7C79D7736EBBEDB6E2339FF94C55A8274F9E5CBD4E1AE5F3CF3FBFBA9DFBCB7F6FD5481F72C82155039C4679D75D77AD1AE351A34615F7DE7B6F75FF2F7FF9CBE25DEF7A5735DBAC3156873435C632A1316E0943870EAD06C69E943F2F1B999ABD98F4F6E972D1144B299634E642AE50510E30C3CBDF9B2D7A7306266B7FD384BEE215AFA81ADE34AF3FF8C10F8AAF7CE52BC5A73EF5A9E22D6F794BF1ED6F7FBB6B1D729AD5F24D7035BB9C75C1697873DF7DF7DD5745BE7FF0C107ABE70F1F3EBC5A0AF1C637BEB15A7A91D77EFDEB5F5FDDDE7CF3CDABC7EBBFC7CF7EF6B3AA29CFF7698CF3DC77BCE31D55639C59EC77BEF39DD55A678DB13AA40E19CB84C6B825E497A537F4F4E6988D11BD554C72CA7AD9B265EBF5DCFEB4C1AA871AE3071AAE4831A66C88B76A86357B59EBBBDD76DB55CD6A1D695EF7D8638FE2B39FFD6CD520A7417DE289278A6F7CE31BABAD3BEE2EBEF9CD6F56AF9D19DEF7BFFFFDD51AE6AC19CE63698073FBBDEF7D6FD70C7072208F6FB6D966D5128E34C6A3478FAE1AEC34C659A25137DB7DBD31EEEB75286F9C1AD78CDF70C30DC575D75D572DA1B9FDF6DBFB751D3296AD3B9E7EFAE9EA2C537D3B1B81738C73866B63E6E4030F3CD0F2B9A5316E3243860CF9474FCF18974DDEC2169931BEBD7C77BDCF273FF9C9CD7AEBF453AE2E9059C1AC0FCDEDB7BFFDED550354C79BDFFCE6D59E6F83D546CF8D59650E9CF17CD730EEADDC48C37BF8E1877745AE4E512FA5C8D5295EF39AD714E3C68DAB1A9414FAA38E3AAA6AA6F37D3ECC27C73C83456EA781AD0780E4417E76F7DD77AF9642E4796994733BF7D78DF157BFFAD5EAB1E4C18F7FFCE375AE313603D337EA50F2286BC9EBDBD9E4B9DF7EFB15BBEDB65BD7990975480E35C645175DB4DA3E879CD1CAEDABAFBE7AB5FFBBD48AD495EE22E35F9AECC6D79E39736635FEE5F5920B754ED5D16AB9A5316E3223478E5CD9D36B8C1F7DF4D1FB9A7C8DF16A45A4379B9F134E38A13A555D372D9919ECECECAC3649A531CA86ABC6E7DB60B5D1971A6DB53ECFEB8DDC4821FFE8473F5A3529592F9C59E2BA31CEE39FFBDCE78A030F3C70AD35C6F5ED7DF6D9A71A5C325BD2F8BA193CB26638EB8FD3F424574E3FFDF4EA76E39AE1CCC224071B9752AC991BB95AC699679EA9316EE13A946BDCA789C8D2981FFEF087C5873EF4A1AAE94D9DF8C8473E526CBFFDF6D59BA62CED5187E450DDB8E6F8E48DF87BDEF39EAA29AE2772727F966FE57979539EE3FBBBDFFD6EADB8F8E28B8B7CF05872A4F1B5A74F9F5EE5D60E3BEC50CD48E77577DC71C72A47EAE7B45A6E698C9BCC71C71D37A7A7AF4A3161C284AB9BF4AA14B764C3D59A45A4B706A4BBEEBAABFA65CDACDE9E7BEE59CDDAA4201C71C411D5151972DA7ACDC6D806ABDED11B8D718EFD05175C507DDFD1D191F5CF5581CFAC5C66F2727CBEF5AD6FADD5AC647945668CF377CE5AE40C56196CEAE7650D719ADD4F7FFAD3551394DC48FEE576EE7FBE35C669C433A8D4034A660E070C18A0316EE13A548E11C5965B6E59D5802CD3C9F1CDA6CFBC214B639CFB72D9C04B2FBD541D9243ABCD16E70D53DEBCD791BA94FBD380D6CFFDF8C73F5ECD0AE738D691DB69647FFBDBDF7635C673E7CEED6A6833939B663B0DF0F7BEF7BDEA39B93FFFF6BFFCE52F2D975B1AE3265316B9B37BFA3AC665D1BCAAC9AE63BCCE77D5BD3D20659625BFCC59C3994290B57C196C723B8523F7D58DB10D56FDB331CEB14AD3929CC88C718A771A95934E3AA93AFE8DEBE3B21C224D4A7EE6A52F7D6971D965971573E6CCA98E6906857A0DDE8D37DE584C9D3AB56B2D698E77BD8E2FFFCE7AC62F5FF7DF7FFF2A7F726A323999D7C9E095BF531AE99C963CE6986334C62D5C8712E79E7B6E550332C33776ECD8EA0D5396D2A4314E839C5CCACCB03A24871299EDCDF1C95AF3C6FB73DC73FF840913BAEECB5AF5CB2FBFBC5A6251C795575E594DFE3436C6C3860DAB7265DF7DF7ADC6C1D4963A723B67CA52D7EA6BB7B7526E698C9BCCE8D1A3FFBD4CA4BFF7E027DF2D6F6F6FFF9F66FAE4BB666D7EEEBEFBEEE2BBDFFD6ED75AD0DC9702F0D39FFEB4FA3E45A36E8C6DB0EA7F8D7166313253978125CDC941071D54CD18A7315ED7F3D3ACA499C92CF3C2850BBBEE5FBA746935C3D7785F1DB91E72068C9C4A5CF3B15FFCE217D54C60FEDCE4441AA67AAD5FFE5E5FF8C217AAC1ECE1871FD618B778AE6576AEAE017BEDB557D560A446A431CE9BA0DCCEF15787E450E38C71F223679BEAA8CF4035CE18DF71C71DEBCC919CC96E6C8CF3A62CD76FCF6B273FD68C3C3767C2EA7AD34AB9A5316E42471E79E4FD5947D643CB282E289BE21B0C48FF3CF2AE79EBADB7EE9A7D3BF1C413ABC63803533EC63BEF90EBC6D806ABFED7AC088D714F44DE50D53520A79533E3FBC10F7EB03A1390C6276FAAEAE7AA4372A85E0678F2C927576F90B3F42FC72E7994DBB9BF715FC38C1933AAC79327F9FEB9FFCFAA616E6C8C1379135ECFFAE6EC57961AD657E5C9F3B2DCB071AF44ABE496C6B8091D78E08103CA77FAAB7A60D6F8F1F6F6F63BDBDADA3A0C48EBB7133C1B5BD20067AD68DE41A731FEC0073E50ADDBCCA5B9BA5B636C8395C65863AC31DE1891F59A99E14D0DC886CE2C9749BD48AD48639C75EA990D4CD3A20EC9A1BA81CDEC6EC6AA3163C6143BEDB45395274B962CA9965F65DDFA9A8D71666D73DC735CBB6B8C1B234B751A5F274B1E7216AB15734B63DCA43A3B3B67E61DDBA694F5CC992DFE67EB9F0C48FFFFE96E29249939CEE5B8F2CBDADD520A1BAC34C64263BCA9D71867ED79AE4C91359A99F54D639C3358399B75CE39E7A84372A8CA8B1C93CCBEE6D337D350CE9E3DBBCAA134CC39A62F7BD9CBBAAE4CF1A73FFDA93AEEB9A45A963824D2D0A6615E9FC638B3D3594E9619DFC6C6B895724B63DCA4B2E677D8B061CB92C09BC2CC99332F2BFF8C056D6D6DBB1890D62FB266AF9E9D49D148B1C8809477BB9945AE3753E592363658698C85C678534466EEF2FB9E19DF6C92CA9BF1DCCE63392D9DF5986BFE8C3AD47F73286717327B9B653359E290A634673C33439BE39B3D0EC9A52CB7A93FA8236722F2FCFA35B2F12EB3B8B9B2C4165B6CB1CE3F27AF91DCAB5F3797AFCC65E2EAC75B29B734C64DACA3A363706767E733F950898DA94CF81BDBDBDB1F6CD52514BD352065F35D6687E7CD9BD7B5A129C5248D701D291E79676E8395C658688C3745E40A02B9166D668133EB97CB6ED575241F3F9E0DC2367ACAA1C675E6B90E71BD69339B813FF1894F540D66C6AB5CB22F670D9E7CF2C9E75DBE934B0266B960AEB0B3AEE7E4EC432EAB96D759573EB5526E698C9BDCE0C183878D1831E2A98D35739C99E234C503070E1C6540121A63A159916B724D0E098D714B299BD8411D1D1D4B2FBDF4D2A7376043DEE3A79F7EFA39593E51C6500392D0180B038D5C936B7248688C5B52D61CB7B7B74FE9ECEC5C78E79D772E7B21D7299E3871E28565637D7B36DAB5F29A62C54431911B72431D121A632187686C90F74B833C74E8D0C563C78EBDF7C61B6F7C70FEFCF90BB24E28962D5BB6F0D1471FBD6FF2E4C9578E1933E69AC18307CF4D439C59E256BDFA8462A298C80DB9A10E098DB1904374AB6C78B76F6B6B3BBC6C782F2EE38132963FF799ECF9FA701957E4639E5BF113ED1413C5446EC80D7548688C851C02C54431911B72431D121A6321874031514CE486DC508784C658C821504C1413B92137D421A1311672081413C5446EC80D7548688C851C02C54431911B72431D121A6321874031514CE486DC508784C658C821504C1413B92137D421A13176ECE41028268A89DC901BEA90D018CB2139048A89622237E4863A24E49A1C9243A098282672436EA84342AEC92139048A89622237E4863A24E49A1C9243A098282672436EA84342AEC92139048A89622237E4863A24E49A1C9243A098282672436EA84342AEC92139048A89622237E4863A24E49A1C9243A098282672436EA84342AEC92139048A8962D20BA64C99E298344F2C2F7363953A24343572480E8162A298F482E9D3A72F58BC78B1E3D204317FFEFC8BCADC98A50E094D8D1C9243A0982826BD60EAD4A9FF316DDAB427162D5AB4CCB1E9BD99E234C593274F7EB08CFDD421A1A9914372081413C5A49794CDD83EE5DFE9F69CC6CFDF4DF478E4FF7D565F6E8AD52175480EC921504C846202EA903A2487E41034131BAC6CB0027548B47A1D92437208360A1BAC6CB0027548B47A1D92437208360A1BAC6CB0027548B47A1D92437208361A1BAC6CB00275481D6AF53A2487E410000000000000000000000000000000000000000000000000F429FF07D2B6F7F79906C23B0000000049454E44AE426082, 1);
INSERT INTO `act_ge_bytearray` VALUES ('0f502720-7189-11e9-bfea-befa298f3cc7', 1, 'source', NULL, 0x7B226964223A2263616E766173222C227265736F757263654964223A2263616E766173222C227374656E63696C736574223A7B226E616D657370616365223A22687474703A2F2F62336D6E2E6F72672F7374656E63696C7365742F62706D6E322E3023227D7D, NULL);
INSERT INTO `act_ge_bytearray` VALUES ('1262b7d7-7d3c-11e9-baed-1adfe5f2fe72', 1, '请假流程.bpmn20.xml', '1262b7d6-7d3c-11e9-baed-1adfe5f2fe72', 0x3C3F786D6C2076657273696F6E3D22312E302220656E636F64696E673D225554462D38223F3E0A3C646566696E6974696F6E7320786D6C6E733D22687474703A2F2F7777772E6F6D672E6F72672F737065632F42504D4E2F32303130303532342F4D4F44454C2220786D6C6E733A7873693D22687474703A2F2F7777772E77332E6F72672F323030312F584D4C536368656D612D696E7374616E63652220786D6C6E733A7873643D22687474703A2F2F7777772E77332E6F72672F323030312F584D4C536368656D612220786D6C6E733A666C6F7761626C653D22687474703A2F2F666C6F7761626C652E6F72672F62706D6E2220786D6C6E733A62706D6E64693D22687474703A2F2F7777772E6F6D672E6F72672F737065632F42504D4E2F32303130303532342F44492220786D6C6E733A6F6D6764633D22687474703A2F2F7777772E6F6D672E6F72672F737065632F44442F32303130303532342F44432220786D6C6E733A6F6D6764693D22687474703A2F2F7777772E6F6D672E6F72672F737065632F44442F32303130303532342F44492220747970654C616E67756167653D22687474703A2F2F7777772E77332E6F72672F323030312F584D4C536368656D61222065787072657373696F6E4C616E67756167653D22687474703A2F2F7777772E77332E6F72672F313939392F585061746822207461726765744E616D6573706163653D22687474703A2F2F7777772E666C6F7761626C652E6F72672F70726F63657373646566223E0A20203C70726F636573732069643D22413122206E616D653D22E8AFB7E58187E6B581E7A88B2220697345786563757461626C653D2274727565223E0A202020203C646F63756D656E746174696F6E3EE8AFB7E58187E6B581E7A88B3C2F646F63756D656E746174696F6E3E0A202020203C73746172744576656E742069643D2273746172744576656E7431223E3C2F73746172744576656E743E0A202020203C757365725461736B2069643D227369642D34434431344430332D353733322D343345342D394134432D35414342454445323036344222206E616D653D22E7BB84E995BFE5AEA1E689B92220666C6F7761626C653A61737369676E65653D2279616E676875696D696E223E0A2020202020203C657874656E73696F6E456C656D656E74733E0A20202020202020203C6D6F64656C65723A61637469766974692D69646D2D61737369676E656520786D6C6E733A6D6F64656C65723D22687474703A2F2F666C6F7761626C652E6F72672F6D6F64656C6572223E3C215B43444154415B747275655D5D3E3C2F6D6F64656C65723A61637469766974692D69646D2D61737369676E65653E0A20202020202020203C6D6F64656C65723A61737369676E65652D696E666F2D656D61696C20786D6C6E733A6D6F64656C65723D22687474703A2F2F666C6F7761626C652E6F72672F6D6F64656C6572223E3C215B43444154415B79616E676875696D696E4065636F64652E6E65742E636E5D5D3E3C2F6D6F64656C65723A61737369676E65652D696E666F2D656D61696C3E0A20202020202020203C6D6F64656C65723A61737369676E65652D696E666F2D66697273746E616D6520786D6C6E733A6D6F64656C65723D22687474703A2F2F666C6F7761626C652E6F72672F6D6F64656C6572223E3C215B43444154415B79616E676875696D696E5D5D3E3C2F6D6F64656C65723A61737369676E65652D696E666F2D66697273746E616D653E0A20202020202020203C6D6F64656C65723A696E69746961746F722D63616E2D636F6D706C65746520786D6C6E733A6D6F64656C65723D22687474703A2F2F666C6F7761626C652E6F72672F6D6F64656C6572223E3C215B43444154415B66616C73655D5D3E3C2F6D6F64656C65723A696E69746961746F722D63616E2D636F6D706C6574653E0A2020202020203C2F657874656E73696F6E456C656D656E74733E0A202020203C2F757365725461736B3E0A202020203C73657175656E6365466C6F772069643D227369642D30443443324238332D373230352D343937352D384531452D3844423531323832393239342220736F757263655265663D2273746172744576656E743122207461726765745265663D227369642D34434431344430332D353733322D343345342D394134432D354143424544453230363442223E3C2F73657175656E6365466C6F773E0A202020203C757365725461736B2069643D227369642D31463541364145332D363141372D344135442D424437342D44323841444245364534314222206E616D653D22E983A8E995BFE5AEA1E689B92220666C6F7761626C653A61737369676E65653D2231303637323436383735383030303030303031223E0A2020202020203C657874656E73696F6E456C656D656E74733E0A20202020202020203C6D6F64656C65723A61637469766974692D69646D2D61737369676E656520786D6C6E733A6D6F64656C65723D22687474703A2F2F666C6F7761626C652E6F72672F6D6F64656C6572223E3C215B43444154415B747275655D5D3E3C2F6D6F64656C65723A61637469766974692D69646D2D61737369676E65653E0A20202020202020203C6D6F64656C65723A61737369676E65652D696E666F2D656D61696C20786D6C6E733A6D6F64656C65723D22687474703A2F2F666C6F7761626C652E6F72672F6D6F64656C6572223E3C215B43444154415B726F6F744072656E72656E2E696F5D5D3E3C2F6D6F64656C65723A61737369676E65652D696E666F2D656D61696C3E0A20202020202020203C6D6F64656C65723A61737369676E65652D696E666F2D66697273746E616D6520786D6C6E733A6D6F64656C65723D22687474703A2F2F666C6F7761626C652E6F72672F6D6F64656C6572223E3C215B43444154415B61646D696E5D5D3E3C2F6D6F64656C65723A61737369676E65652D696E666F2D66697273746E616D653E0A20202020202020203C6D6F64656C65723A696E69746961746F722D63616E2D636F6D706C65746520786D6C6E733A6D6F64656C65723D22687474703A2F2F666C6F7761626C652E6F72672F6D6F64656C6572223E3C215B43444154415B66616C73655D5D3E3C2F6D6F64656C65723A696E69746961746F722D63616E2D636F6D706C6574653E0A2020202020203C2F657874656E73696F6E456C656D656E74733E0A202020203C2F757365725461736B3E0A202020203C73657175656E6365466C6F772069643D227369642D32434146354230452D423434332D344246412D414638382D3231324132323730373241332220736F757263655265663D227369642D34434431344430332D353733322D343345342D394134432D35414342454445323036344222207461726765745265663D227369642D31463541364145332D363141372D344135442D424437342D443238414442453645343142223E3C2F73657175656E6365466C6F773E0A202020203C757365725461736B2069643D227369642D42314246453833452D343637382D343637322D414446422D45423231433234394442424222206E616D653D22E68E92E995BFE5AEA1E689B9223E3C2F757365725461736B3E0A202020203C73657175656E6365466C6F772069643D227369642D44373032423934442D353938462D343632342D394633372D4634343033323336413331362220736F757263655265663D227369642D31463541364145332D363141372D344135442D424437342D44323841444245364534314222207461726765745265663D227369642D42314246453833452D343637382D343637322D414446422D454232314332343944424242223E3C2F73657175656E6365466C6F773E0A202020203C757365725461736B2069643D227369642D41364439383739462D334541452D344639412D393137312D38364245333530393043333822206E616D653D22E680BBE58FB8E4BBA4E5AEA1E689B9223E3C2F757365725461736B3E0A202020203C73657175656E6365466C6F772069643D227369642D32384539433232302D313535342D343237312D393233312D4634463232463236303441352220736F757263655265663D227369642D42314246453833452D343637382D343637322D414446422D45423231433234394442424222207461726765745265663D227369642D41364439383739462D334541452D344639412D393137312D383642453335303930433338223E3C2F73657175656E6365466C6F773E0A202020203C757365725461736B2069643D227369642D30413839393632432D343943342D344237322D423446372D31383634433331343336443822206E616D653D22E7BB84E995BFE5AEA1E689B92220666C6F7761626C653A61737369676E65653D2231303637323436383735383030303030303031223E0A2020202020203C657874656E73696F6E456C656D656E74733E0A20202020202020203C6D6F64656C65723A61637469766974692D69646D2D61737369676E656520786D6C6E733A6D6F64656C65723D22687474703A2F2F666C6F7761626C652E6F72672F6D6F64656C6572223E3C215B43444154415B747275655D5D3E3C2F6D6F64656C65723A61637469766974692D69646D2D61737369676E65653E0A20202020202020203C6D6F64656C65723A61737369676E65652D696E666F2D656D61696C20786D6C6E733A6D6F64656C65723D22687474703A2F2F666C6F7761626C652E6F72672F6D6F64656C6572223E3C215B43444154415B726F6F744072656E72656E2E696F5D5D3E3C2F6D6F64656C65723A61737369676E65652D696E666F2D656D61696C3E0A20202020202020203C6D6F64656C65723A61737369676E65652D696E666F2D66697273746E616D6520786D6C6E733A6D6F64656C65723D22687474703A2F2F666C6F7761626C652E6F72672F6D6F64656C6572223E3C215B43444154415B61646D696E5D5D3E3C2F6D6F64656C65723A61737369676E65652D696E666F2D66697273746E616D653E0A20202020202020203C6D6F64656C65723A696E69746961746F722D63616E2D636F6D706C65746520786D6C6E733A6D6F64656C65723D22687474703A2F2F666C6F7761626C652E6F72672F6D6F64656C6572223E3C215B43444154415B66616C73655D5D3E3C2F6D6F64656C65723A696E69746961746F722D63616E2D636F6D706C6574653E0A2020202020203C2F657874656E73696F6E456C656D656E74733E0A202020203C2F757365725461736B3E0A202020203C73657175656E6365466C6F772069643D227369642D44363430363335432D394637382D343145302D413436432D4531364244313534323041342220736F757263655265663D227369642D31463541364145332D363141372D344135442D424437342D44323841444245364534314222207461726765745265663D227369642D30413839393632432D343943342D344237322D423446372D313836344333313433364438223E3C2F73657175656E6365466C6F773E0A20203C2F70726F636573733E0A20203C62706D6E64693A42504D4E4469616772616D2069643D2242504D4E4469616772616D5F4131223E0A202020203C62706D6E64693A42504D4E506C616E652062706D6E456C656D656E743D224131222069643D2242504D4E506C616E655F4131223E0A2020202020203C62706D6E64693A42504D4E53686170652062706D6E456C656D656E743D2273746172744576656E7431222069643D2242504D4E53686170655F73746172744576656E7431223E0A20202020202020203C6F6D6764633A426F756E6473206865696768743D2233302E30222077696474683D2233302E302220783D2239302E302220793D223135302E30223E3C2F6F6D6764633A426F756E64733E0A2020202020203C2F62706D6E64693A42504D4E53686170653E0A2020202020203C62706D6E64693A42504D4E53686170652062706D6E456C656D656E743D227369642D34434431344430332D353733322D343345342D394134432D354143424544453230363442222069643D2242504D4E53686170655F7369642D34434431344430332D353733322D343345342D394134432D354143424544453230363442223E0A20202020202020203C6F6D6764633A426F756E6473206865696768743D2238302E30222077696474683D223130302E302220783D223135302E302220793D223132302E30223E3C2F6F6D6764633A426F756E64733E0A2020202020203C2F62706D6E64693A42504D4E53686170653E0A2020202020203C62706D6E64693A42504D4E53686170652062706D6E456C656D656E743D227369642D31463541364145332D363141372D344135442D424437342D443238414442453645343142222069643D2242504D4E53686170655F7369642D31463541364145332D363141372D344135442D424437342D443238414442453645343142223E0A20202020202020203C6F6D6764633A426F756E6473206865696768743D2238302E30222077696474683D223130302E302220783D223238352E302220793D223132302E30223E3C2F6F6D6764633A426F756E64733E0A2020202020203C2F62706D6E64693A42504D4E53686170653E0A2020202020203C62706D6E64693A42504D4E53686170652062706D6E456C656D656E743D227369642D42314246453833452D343637382D343637322D414446422D454232314332343944424242222069643D2242504D4E53686170655F7369642D42314246453833452D343637382D343637322D414446422D454232314332343944424242223E0A20202020202020203C6F6D6764633A426F756E6473206865696768743D2238302E30222077696474683D223130302E302220783D223435352E302220793D223132352E30223E3C2F6F6D6764633A426F756E64733E0A2020202020203C2F62706D6E64693A42504D4E53686170653E0A2020202020203C62706D6E64693A42504D4E53686170652062706D6E456C656D656E743D227369642D41364439383739462D334541452D344639412D393137312D383642453335303930433338222069643D2242504D4E53686170655F7369642D41364439383739462D334541452D344639412D393137312D383642453335303930433338223E0A20202020202020203C6F6D6764633A426F756E6473206865696768743D2238302E30222077696474683D223130302E302220783D223630302E302220793D223132352E30223E3C2F6F6D6764633A426F756E64733E0A2020202020203C2F62706D6E64693A42504D4E53686170653E0A2020202020203C62706D6E64693A42504D4E53686170652062706D6E456C656D656E743D227369642D30413839393632432D343943342D344237322D423446372D313836344333313433364438222069643D2242504D4E53686170655F7369642D30413839393632432D343943342D344237322D423446372D313836344333313433364438223E0A20202020202020203C6F6D6764633A426F756E6473206865696768743D2238302E30222077696474683D223130302E302220783D223435352E302220793D223232352E30223E3C2F6F6D6764633A426F756E64733E0A2020202020203C2F62706D6E64693A42504D4E53686170653E0A2020202020203C62706D6E64693A42504D4E456467652062706D6E456C656D656E743D227369642D44373032423934442D353938462D343632342D394633372D463434303332333641333136222069643D2242504D4E456467655F7369642D44373032423934442D353938462D343632342D394633372D463434303332333641333136223E0A20202020202020203C6F6D6764693A776179706F696E7420783D223338342E39353030303030303030303030352220793D223136302E30223E3C2F6F6D6764693A776179706F696E743E0A20202020202020203C6F6D6764693A776179706F696E7420783D223432372E352220793D223136302E30223E3C2F6F6D6764693A776179706F696E743E0A20202020202020203C6F6D6764693A776179706F696E7420783D223432372E352220793D223136352E30223E3C2F6F6D6764693A776179706F696E743E0A20202020202020203C6F6D6764693A776179706F696E7420783D223435352E302220793D223136352E30223E3C2F6F6D6764693A776179706F696E743E0A2020202020203C2F62706D6E64693A42504D4E456467653E0A2020202020203C62706D6E64693A42504D4E456467652062706D6E456C656D656E743D227369642D30443443324238332D373230352D343937352D384531452D384442353132383239323934222069643D2242504D4E456467655F7369642D30443443324238332D373230352D343937352D384531452D384442353132383239323934223E0A20202020202020203C6F6D6764693A776179706F696E7420783D223131392E39343939383730323932363837332220793D223136352E30223E3C2F6F6D6764693A776179706F696E743E0A20202020202020203C6F6D6764693A776179706F696E7420783D223134322E352220793D223136352E30223E3C2F6F6D6764693A776179706F696E743E0A20202020202020203C6F6D6764693A776179706F696E7420783D223134322E352220793D223136302E30223E3C2F6F6D6764693A776179706F696E743E0A20202020202020203C6F6D6764693A776179706F696E7420783D223135302E302220793D223136302E30223E3C2F6F6D6764693A776179706F696E743E0A2020202020203C2F62706D6E64693A42504D4E456467653E0A2020202020203C62706D6E64693A42504D4E456467652062706D6E456C656D656E743D227369642D32384539433232302D313535342D343237312D393233312D463446323246323630344135222069643D2242504D4E456467655F7369642D32384539433232302D313535342D343237312D393233312D463446323246323630344135223E0A20202020202020203C6F6D6764693A776179706F696E7420783D223535342E393439393939393939393930372220793D223136352E30223E3C2F6F6D6764693A776179706F696E743E0A20202020202020203C6F6D6764693A776179706F696E7420783D223539392E393939393939393939393830372220793D223136352E30223E3C2F6F6D6764693A776179706F696E743E0A2020202020203C2F62706D6E64693A42504D4E456467653E0A2020202020203C62706D6E64693A42504D4E456467652062706D6E456C656D656E743D227369642D32434146354230452D423434332D344246412D414638382D323132413232373037324133222069643D2242504D4E456467655F7369642D32434146354230452D423434332D344246412D414638382D323132413232373037324133223E0A20202020202020203C6F6D6764693A776179706F696E7420783D223234392E393439393939393939393532372220793D223136302E30223E3C2F6F6D6764693A776179706F696E743E0A20202020202020203C6F6D6764693A776179706F696E7420783D223238342E39393939393939393939373230332220793D223136302E30223E3C2F6F6D6764693A776179706F696E743E0A2020202020203C2F62706D6E64693A42504D4E456467653E0A2020202020203C62706D6E64693A42504D4E456467652062706D6E456C656D656E743D227369642D44363430363335432D394637382D343145302D413436432D453136424431353432304134222069643D2242504D4E456467655F7369642D44363430363335432D394637382D343145302D413436432D453136424431353432304134223E0A20202020202020203C6F6D6764693A776179706F696E7420783D223338342E39343939393939393939383639372220793D223136302E30223E3C2F6F6D6764693A776179706F696E743E0A20202020202020203C6F6D6764693A776179706F696E7420783D223432302E302220793D223136302E30223E3C2F6F6D6764693A776179706F696E743E0A20202020202020203C6F6D6764693A776179706F696E7420783D223432302E302220793D223236352E30223E3C2F6F6D6764693A776179706F696E743E0A20202020202020203C6F6D6764693A776179706F696E7420783D223435342E39393939393939393939353534332220793D223236352E30223E3C2F6F6D6764693A776179706F696E743E0A2020202020203C2F62706D6E64693A42504D4E456467653E0A202020203C2F62706D6E64693A42504D4E506C616E653E0A20203C2F62706D6E64693A42504D4E4469616772616D3E0A3C2F646566696E6974696F6E733E, 0);
INSERT INTO `act_ge_bytearray` VALUES ('12722128-7d3c-11e9-baed-1adfe5f2fe72', 1, '请假流程.A1.png', '1262b7d6-7d3c-11e9-baed-1adfe5f2fe72', 0x89504E470D0A1A0A0000000D49484452000002C60000013B0806000000DE8C47EF00001DE04944415478DAEDDD099094D5BD37E0A8C4DD728F6B34FAC5A54A8D5A31C6184D2CA3899658574B09613122528EE086B8A1E206C6A016492CAF6B5C12E3E71A5444A33203228BA218A20812C5CB228EC070555033404C726EFF4FE59D1A9671CB30DD33FD3C55A79C5E1806FBD7A77F7DFABCEF7CE52B00000000000000000000000000000000000000000000000000000000000000000000000000000000000000000000000000000000000000000000000000000000000000000000000000000000000000000000000000000000000000000000000000000000000000000000000000000000000000000000000000000000000000000000000000000000000000000000000000000000000000000000000000000000000000000000000000000000000000000000000000000000000000000000000000000000000000000000000000000000000000000000000000000000000000000000000000000000000000000000000000000000000000000000000000000000000000000000000000000000000000000000000000000000000000000000000000000000000000000000000000000000000000000000000000000000000000000000000000000000000040BB9552EA346BD6AC87274D9AF4CFD1A347A7DADA5AA38D475D5D5D1A376EDCFF96464FD930DA433600A0438AE2337EFCF8D4D0D090962F5F6E94692C5AB4283DF7DC734B4A45E844D9302A3D1B00D021C56AA0E253310568796D6DED0CD9302A3D1B00D021C547E48A47E58C52F9F944368C4ACF06007448B18F51E9A8A8F29364C3A8F46C00405517E38F17CF4FB326DF9DA6D70DCE23BE8EEB1416C5583614E3727290A88344654886A04DCBCF471FD4A769CF5C965E7DF28215465C17B7292DD55B8C6543312E3707893A4854866408DAB4FCCC9BFEF82AC5A718EF4C1FE9095DC5C5583614E3727390A88344654886A04DCBCF8C67AF6DB1FCC46D9ECCD55B8C6543312E3707893A4854866408DAB4FC4CABBDB2C5F213B77922576F31960DC5B83DE4D49053199221507E4C08B2211BE6300789CAA90CC910B4E6841013404BE5276EF344AEDE622C1B5E2CDA434E1D242AA7322443D06A13C2CC89FFDD62F989DB3C91ABB718CB86178BF690530789CAA90CC910B4DA84F05EFDD4346DD415ABBE532E5D17B77922576F31960D2F16ED21A70E12955319922168B50921C6EC97EF59653288EB3C89FD820FD9F06251E939B5175E4E654886A0F5CACFB26569E6F3B7ACFA5179E9BAB8CD13B98A8BB16C78B1506A0CC5D8636FAEA35A5E54E2A0823727DED8E28410B739F0A03A8BB16C78B1682FA5C641A2722A433204FFD984B06C599A3F734C7AEDE94B5A9C0C8A11F789FB5A21AC92622C1B5E2CDA59A97190A89CCA900CC1979E103E6B25D00A61F51663D9908DF6586A1C242AA7322443F0A52784CFB312F8692B849ED81DB718CB866CB4C752E3205139952119822F3D217CD9E2530C4FEC8E5B8C654336DA65A97190A89CCA900C416BBE533614634336DAE31CE620513995211902E5C784201BB251DD73988344E554866408941F13826CC846B5CF610E129553199221507E4C08B2211BE6300789CAA90CC910283F2604D9900D73988344E554866408941F13826CC88639CC905319922130219810644336CC61869CCA900C8109C184201BB2610E930F3995211902138209413664C31C26A7722A43324459A594D69F3A756ACDEF7FFFFBE7860E1DBAE4ECB3CFFEA457AF5EE9673FFB59EAD9B3E7BFFAF6EDBBFCD24B2F9D75EDB5D7DE5B1A7B98100CC5D8F06221A7722A4386B9AEC315E2E1C387DF3364C8904FFAF7EF9F6EBBEDB63469D2A4545F5F9F962E5D9A42FCB7A1A121FDF9CF7F4EA5E29CCE39E79C7F9D7BEEB9734E3BEDB43E2604433136BC58C8A99CCA9061AE6BF74A05B8F7D5575FBDEC820B2EC8A5F71FFFF847FABC5E79E5953470E0C07FD4D4D4CCE8D2A5CB374D0886626C78B19053399521C35CD71E57893B8D183162CCE9A79F9E468E1CF9850AF1CA9E7EFAE9D4BB77EFC64A5A3D3621981064433614634331F6D8C9109FAB148F1D3BF6A5B3CE3A2BBDF9E69BA935CC993327954A76639F3E7DCE3021188AB1E1C5424EE554860C735DBB102BC5518A63CF706B8AEF77DA69A77DD4AD5BB79E6BEA672F7DEFDAD238C4846042900DD9508C0D39952119E23F127B8A63FB446BAD14AF6EE5F8E73FFFF907A582B2E79AF8F9E30C1931A20475EDDAF520138209413664433136E4548664882FB38562FDC183072F8F3DC56BD2934F3ED9D8A3478F17D664F969369E5ADD2AA109A17A8BB16CC886626CC8A90CC9109FE9D1471FFDFF71F689BFFFFDEF694DEBD7AFDF8235B1A56235E5A76995B07909322128C6B2211B8AB1A1187BEC648816578BE33CC5714AB6B6F0EAABAF2E5F13ABC62D959FE6AB84F131BA094131960DD9508C0DC5D8632743AC56FC46BB38E0EE3F392DDB17D5BB77EF05A532F28D362E3F79946B4278F1C517536363E3E7BAEFFBEFBF9FE6CF9FFF85BEFFC48913D30D37DCD0E2ED3366CC488F3EFA68FE7ACA9429E99D77DE49CB962DCB3FD7C2850BCB36217CDEC7AD2D46B9B2F1F6DB6FA7DFFEF6B769D1A245F9F27BEFBD971F933868357E99CE471F7D241B153E5A630E7390A8522343324405885FF37CC71D77A4B6F4EB5FFFFA95D28BC9F96D548C2777EDDAB5F361871DD6A95C1342149C0D36D8205D7EF9E5F9F2AEBBEE9AB6DE7AEBA6B1C30E3BAC70FF010306A4ADB6DA6A85EB9E7FFEF974E8A187A6B7DE7A2B5F7EE18517D299679E19BF69308F3DF7DC339E58716ABCA6EBE2F6F87371FF5B6EB9256DB6D966F9EB9D77DE395D73CD35F9EB75D75D37DD77DF7DD5BA625CD66CC463397CF8F074DD75D7E5C7EEE69B6F4EF7DF7F7FEAD1A347BE5C8C781C65A3BC3EADFCB656317690A8522343324405183A74E892F835CF6DA9F4823CA7F4E41DB986CBCF0AA5A79C13C2E0C183D3965B6ED9B4FAB6DD76DBA59A9A9AF4E0830FA6F3CE3B2F6DBEF9E62BDC3F0AF4F6DB6F9FBF9E366D5A3AF9E493D3DA6BAF9DF6DB6FBFA632137F36CA4E6902CCE3D8638F4DFBECB34F3AE184139AAE5B6BADB572B18995BF7EFDFAA54D36D9243DF5D453698F3DF648D75F7F7DFE3E1B6EB8617AE49147D2EBAFBFFE855722DB7131AE886CFCE10F7FC88F7D3C8EDB6CB34DDA68A38DF2E5E38F3F3E17DDB163C7E6DBA2B8CA46F5146307892A3532244394D1D9679FFD49BCE8B5A5050B1634949EB0F3D6D484509A088E5BB9F4946B42885F8F1DA5233ECA3EE49043D26DB7DD968BCDB9E79E9B468D1A95060D1AB44A31BEE28A2BF27D62F5304ACF2EBBEC9262557FE9D2A54DF779E9A597D291471E999F50757575F9FB4719BAE79E7BF2E5B8FEE8A38FCE65E98C33CEC82527CAD0DE7BEF9DCBCFC08103D3F4E9D3F3F577DD7557DA6BAFBDF28A62072FC62F545236625C7AE9A5E9BBDFFD6EFADBDFFE96DF3CC5E31C45F5A8A38ECA8FE9D7BEF6B5F4E1871FCA4675166307892A35322443B4B55EBD7AE517D5B6147F5FE9C9BAB4952784BC0AF8592F526D3D21C48A5E94924E9D3AE58FA6274F9E9C8B4D5C8EED15715D518C63AF691492D29B95BC82187B3FA3D4C4756FBCF1461EF1F5DCB973F3FDFBF4E993FF7CAC40C7C7EBF1F7C4D68CB8BCDE7AEBE5DB8B9FE3F6DB6FCFC52BBE8EF213F7DD6DB7DD72F98995CADD77DF3DEF67EDA0C578B52BC4E5CE46ECFD8D121A3988C21B8FC9AF7EF5ABF4D39FFE34FDE8473F4A3BEDB453BAF8E28B65A3CA8BB18344951A199221DAF889540EE53A10A6AD2784D75E7B2D5D75D555B96C1407404531BEF5D65BF3D70F3DF45053318E6D15CDF796B6342EBCF0C27CFF58C5DB7FFFFDF33ED5D8171AB745C989CBFBEEBB6FD32A5F1C4815B747198F8FE9A3FCC44A7594A8283FF1317C51A8FC4AE8B6FBB7C75EDF6DB7DD3697D56244793DF8E083D38F7FFCE35C90A3A02E5EBC58362ABC1877F48344E34D57F3FDE6E3C78F4FCF3EFB6CDE7E136FF61D40DCBE465B64E8E38F3FCE9F501597E320E2788CE3D3B1D6CCE4ECD9B3DB7DB614E30A73F2C927FFABAD578C1B1B1B17B4F68A71A5969F279E78226DB1C51669E38D374E471C71441A3264482EC6871F7E788AB381C447E645318E179278429E7FFEF9B930C5D7F14B578A521D97A3A4144FD428379B6EBA693AE8A083F2C7DD71BF28437139AE2FCACF29A79C926F8B15C49B6EBA69B5FB48BD532ECFC78B5178FBF7EFDF34E2EC14C5568A383B453C8EB1FD46362AB718B7C16A5FD90F208E0CC696B0E2721C207AE28927A66F7FFBDB4D9F6A3880B8A2578CDB3C430F3CF0C00AC748C4A76171F94F7FFAD30AFFEF629E8939A9A5119FA845C96EFEBDA74E9D9A1711E2FB45168A4C15A3BD654B31AE30A572B6BCADF718BFFBEEBB6FB4F61EE34A2D3FF182B2E38E3BE6A273D14517A538D0318AF101071C90BA74E99257075BDA635C5CEEDCB9739E04E25D6DF3FBC5933CF685C61ED378718A27FEB061C3F2E5E6FB42E3DD7214B0E61F97AF5C7EE28C0837DE78A362DCC6FFFE988CBFFFFDEFE7A211FB856395B828C671FB4F7EF29374EAA9A7CA467516E38A384834CE711F2522B6D5FCE637BF49071E78602EBD7110E7F7BEF7BD3CBFC51BAED816E420D18A2BC665C95014D7787CE24DFCB7BEF5AD5C8A8B3330C5F5B1F52BEE176FE8E3F1FDE31FFFB8CA78F8E18753FCE2B1C848F3EF3D6EDCB89CADAF7FFDEB79453ABEEF37BEF18D9C91E23EED2D5B8A7185B9ECB2CB66B6F559299E79E6993FB5F659292AB5FCC4C731717EDA58398E15C178C2B5B49562E51795F8083D5605E3678EFDA631A9C4A450DC2FF68946A18995E878B18A89200EF08BCB71FDA7ED238DB2153F4BF1C48F159E28EA8A71DBFEFBE3B1BFF7DE7BF3D73D7BF64CA517B13C49C7CA5AACC6C5E3136FA864A3AA8A71451D245A7A8DC89F784591882D3E918D386034DECC45318EEBE294838F3DF69883442BA718973543C56A71BC618A37FEC588392DAE8F025ADCF7073FF8415E158EC7B11871398A6CBC3E16C578D6AC594D85365672A36C4701FEC52F7E91EF13D7C7BFFDAF7FFD6BBBCB96625C614A93DC1D6D7D1EE3D2A4F9646B9FC7B852CBCFD0A143F3132E9E94F1714E3CF1E2E0A778A2C5AA607CBC1D2F1CF1CEB8F833C57571BF75D659278D183122CD9C39333F61E37B157BA5264C9890C68C19D3B4E72FFE8E62BF55FC3B8B9599F8EF49279D945779E223A49874E2FBC424536CF1888F8F2EB9E412C5B80CC5381EE7781C629F6FAC18C7041C65E3EAABAFCE8F75F33D6EB2D1A18B71451E241AE377BFFB5D7EF3142B7C31A7C59BADD88613C5380A72E43056861D245AF69C56448662B5371E9FD86BDEFCFA78DCE3FA679E79A6E9BAD8ABFEF8E38FE72D16C58885A4386B53F362DCBB77EF9C95E38E3B2EBFE98A79A91871395E4F634E2CCEFBDE9EB2A5185798418306FDBF5290FED986BFF96E69F7EEDDFFA7B57FF35DA5969F38F82E5687E7CC99932FC7CA4AEC138D225C8CF8283BF677167F265E54E245275612172C58D074FD92254BF24A4CF3EB8A11E7BC8D27767CE4B3F26D77DE79675EB1E9DBB76F3EB02A5ED88A3D59F1F31C73CC3179D299376F9E62DCC6FFFE7883148F41BC3844C188C728568CA318AFEEFEB2D1718B7125E73456E78A0334E3F8882818F1062E8A71BC818ACB911D0789B60F6DB5621CF9884FAA8A517C7AD57CC5F8E5975F5E6D46E293ECE6C538DE94C5B9DFE37B473E561E71DFF814AD98ABDA53B614E30A3460C080B7621F591B6DA3B8B7F42233BE9A5E540CC5D8508CDB6B4EE3CDD857FE7D80667CAC1C2BBEDFF9CE77F2A708517CE20D59715F07892AC6C5F9FB7FF9CB5FE637D771CEFE78EC22477139AE6F7E4CC4ABAFBE9A6F8F9CC4D7FFFEFF990B73F3621C23DEC017ABBEF1C959EC0B2ECEE813F78B637A9A1F67D15EB2A51857A0534F3DB54BE99DFE276DB06AFC41F7EEDDA774EBD6ADA7F26328C686625CF9398DFD9AB1C21B9F3AC4C1A0C5D6B0D88217C538F6B8C76A60941607892AC645818DD5DD38C8FCCA2BAF4CDFFCE637734EE2789BD8BA15FBD6572EC6B16A1B8F7B3CAE2D15E3E623B6EA34FF3EB1E5213E016B8FD9528C2B544D4DCDD478C7B626C57EE6582DFEACFD4FCA8FF2231B86625C39392DF618C7BEF5383345ECD18C55DF28C6B1B5224E4379F7DD773B485431CEB988C724565FE3377746A17CF3CD377386A230C763FAD5AF7EB5E9CC147FF9CB5F9A8EC1892D0E31A2D04661FE3CC53856A7632B5AACF8362FC6ED295B8A71858A3DBFBD7BF76E8C00AF0953A74E1D51FA3BE677EBD66D4FE5C7508C0DC5B87DE43456EEE260CC58F18D83A4E280D1B81CB7C5C7D2B11F73E53FE320D1EA2DC6F1E942ACDEC6B699D8E210A534CEAC132BB4F1F8C6F11191A5D86E53FCA28EF82422EE5F7C8F38F02E5671E3CC12EBAFBFFE6AFF9EF81E91BDE2FBC6A92FE33471C5EDED295B8A7105EBD9B3678F9A9A9ABF353434B46A292E057E42F7EEDDE796730B85F2A3FCC8866C28C65F7CC41904E25CB4B10A1CAB7E71DAADE220CFF8D5E5F19B3D1D24AA1837DF671EE7212E0EDA8C03897FF8C31FE6821965374ED9179F1A7CF8E1879FBA7D274E0918E7F98FB3F3ACEE3EF1E9439C562DBECFEAF2D49EB2A51857B81E3D7AF43EEDB4D33E6AAD95E358298E52DCB56BD781CA8FA1181B8AB19CCAA90C198A71BB522AB13FEBD9B3E792C71E7BECE3FFE080BC0F860D1B76776C9F288D5E26044331361463399553193214E37629F61C77EFDE7D744D4DCD822953A6347E91F3148F1A35EAFE52B19E1C07DA957B4FB109C184201BB2A1181B4A8D0CC910ADF582706214E45EBD7A350C1D3A74FA840913E6D6D7D7CF8F7D42A1B1B171C1BBEFBEFB465D5DDD13575E79E5533D7AF4981585385689CB79F609138209413664433136941A199221D68852E1DDB15BB76EFD4B2F100F97C6ECD258FAEFDFC91EFF9D571A23E3D73C97EB37DA99104C08B2211B8AB1A1D4C8900C8109C184201BB2A1181B4A8D0CC91098104C08B2211B8AB121A732244360423021C8866C28C6869CCA900C8109C184201BB2A1181B722A433204260413826CC886626CC8A90CC91098104C08B2211B8AB121A732244360423021C8866C28C6869CCA900C8109C184201BB2A118CB879CCA900C8109C184201BB2A118CB879CCA900C8109C184201BB2A118CBA99CCA900C8109C184201BB2A118CBA99CCA900C8109C184201BB2A118CBA99CCA900C8109C184201BB2A118CBA99CCA900C8109C184201BB2A118CBA99CCA900C8109C184201BB2A118CBA99CCA900C8109C184201BB2A118CBA99CCA900CC11A347AF4684FC4CA194B4B13C227B261547A36146343313664880E69DCB871F31B1A1A3C192B60D4D7D73F509A1066C88651E9D9508C0DC5D890213AA43163C6FCD7D8B163172F5CB8B0D113B27CAB81517CEAEAEAE696C689B261547A36146343313664880EABF482DBB914C4C9F1516D04D268F311FFDF675452F1910DD9508C0DC5D8902100508C0DC5D8902100685FC5D841A20E129521190200C5F82B0E127590A80CC9100028C69983441D242A433204008AF1BF3948D441A232244300A018030080620C00008A31000028C60000A018030080620C00008A31000028C60000A018030080620C00008A31000028C60000A018030080620C00008A31000028C60000A018030080620C00008A31000028C65F564AA9D3AC59B31E9E3469D23F478F1E9D6A6B6B8D361E75757569DCB871FF5B1A3D3D3B0000C5B84CA2148F1F3F3E353434A4E5CB971B651A8B162D4ACF3DF7DC9252493ED1330400508CCB20568A95E28A29C7CB6B6B6B67788600008A7119C4F609A5B47246A9187FE219020028C665107B5C15D28A2AC60ECC040014E34A2EC61F2F9E9F664DBE3B4DAF1B9C477C1DD729B38A310040D514E38F3EA84FD39EB92CBDFAE4052B8CB82E6E536815630080AA28C6F3A63FBE4A292EC63BD3472AB48A3100407514E319CF5EDB62318EDB145AC51800A02A8AF1B4DA2B5B2CC6719B42AB18030028C68AB1620C00502DC538CE42D152318EDB145AC51800A02A8AF1CC89FFDD62318EDB145AC51800A02A8AF17BF553D3B45157ACBA8DA2745DDCA6D02AC6000055518C63CC7EF99E558A715CA7CC2AC60000D5538C972D4B339FBF65D56D14A5EBE2368556310600E8F0C5387EB3DD9B136F6C718F71DCE6B7DF29C600001DB7182F5B96E6CF1C935E7BFA92164B7131E23E715FABC78A310040872AC69FB54A6CF558310600A88A62FC7956893F6DF558C1558C01003A4431FEB2A5B8180AAE620C00D0218AB1A118030028C686620C00A0181B8A310080626C28C600008AB1A118030028C60AA9620C00A0182BC68A31008062AC182BC600008AB162AC18030028C68AB1620C00A0182BC68A31008062AC182BC600008AB162AC18030028C68AB1620C00506DC5B85BB76EB5A5718862AC1803005475318EBF234614E4AE5DBB1EA4182BC60000555D8C9B8DA756B782AC182BC60000D5568C9B56909B1764C558310600A8CA62DC7C0539B65828C68A310040598B71A58C7215E3175F7C313536367EAEFBBEFFFEFB69FEFCF95FE8FB4F9C3831DD70C30D2DDE3E63C68CF4E8A38FE6AFA74C9992DE79E79DB46CD9B2FC732D5CB850310600A882F23DB96BD7AE9D0F3BECB04E71BF7214E3868686B4C1061BA4CB2FBF3C5FDE75D75DD3D65B6FDD3476D8618715EE3F60C080B4D5565BAD70DDF3CF3F9F0E3DF4D0F4D65B6FE5CB2FBCF0423AF3CC33D339E79C93C79E7BEE1905339D7EFAE94DD7C5EDF1E7E2FEB7DC724BDA6CB3CDF2D73BEFBC73BAE69A6BF2D7EBAEBB6EBAEFBEFB146300800E5C8C5728C4857214E3C18307A72DB7DCB2696576BBEDB64B353535E9C1071F4CE79D775EDA7CF3CD57B87F14E8EDB7DF3E7F3D6DDAB474F2C927A7B5D75E3BEDB7DF7E4D4537FE6C14E16EDDBAE571ECB1C7A67DF6D9279D70C2094DD7ADB5D65AB9F4C6AA70BF7EFDD2269B6C929E7AEAA9B4C71E7BA4EBAFBF3E7F9F0D37DC303DF2C823E9F5D75FFFC2ABD48A3100406517E3174AA5F0B8950B71B98AF12BAFBC920B696C7338E49043D26DB7DD964BEFB9E79E9B468D1A95060D1AB44A31BEE28A2BF27DEEBFFFFE5C8877D9659774C71D77A4A54B9736DDE7A5975E4A471E79642E96757575F9FB4751BEE79E7BF2E5B8FEE8A38FCE45FA8C33CEC805388AF2DE7BEF9D8BF1C08103D3F4E9D3F3F577DD7557DA6BAFBDF26AB3620C00D0FE8BF16A5788CB5D8C63B5370A6BA74E9DF2B685C99327E7D21B97637B455C5714E3B7DF7E3B97D5B3CF3E3B6DB3CD36795F7014DEB8EE8D37DEC823BE9E3B776EBE7F9F3E7DF29F8F15E8D87A117F4F6CCD88CBEBADB75EBEBDF8396EBFFDF6BC6A1D5F47318EFBEEB6DB6EB9186FB4D14669F7DD774FF5F5F58A310040B568EB62FCDA6BAFA5ABAEBA2A17D1E2E0B828C6B7DE7A6BFEFAA1871E6A2AC6B1AD22EEF759E3C20B2FCCF78F15DEFDF7DF3F0D1F3E3CEF198EDBA200C7E57DF7DDB76905380EB28BDBA38C1F7FFCF1B918C74A7514EC28C6B145A328DB8A31008062BC46C6134F3C91B6D8628BB4F1C61BA7238E38220D19322417E3C30F3F3C9D75D659E9A8A38E6A2AC6B1C737CE1671FEF9E7A76DB7DD367F3D72E4C8A6521D97A3C0167B95A3F86EBAE9A6E9A0830ECA5B21E27E5194E3725C5F14E3534E3925DF16ABCB37DD74D36AF7183BF80E0040315EA323F614EFB8E38EB9005F74D14569D2A449B9181F70C001A94B972EE9E0830F6E718F7171B973E7CE798B446CAD687EBF28BEB16738F61F5F7CF1C5B9FC0E1B362C5F6EBE67384EE516ABD1CDB752AC5C8C6FBEF9E674E38D372AC600008AF19A19B18D61D1A24579E5B87FFFFEB990B6B49562E5B3522C5EBC38AF18C7CFBCD34E3BE5D3BA8D1B37AEE97EB18738CA6EAC441F78E081B918C7017E7139AEFFB43DC6A79E7A6AFE598A621CA7888BA2AE18030028C66B640C1D3A349F0D224A6B9C6B385678E3C0B858D18D55E4D8FA10679EB8E0820B9AFE4C715DDC6F9D75D64923468C483367CECC8536BE57B15779C2840969CC9831F9EBF1E3C7E7BF63F6ECD94D85B338B55BFCF7A4934ECA07E8C5F98DE3A0BFF83E714AB7628B479CDBF8924B2E518C010014E33577F05DAC0ECF9933275FBEEEBAEBF21EE228C2C5886D0EB1F7B7F83371568AD8177CEFBDF7A6050B16345DBF64C992BCCDA2F975C5183B766C5E118EF311AF7CDB9D77DE994FF9D6B76FDF7CD05D94F5E21785C4CF73CC31C7A4DEBD7BA779F3E629C600008AB1E1E03B0000C5D8508C0100146343310600508C0DC5180040313614630000C5D8508C0100146343310600508C1552C518004031568C156300001463C5180000C5583106004031568C0100508C156300001463C5180000C5583106004031568C0100508C156300001463C5180000C5583106004031568C0100508C156300001463C5180000C5583106004031568C0100508C156300001463C51800802F63F4E8D10A69E58CA5A562FC8954020094C1B871E3E637343428A51530EAEBEB1F2815E319520900500663C68CF9AFB163C72E5EB87061A3725ABE95E228C5757575734BE344A9040028935219EB5C5B5B3B393EC68F3DAE469B8FF8FF3E432906000000000000000000000000000000000000000000000000A810FF0758D762FC86253A200000000049454E44AE426082, 1);
INSERT INTO `act_ge_bytearray` VALUES ('3d00443c-712f-11e9-b070-befa298f3cc7', 1, 'source', NULL, 0x7B226964223A2263616E766173222C227265736F757263654964223A2263616E766173222C227374656E63696C736574223A7B226E616D657370616365223A22687474703A2F2F62336D6E2E6F72672F7374656E63696C7365742F62706D6E322E3023227D7D, NULL);
INSERT INTO `act_ge_bytearray` VALUES ('4de46eb7-7c73-11e9-b4d7-1adfe5f2fe72', 1, '请假流程.bpmn20.xml', '4de46eb6-7c73-11e9-b4d7-1adfe5f2fe72', 0x3C3F786D6C2076657273696F6E3D22312E302220656E636F64696E673D225554462D38223F3E0A3C646566696E6974696F6E7320786D6C6E733D22687474703A2F2F7777772E6F6D672E6F72672F737065632F42504D4E2F32303130303532342F4D4F44454C2220786D6C6E733A7873693D22687474703A2F2F7777772E77332E6F72672F323030312F584D4C536368656D612D696E7374616E63652220786D6C6E733A7873643D22687474703A2F2F7777772E77332E6F72672F323030312F584D4C536368656D612220786D6C6E733A666C6F7761626C653D22687474703A2F2F666C6F7761626C652E6F72672F62706D6E2220786D6C6E733A62706D6E64693D22687474703A2F2F7777772E6F6D672E6F72672F737065632F42504D4E2F32303130303532342F44492220786D6C6E733A6F6D6764633D22687474703A2F2F7777772E6F6D672E6F72672F737065632F44442F32303130303532342F44432220786D6C6E733A6F6D6764693D22687474703A2F2F7777772E6F6D672E6F72672F737065632F44442F32303130303532342F44492220747970654C616E67756167653D22687474703A2F2F7777772E77332E6F72672F323030312F584D4C536368656D61222065787072657373696F6E4C616E67756167653D22687474703A2F2F7777772E77332E6F72672F313939392F585061746822207461726765744E616D6573706163653D22687474703A2F2F7777772E666C6F7761626C652E6F72672F70726F63657373646566223E0A20203C70726F636573732069643D22413122206E616D653D22E8AFB7E58187E6B581E7A88B2220697345786563757461626C653D2274727565223E0A202020203C646F63756D656E746174696F6E3EE8AFB7E58187E6B581E7A88B3C2F646F63756D656E746174696F6E3E0A202020203C73746172744576656E742069643D2273746172744576656E7431223E3C2F73746172744576656E743E0A202020203C757365725461736B2069643D227369642D34434431344430332D353733322D343345342D394134432D354143424544453230363442223E3C2F757365725461736B3E0A202020203C73657175656E6365466C6F772069643D227369642D30443443324238332D373230352D343937352D384531452D3844423531323832393239342220736F757263655265663D2273746172744576656E743122207461726765745265663D227369642D34434431344430332D353733322D343345342D394134432D354143424544453230363442223E3C2F73657175656E6365466C6F773E0A202020203C757365725461736B2069643D227369642D31463541364145332D363141372D344135442D424437342D443238414442453645343142223E3C2F757365725461736B3E0A202020203C73657175656E6365466C6F772069643D227369642D32434146354230452D423434332D344246412D414638382D3231324132323730373241332220736F757263655265663D227369642D34434431344430332D353733322D343345342D394134432D35414342454445323036344222207461726765745265663D227369642D31463541364145332D363141372D344135442D424437342D443238414442453645343142223E3C2F73657175656E6365466C6F773E0A202020203C757365725461736B2069643D227369642D42314246453833452D343637382D343637322D414446422D454232314332343944424242223E3C2F757365725461736B3E0A202020203C73657175656E6365466C6F772069643D227369642D44373032423934442D353938462D343632342D394633372D4634343033323336413331362220736F757263655265663D227369642D31463541364145332D363141372D344135442D424437342D44323841444245364534314222207461726765745265663D227369642D42314246453833452D343637382D343637322D414446422D454232314332343944424242223E3C2F73657175656E6365466C6F773E0A202020203C757365725461736B2069643D227369642D41364439383739462D334541452D344639412D393137312D383642453335303930433338223E3C2F757365725461736B3E0A202020203C73657175656E6365466C6F772069643D227369642D32384539433232302D313535342D343237312D393233312D4634463232463236303441352220736F757263655265663D227369642D42314246453833452D343637382D343637322D414446422D45423231433234394442424222207461726765745265663D227369642D41364439383739462D334541452D344639412D393137312D383642453335303930433338223E3C2F73657175656E6365466C6F773E0A20203C2F70726F636573733E0A20203C62706D6E64693A42504D4E4469616772616D2069643D2242504D4E4469616772616D5F4131223E0A202020203C62706D6E64693A42504D4E506C616E652062706D6E456C656D656E743D224131222069643D2242504D4E506C616E655F4131223E0A2020202020203C62706D6E64693A42504D4E53686170652062706D6E456C656D656E743D2273746172744576656E7431222069643D2242504D4E53686170655F73746172744576656E7431223E0A20202020202020203C6F6D6764633A426F756E6473206865696768743D2233302E30222077696474683D2233302E302220783D2239302E302220793D223135302E30223E3C2F6F6D6764633A426F756E64733E0A2020202020203C2F62706D6E64693A42504D4E53686170653E0A2020202020203C62706D6E64693A42504D4E53686170652062706D6E456C656D656E743D227369642D34434431344430332D353733322D343345342D394134432D354143424544453230363442222069643D2242504D4E53686170655F7369642D34434431344430332D353733322D343345342D394134432D354143424544453230363442223E0A20202020202020203C6F6D6764633A426F756E6473206865696768743D2238302E30222077696474683D223130302E302220783D223136352E302220793D223132352E30223E3C2F6F6D6764633A426F756E64733E0A2020202020203C2F62706D6E64693A42504D4E53686170653E0A2020202020203C62706D6E64693A42504D4E53686170652062706D6E456C656D656E743D227369642D31463541364145332D363141372D344135442D424437342D443238414442453645343142222069643D2242504D4E53686170655F7369642D31463541364145332D363141372D344135442D424437342D443238414442453645343142223E0A20202020202020203C6F6D6764633A426F756E6473206865696768743D2238302E30222077696474683D223130302E302220783D223331302E302220793D223132352E30223E3C2F6F6D6764633A426F756E64733E0A2020202020203C2F62706D6E64693A42504D4E53686170653E0A2020202020203C62706D6E64693A42504D4E53686170652062706D6E456C656D656E743D227369642D42314246453833452D343637382D343637322D414446422D454232314332343944424242222069643D2242504D4E53686170655F7369642D42314246453833452D343637382D343637322D414446422D454232314332343944424242223E0A20202020202020203C6F6D6764633A426F756E6473206865696768743D2238302E30222077696474683D223130302E302220783D223435352E302220793D223132352E30223E3C2F6F6D6764633A426F756E64733E0A2020202020203C2F62706D6E64693A42504D4E53686170653E0A2020202020203C62706D6E64693A42504D4E53686170652062706D6E456C656D656E743D227369642D41364439383739462D334541452D344639412D393137312D383642453335303930433338222069643D2242504D4E53686170655F7369642D41364439383739462D334541452D344639412D393137312D383642453335303930433338223E0A20202020202020203C6F6D6764633A426F756E6473206865696768743D2238302E30222077696474683D223130302E302220783D223630302E302220793D223132352E30223E3C2F6F6D6764633A426F756E64733E0A2020202020203C2F62706D6E64693A42504D4E53686170653E0A2020202020203C62706D6E64693A42504D4E456467652062706D6E456C656D656E743D227369642D44373032423934442D353938462D343632342D394633372D463434303332333641333136222069643D2242504D4E456467655F7369642D44373032423934442D353938462D343632342D394633372D463434303332333641333136223E0A20202020202020203C6F6D6764693A776179706F696E7420783D223430392E39353030303030303030303030352220793D223136352E30223E3C2F6F6D6764693A776179706F696E743E0A20202020202020203C6F6D6764693A776179706F696E7420783D223435352E302220793D223136352E30223E3C2F6F6D6764693A776179706F696E743E0A2020202020203C2F62706D6E64693A42504D4E456467653E0A2020202020203C62706D6E64693A42504D4E456467652062706D6E456C656D656E743D227369642D30443443324238332D373230352D343937352D384531452D384442353132383239323934222069643D2242504D4E456467655F7369642D30443443324238332D373230352D343937352D384531452D384442353132383239323934223E0A20202020202020203C6F6D6764693A776179706F696E7420783D223131392E39343939393834383939353735382220793D223136352E30223E3C2F6F6D6764693A776179706F696E743E0A20202020202020203C6F6D6764693A776179706F696E7420783D223136352E302220793D223136352E30223E3C2F6F6D6764693A776179706F696E743E0A2020202020203C2F62706D6E64693A42504D4E456467653E0A2020202020203C62706D6E64693A42504D4E456467652062706D6E456C656D656E743D227369642D32384539433232302D313535342D343237312D393233312D463446323246323630344135222069643D2242504D4E456467655F7369642D32384539433232302D313535342D343237312D393233312D463446323246323630344135223E0A20202020202020203C6F6D6764693A776179706F696E7420783D223535342E393439393939393939393930372220793D223136352E30223E3C2F6F6D6764693A776179706F696E743E0A20202020202020203C6F6D6764693A776179706F696E7420783D223539392E393939393939393939393830372220793D223136352E30223E3C2F6F6D6764693A776179706F696E743E0A2020202020203C2F62706D6E64693A42504D4E456467653E0A2020202020203C62706D6E64693A42504D4E456467652062706D6E456C656D656E743D227369642D32434146354230452D423434332D344246412D414638382D323132413232373037324133222069643D2242504D4E456467655F7369642D32434146354230452D423434332D344246412D414638382D323132413232373037324133223E0A20202020202020203C6F6D6764693A776179706F696E7420783D223236342E39353030303030303030303030352220793D223136352E30223E3C2F6F6D6764693A776179706F696E743E0A20202020202020203C6F6D6764693A776179706F696E7420783D223331302E302220793D223136352E30223E3C2F6F6D6764693A776179706F696E743E0A2020202020203C2F62706D6E64693A42504D4E456467653E0A202020203C2F62706D6E64693A42504D4E506C616E653E0A20203C2F62706D6E64693A42504D4E4469616772616D3E0A3C2F646566696E6974696F6E733E, 0);
INSERT INTO `act_ge_bytearray` VALUES ('4e0dc8a8-7c73-11e9-b4d7-1adfe5f2fe72', 1, '请假流程.A1.png', '4de46eb6-7c73-11e9-b4d7-1adfe5f2fe72', 0x89504E470D0A1A0A0000000D49484452000002C6000000D70806000000197D97A200000AE34944415478DAEDDDFF6BD4F71DC0717FF087FE11FB61B041FB27EC87FDE01F50D87E5092FB828653726A4DFC3641A6A2A83F4444FC61832108C5D2B1411175595635972C466BC35C443325346E69442F89678715BB3B63AC9F7DDE3287AD66D535DE7DEE3E8F07BC6831A585F499D7BDEE3C93254B000000000000000000000000000000000000000000000000000000000000000000000000000000000000000000000000000000000000000000000000000000000000000000000000000000000000000000000000000000000000000000000000000000000000000000000000000000000000000000000000000000000000000000000000000000000000000000000000000000000000000000000000000000000000000000000000000000000000000000000000000000000000000000000000000000000000000000000000000000000000000000000000000000000000000000000000000000000000000000000000000000000000000000000000000000000000000000000000000000000000000000000000000000000000000000000000000000000000000000000000000000000000000000000000000000000000000000000000000000000000000000000000000000000000000080254BA2285A3A3939F9D1C8C8C8D7030303517F7FBFA9F3944AA5687878F88B78F21A321AD2908634A4216890B048CE9F3F1F552A95686E6ECE3468EEDEBD1B9D3B77EE7EBC58966BC868C86848431A820608CFAE2D92C42C94B9F859F7B8868C868C8634A4216880F05B4EBE909333F13299D790D190D1908634040D10DE17E48B3851CB24D290D190D190863404095E265F7D39134D5E7A3FBA5EDAFB74C2DF875FB3002C130D6948431AD2907118939AC3F8C1BD7274EDCCAEE86ADFB66F4CF8B5F0314BC003928634A4210D69C8388C49C5617CEBFA1F5E5824CFE6F6F55E4BC003928634A4210D69C8388C49C7613CFEE7030B2E93F0314BC003928634A4210D69C8388C49C5617CAD7FCF82CB247CCC12F080A4210D6948431A320E631CC6968907240D6948431AD29071189396C338FCC9DD859649F89825E00149431AD2908634641CC6A4E230BEF1C9AF175C26E163968007240D6948431AD2907118938AC3F89FE5B1E8DAD9DD2FFED653FC6BE163968007240D6948431AD2907118938AC338CCE77FFDE08565127ECD02B04C34A4210D694843C6614C7A0EE3870FA31B177FF3E26F3DC5BF163E66097840D2908634A4210D1987312D7F18879F0634F1C9AF167C5F56F8989F18E40149431AD2908634641CC6B4EE611C3F7B9EB93118FDEDF42F175C24CF26FC33E19FF58CDB03928634A4210D69C8388C69A9C3F8BB9E597BC66D996848431AD290868CC398541CC6AFF2CCFA7F3DE3B6143C206948431AD2908634042D7118FFBF8BE4D9580A1E9034A4210D6948431A8296388C8D65A2210D6948431A320E631CC6C632D1908634A4210D1987310E6363996848431AD290868CC31887B1B14C34A4210D190D1987711A4551F4D6D8D858F1D8B163E77A7A7AEE777777CF77747444EDEDED513E9F7FB26EDDBAB91D3B764C1E3870E0C378DE76181BCB44431AD2908634641CC62D77101F3F7EFC837DFBF6CD6FDAB4293A72E4483432321295CBE5A856AB4541F86BA55289464747A3F8708E366EDCF864F3E6CD539D9D9D6B1CC6C632D1908634A4210D198771D38B0FE0C2FEFDFB1F6EDBB6EDE9D1FBF8F1E3E8555DB97225DABE7DFBE362B138BE62C58A1F3B8C8D65A2210D6948431A320EE3667C9578E9A953A706D7AE5D1BF5F6F6BED641FC6DA74F9F8E0A8542B5555E3DB64C2C130D6948434643C6619CA2A3786868E82F5D5D5DD1C4C444B418A6A6A6A2F8C8AEAE59B3E63D87B1F180A4210D6948431A320EE3A6105E290E477178CFF0620AFFBECECECE07994C26EF30361E90FCBFD3908634A421E3304EB4F09EE2F0F689C57AA5F865AF1CAF5CB9F25E7C1CBFE330361E908C8634A4210D19877152DF42F1D6DEBD7BE7C27B8ADFA4BEBEBE6A2E97FBD4616C3C20190D6948431A320EE3443A71E2C46FC3779F78F4E851F4A6AD5FBF7EB659DF52619958261AD290868C868CC3B8C55F2D0EDFA7387C4BB67AB87AF5EA5CB3BE6A6C9958261AD290868C868CC3B885859F6817FEC0DDF7F9B66CAFAB5028CCB6B7B7FF30299F834C26D31FCF4F2D13CB44431AD290D1907118A758F831CF478F1E8DEAE9F0E1C357E2C3F81749F91C841F6D1D262C95B6B6B69F582696898634A421A321E3304EA19E9E9EFBE1C73CD7D3C58B17A7E22FDEDEA42D93E7E6E3973DEBB64C2C130D6948434643C661DCC2BABBBBE7676666EA7A18CFCECE56E22FD85B095E26FF7DD6FDFC52B14C2C130D6948434643C661DCC23A3A3AA25AAD56D7C338FCF7E22FD65AD297C9F3CFBAC36F4B592696898634A421A321E3306E61E18BA5115EE10B38716399246B3464346434A42187318B6AD5AA554FEAFD8A71B55A9D6D92578C2FC5CFAEDF5DB66CD952BFFD64996848431A321A320EE316D7D5D53557EFF7184F4F4F7F96F0F7187F6389785F9665A2210D69C868C8388C5360D7AE5D37EAFD5D29CE9C39F3A7847E578A4F3399CCCFBFBD442C13CB44431AD290D1907118A7C0C183078FD6FBFB18EFDEBDBB2F61DFC7F8A5CFAA2D13CB44431AD290D1907118A7C8CE9D3B7FB461C386AFEBF893EF6AD96CF61F49FAC977AFCA32B14C34A4210D190D1987718BDBB265CBDF474747EBF5368A0FE3A3F87C337E9E2C13CB44431AD290D1907118B7B8D5AB57AFD8BA75EB7C1D5E35BE97CD662F673299BCC3D87840321AD2908634A421877122158BC5B1DEDEDE377A1587F73387578BBFEBFD4F9689F1806434A4210D694843344C78CF6FA150A84E4C4CBC91A3786C6CEC54FCDF98C96432EF34EBE7C832B14C34A4210D190D1987714AE4F3F95CB158FC57A55259D4A3F8F6EDDB17B2D9ECCD667D0B856562996848431A321A321A4AA15C2E57E8ECEC7CB058AF1C87578AC351DCD6D6B6BDD93F37968965A2210D69C868C8388C53263E62DBF3F9FCFD93274F7EF53DFE40DEBD43870EBD1FDE3E114F472B7C5E2C13CB44431AD290D1907118A75078CF71369B1D28168BB3972F5FAEBECEF7293E7BF6ECEFE2C3FA52F88376CDFC9E62CBC432D190863464346434C4F307F2F27020777474547A7A7AAE5FB870E166B95C9EA9D56A4FAFE06AB53A3B3D3DFD59A954FAE39E3D7B3ECEE57293E1200EAF1237EB779FB04C2C130D694843464346432C283E787F90C96436C507EF47F17C1E4FED3F3F933DFCF5563CBDE1C73C37E34FB4B34C2C130D69484346434643609958261AD290868C868C86C032B14C34A4210D190D190D816562996848431A321A321A02CBC432D190D190D190D11058269689868C868C868C86C032B14C3464346434643404968965A221A321A321FFEF3404968965A221A321A3210D69082C13CB4443464346431AD21058269689868C868C8634A421B04C2C130D190D190D694843609958261A321A321AD29086C032B14C3464346434A4210D8165629968C868C86848431A02CBC432D190D190D190863404968965A221A321A3210D69082C13CB4443464346431AD21058269689868C868C8634A421B04C2C130D190D190D694843609958261A321A321AD29086C032B14C3464346434A4210D41FD0C0C0CF8224ECED4E26532AF21A321A3210D69081A60787878A652A9F8424EC094CBE5DFC7CB645C43464346431AD21034C0E0E0E0CF868686BEBC73E74ED51774E39E5D8745522A956EC6B35C43464346431AD21034481CF0BBF1B3BB4BE1B73EC2FB824CDD277CDEC79B79916848431AD2908634D4EC0D01000000000000000000000000000000000000000000000040A2FC1B60C63D163C8EA6F20000000049454E44AE426082, 1);
INSERT INTO `act_ge_bytearray` VALUES ('51f7b859-7206-11e9-8696-befa298f3cc7', 1, 'source', NULL, 0x7B22626F756E6473223A7B226C6F7765725269676874223A7B2278223A313438352E302C2279223A3730302E307D2C2275707065724C656674223A7B2278223A302E302C2279223A302E307D7D2C227265736F757263654964223A2263616E766173222C227374656E63696C223A7B226964223A2242504D4E4469616772616D227D2C227374656E63696C736574223A7B226E616D657370616365223A22687474703A2F2F62336D6E2E6F72672F7374656E63696C7365742F62706D6E322E3023222C2275726C223A222E2E2F656469746F722F7374656E63696C736574732F62706D6E322E302F62706D6E322E302E6A736F6E227D2C2270726F70657274696573223A7B2270726F636573735F6964223A226131222C226E616D65223A2231222C22646F63756D656E746174696F6E223A2231222C2270726F636573735F6E616D657370616365223A22687474703A2F2F666C6F7761626C652E6F72672F74657374222C2269736561676572657865637574696F6E6665746368223A66616C73652C226D65737361676573223A5B5D2C22657865637574696F6E6C697374656E657273223A7B22657865637574696F6E4C697374656E657273223A5B5D7D2C226576656E746C697374656E657273223A7B226576656E744C697374656E657273223A5B5D7D2C227369676E616C646566696E6974696F6E73223A5B5D2C226D657373616765646566696E6974696F6E73223A5B5D7D2C226368696C64536861706573223A5B7B22626F756E6473223A7B226C6F7765725269676874223A7B2278223A3133302E302C2279223A3139332E307D2C2275707065724C656674223A7B2278223A3130302E302C2279223A3136332E307D7D2C227265736F757263654964223A2273746172744576656E7431222C226368696C64536861706573223A5B5D2C227374656E63696C223A7B226964223A2253746172744E6F6E654576656E74227D2C2270726F70657274696573223A7B226F766572726964656964223A2273746172744576656E7431222C22696E74657272757074696E67223A747275652C22657865637574696F6E6C697374656E657273223A7B22657865637574696F6E4C697374656E657273223A5B5D7D7D2C226F7574676F696E67223A5B5D7D5D7D, NULL);
INSERT INTO `act_ge_bytearray` VALUES ('6c95cd58-7d3b-11e9-baed-1adfe5f2fe72', 1, '请假流程.bpmn20.xml', '6c95cd57-7d3b-11e9-baed-1adfe5f2fe72', 0x3C3F786D6C2076657273696F6E3D22312E302220656E636F64696E673D225554462D38223F3E0A3C646566696E6974696F6E7320786D6C6E733D22687474703A2F2F7777772E6F6D672E6F72672F737065632F42504D4E2F32303130303532342F4D4F44454C2220786D6C6E733A7873693D22687474703A2F2F7777772E77332E6F72672F323030312F584D4C536368656D612D696E7374616E63652220786D6C6E733A7873643D22687474703A2F2F7777772E77332E6F72672F323030312F584D4C536368656D612220786D6C6E733A666C6F7761626C653D22687474703A2F2F666C6F7761626C652E6F72672F62706D6E2220786D6C6E733A62706D6E64693D22687474703A2F2F7777772E6F6D672E6F72672F737065632F42504D4E2F32303130303532342F44492220786D6C6E733A6F6D6764633D22687474703A2F2F7777772E6F6D672E6F72672F737065632F44442F32303130303532342F44432220786D6C6E733A6F6D6764693D22687474703A2F2F7777772E6F6D672E6F72672F737065632F44442F32303130303532342F44492220747970654C616E67756167653D22687474703A2F2F7777772E77332E6F72672F323030312F584D4C536368656D61222065787072657373696F6E4C616E67756167653D22687474703A2F2F7777772E77332E6F72672F313939392F585061746822207461726765744E616D6573706163653D22687474703A2F2F7777772E666C6F7761626C652E6F72672F70726F63657373646566223E0A20203C70726F636573732069643D22413122206E616D653D22E8AFB7E58187E6B581E7A88B2220697345786563757461626C653D2274727565223E0A202020203C646F63756D656E746174696F6E3EE8AFB7E58187E6B581E7A88B3C2F646F63756D656E746174696F6E3E0A202020203C73746172744576656E742069643D2273746172744576656E7431223E3C2F73746172744576656E743E0A202020203C757365725461736B2069643D227369642D34434431344430332D353733322D343345342D394134432D35414342454445323036344222206E616D653D22E7BB84E995BFE5AEA1E689B92220666C6F7761626C653A61737369676E65653D2231303637323436383735383030303030303031223E0A2020202020203C657874656E73696F6E456C656D656E74733E0A20202020202020203C6D6F64656C65723A61637469766974692D69646D2D61737369676E656520786D6C6E733A6D6F64656C65723D22687474703A2F2F666C6F7761626C652E6F72672F6D6F64656C6572223E3C215B43444154415B747275655D5D3E3C2F6D6F64656C65723A61637469766974692D69646D2D61737369676E65653E0A20202020202020203C6D6F64656C65723A61737369676E65652D696E666F2D656D61696C20786D6C6E733A6D6F64656C65723D22687474703A2F2F666C6F7761626C652E6F72672F6D6F64656C6572223E3C215B43444154415B726F6F744072656E72656E2E696F5D5D3E3C2F6D6F64656C65723A61737369676E65652D696E666F2D656D61696C3E0A20202020202020203C6D6F64656C65723A61737369676E65652D696E666F2D66697273746E616D6520786D6C6E733A6D6F64656C65723D22687474703A2F2F666C6F7761626C652E6F72672F6D6F64656C6572223E3C215B43444154415B61646D696E5D5D3E3C2F6D6F64656C65723A61737369676E65652D696E666F2D66697273746E616D653E0A20202020202020203C6D6F64656C65723A696E69746961746F722D63616E2D636F6D706C65746520786D6C6E733A6D6F64656C65723D22687474703A2F2F666C6F7761626C652E6F72672F6D6F64656C6572223E3C215B43444154415B66616C73655D5D3E3C2F6D6F64656C65723A696E69746961746F722D63616E2D636F6D706C6574653E0A2020202020203C2F657874656E73696F6E456C656D656E74733E0A202020203C2F757365725461736B3E0A202020203C73657175656E6365466C6F772069643D227369642D30443443324238332D373230352D343937352D384531452D3844423531323832393239342220736F757263655265663D2273746172744576656E743122207461726765745265663D227369642D34434431344430332D353733322D343345342D394134432D354143424544453230363442223E3C2F73657175656E6365466C6F773E0A202020203C757365725461736B2069643D227369642D31463541364145332D363141372D344135442D424437342D44323841444245364534314222206E616D653D22E983A8E995BFE5AEA1E689B92220666C6F7761626C653A61737369676E65653D2231303637323436383735383030303030303031223E0A2020202020203C657874656E73696F6E456C656D656E74733E0A20202020202020203C6D6F64656C65723A61637469766974692D69646D2D61737369676E656520786D6C6E733A6D6F64656C65723D22687474703A2F2F666C6F7761626C652E6F72672F6D6F64656C6572223E3C215B43444154415B747275655D5D3E3C2F6D6F64656C65723A61637469766974692D69646D2D61737369676E65653E0A20202020202020203C6D6F64656C65723A61737369676E65652D696E666F2D656D61696C20786D6C6E733A6D6F64656C65723D22687474703A2F2F666C6F7761626C652E6F72672F6D6F64656C6572223E3C215B43444154415B726F6F744072656E72656E2E696F5D5D3E3C2F6D6F64656C65723A61737369676E65652D696E666F2D656D61696C3E0A20202020202020203C6D6F64656C65723A61737369676E65652D696E666F2D66697273746E616D6520786D6C6E733A6D6F64656C65723D22687474703A2F2F666C6F7761626C652E6F72672F6D6F64656C6572223E3C215B43444154415B61646D696E5D5D3E3C2F6D6F64656C65723A61737369676E65652D696E666F2D66697273746E616D653E0A20202020202020203C6D6F64656C65723A696E69746961746F722D63616E2D636F6D706C65746520786D6C6E733A6D6F64656C65723D22687474703A2F2F666C6F7761626C652E6F72672F6D6F64656C6572223E3C215B43444154415B66616C73655D5D3E3C2F6D6F64656C65723A696E69746961746F722D63616E2D636F6D706C6574653E0A2020202020203C2F657874656E73696F6E456C656D656E74733E0A202020203C2F757365725461736B3E0A202020203C73657175656E6365466C6F772069643D227369642D32434146354230452D423434332D344246412D414638382D3231324132323730373241332220736F757263655265663D227369642D34434431344430332D353733322D343345342D394134432D35414342454445323036344222207461726765745265663D227369642D31463541364145332D363141372D344135442D424437342D443238414442453645343142223E3C2F73657175656E6365466C6F773E0A202020203C757365725461736B2069643D227369642D42314246453833452D343637382D343637322D414446422D45423231433234394442424222206E616D653D22E68E92E995BFE5AEA1E689B9223E3C2F757365725461736B3E0A202020203C73657175656E6365466C6F772069643D227369642D44373032423934442D353938462D343632342D394633372D4634343033323336413331362220736F757263655265663D227369642D31463541364145332D363141372D344135442D424437342D44323841444245364534314222207461726765745265663D227369642D42314246453833452D343637382D343637322D414446422D454232314332343944424242223E3C2F73657175656E6365466C6F773E0A202020203C757365725461736B2069643D227369642D41364439383739462D334541452D344639412D393137312D38364245333530393043333822206E616D653D22E680BBE58FB8E4BBA4E5AEA1E689B9223E3C2F757365725461736B3E0A202020203C73657175656E6365466C6F772069643D227369642D32384539433232302D313535342D343237312D393233312D4634463232463236303441352220736F757263655265663D227369642D42314246453833452D343637382D343637322D414446422D45423231433234394442424222207461726765745265663D227369642D41364439383739462D334541452D344639412D393137312D383642453335303930433338223E3C2F73657175656E6365466C6F773E0A202020203C757365725461736B2069643D227369642D30413839393632432D343943342D344237322D423446372D31383634433331343336443822206E616D653D22E7BB84E995BFE5AEA1E689B92220666C6F7761626C653A61737369676E65653D2231303637323436383735383030303030303031223E0A2020202020203C657874656E73696F6E456C656D656E74733E0A20202020202020203C6D6F64656C65723A61637469766974692D69646D2D61737369676E656520786D6C6E733A6D6F64656C65723D22687474703A2F2F666C6F7761626C652E6F72672F6D6F64656C6572223E3C215B43444154415B747275655D5D3E3C2F6D6F64656C65723A61637469766974692D69646D2D61737369676E65653E0A20202020202020203C6D6F64656C65723A61737369676E65652D696E666F2D656D61696C20786D6C6E733A6D6F64656C65723D22687474703A2F2F666C6F7761626C652E6F72672F6D6F64656C6572223E3C215B43444154415B726F6F744072656E72656E2E696F5D5D3E3C2F6D6F64656C65723A61737369676E65652D696E666F2D656D61696C3E0A20202020202020203C6D6F64656C65723A61737369676E65652D696E666F2D66697273746E616D6520786D6C6E733A6D6F64656C65723D22687474703A2F2F666C6F7761626C652E6F72672F6D6F64656C6572223E3C215B43444154415B61646D696E5D5D3E3C2F6D6F64656C65723A61737369676E65652D696E666F2D66697273746E616D653E0A20202020202020203C6D6F64656C65723A696E69746961746F722D63616E2D636F6D706C65746520786D6C6E733A6D6F64656C65723D22687474703A2F2F666C6F7761626C652E6F72672F6D6F64656C6572223E3C215B43444154415B66616C73655D5D3E3C2F6D6F64656C65723A696E69746961746F722D63616E2D636F6D706C6574653E0A2020202020203C2F657874656E73696F6E456C656D656E74733E0A202020203C2F757365725461736B3E0A202020203C73657175656E6365466C6F772069643D227369642D44363430363335432D394637382D343145302D413436432D4531364244313534323041342220736F757263655265663D227369642D31463541364145332D363141372D344135442D424437342D44323841444245364534314222207461726765745265663D227369642D30413839393632432D343943342D344237322D423446372D313836344333313433364438223E3C2F73657175656E6365466C6F773E0A20203C2F70726F636573733E0A20203C62706D6E64693A42504D4E4469616772616D2069643D2242504D4E4469616772616D5F4131223E0A202020203C62706D6E64693A42504D4E506C616E652062706D6E456C656D656E743D224131222069643D2242504D4E506C616E655F4131223E0A2020202020203C62706D6E64693A42504D4E53686170652062706D6E456C656D656E743D2273746172744576656E7431222069643D2242504D4E53686170655F73746172744576656E7431223E0A20202020202020203C6F6D6764633A426F756E6473206865696768743D2233302E30222077696474683D2233302E302220783D2239302E302220793D223135302E30223E3C2F6F6D6764633A426F756E64733E0A2020202020203C2F62706D6E64693A42504D4E53686170653E0A2020202020203C62706D6E64693A42504D4E53686170652062706D6E456C656D656E743D227369642D34434431344430332D353733322D343345342D394134432D354143424544453230363442222069643D2242504D4E53686170655F7369642D34434431344430332D353733322D343345342D394134432D354143424544453230363442223E0A20202020202020203C6F6D6764633A426F756E6473206865696768743D2238302E30222077696474683D223130302E302220783D223136352E302220793D223132302E30223E3C2F6F6D6764633A426F756E64733E0A2020202020203C2F62706D6E64693A42504D4E53686170653E0A2020202020203C62706D6E64693A42504D4E53686170652062706D6E456C656D656E743D227369642D31463541364145332D363141372D344135442D424437342D443238414442453645343142222069643D2242504D4E53686170655F7369642D31463541364145332D363141372D344135442D424437342D443238414442453645343142223E0A20202020202020203C6F6D6764633A426F756E6473206865696768743D2238302E30222077696474683D223130302E302220783D223238352E302220793D223132302E30223E3C2F6F6D6764633A426F756E64733E0A2020202020203C2F62706D6E64693A42504D4E53686170653E0A2020202020203C62706D6E64693A42504D4E53686170652062706D6E456C656D656E743D227369642D42314246453833452D343637382D343637322D414446422D454232314332343944424242222069643D2242504D4E53686170655F7369642D42314246453833452D343637382D343637322D414446422D454232314332343944424242223E0A20202020202020203C6F6D6764633A426F756E6473206865696768743D2238302E30222077696474683D223130302E302220783D223435352E302220793D223132352E30223E3C2F6F6D6764633A426F756E64733E0A2020202020203C2F62706D6E64693A42504D4E53686170653E0A2020202020203C62706D6E64693A42504D4E53686170652062706D6E456C656D656E743D227369642D41364439383739462D334541452D344639412D393137312D383642453335303930433338222069643D2242504D4E53686170655F7369642D41364439383739462D334541452D344639412D393137312D383642453335303930433338223E0A20202020202020203C6F6D6764633A426F756E6473206865696768743D2238302E30222077696474683D223130302E302220783D223630302E302220793D223132352E30223E3C2F6F6D6764633A426F756E64733E0A2020202020203C2F62706D6E64693A42504D4E53686170653E0A2020202020203C62706D6E64693A42504D4E53686170652062706D6E456C656D656E743D227369642D30413839393632432D343943342D344237322D423446372D313836344333313433364438222069643D2242504D4E53686170655F7369642D30413839393632432D343943342D344237322D423446372D313836344333313433364438223E0A20202020202020203C6F6D6764633A426F756E6473206865696768743D2238302E30222077696474683D223130302E302220783D223435352E302220793D223232352E30223E3C2F6F6D6764633A426F756E64733E0A2020202020203C2F62706D6E64693A42504D4E53686170653E0A2020202020203C62706D6E64693A42504D4E456467652062706D6E456C656D656E743D227369642D44373032423934442D353938462D343632342D394633372D463434303332333641333136222069643D2242504D4E456467655F7369642D44373032423934442D353938462D343632342D394633372D463434303332333641333136223E0A20202020202020203C6F6D6764693A776179706F696E7420783D223338342E39353030303030303030303030352220793D223136302E30223E3C2F6F6D6764693A776179706F696E743E0A20202020202020203C6F6D6764693A776179706F696E7420783D223432372E352220793D223136302E30223E3C2F6F6D6764693A776179706F696E743E0A20202020202020203C6F6D6764693A776179706F696E7420783D223432372E352220793D223136352E30223E3C2F6F6D6764693A776179706F696E743E0A20202020202020203C6F6D6764693A776179706F696E7420783D223435352E302220793D223136352E30223E3C2F6F6D6764693A776179706F696E743E0A2020202020203C2F62706D6E64693A42504D4E456467653E0A2020202020203C62706D6E64693A42504D4E456467652062706D6E456C656D656E743D227369642D30443443324238332D373230352D343937352D384531452D384442353132383239323934222069643D2242504D4E456467655F7369642D30443443324238332D373230352D343937352D384531452D384442353132383239323934223E0A20202020202020203C6F6D6764693A776179706F696E7420783D223131392E39343939383730323932363837332220793D223136352E30223E3C2F6F6D6764693A776179706F696E743E0A20202020202020203C6F6D6764693A776179706F696E7420783D223134322E352220793D223136352E30223E3C2F6F6D6764693A776179706F696E743E0A20202020202020203C6F6D6764693A776179706F696E7420783D223134322E352220793D223136302E30223E3C2F6F6D6764693A776179706F696E743E0A20202020202020203C6F6D6764693A776179706F696E7420783D223136342E39393939393939393939383630322220793D223136302E30223E3C2F6F6D6764693A776179706F696E743E0A2020202020203C2F62706D6E64693A42504D4E456467653E0A2020202020203C62706D6E64693A42504D4E456467652062706D6E456C656D656E743D227369642D32384539433232302D313535342D343237312D393233312D463446323246323630344135222069643D2242504D4E456467655F7369642D32384539433232302D313535342D343237312D393233312D463446323246323630344135223E0A20202020202020203C6F6D6764693A776179706F696E7420783D223535342E393439393939393939393930372220793D223136352E30223E3C2F6F6D6764693A776179706F696E743E0A20202020202020203C6F6D6764693A776179706F696E7420783D223539392E393939393939393939393830372220793D223136352E30223E3C2F6F6D6764693A776179706F696E743E0A2020202020203C2F62706D6E64693A42504D4E456467653E0A2020202020203C62706D6E64693A42504D4E456467652062706D6E456C656D656E743D227369642D32434146354230452D423434332D344246412D414638382D323132413232373037324133222069643D2242504D4E456467655F7369642D32434146354230452D423434332D344246412D414638382D323132413232373037324133223E0A20202020202020203C6F6D6764693A776179706F696E7420783D223236342E393439393939393939393735362220793D223136302E30223E3C2F6F6D6764693A776179706F696E743E0A20202020202020203C6F6D6764693A776179706F696E7420783D223238342E39393939393939393939373739342220793D223136302E30223E3C2F6F6D6764693A776179706F696E743E0A2020202020203C2F62706D6E64693A42504D4E456467653E0A2020202020203C62706D6E64693A42504D4E456467652062706D6E456C656D656E743D227369642D44363430363335432D394637382D343145302D413436432D453136424431353432304134222069643D2242504D4E456467655F7369642D44363430363335432D394637382D343145302D413436432D453136424431353432304134223E0A20202020202020203C6F6D6764693A776179706F696E7420783D223338342E39343939393939393939383639372220793D223136302E30223E3C2F6F6D6764693A776179706F696E743E0A20202020202020203C6F6D6764693A776179706F696E7420783D223432302E302220793D223136302E30223E3C2F6F6D6764693A776179706F696E743E0A20202020202020203C6F6D6764693A776179706F696E7420783D223432302E302220793D223236352E30223E3C2F6F6D6764693A776179706F696E743E0A20202020202020203C6F6D6764693A776179706F696E7420783D223435342E39393939393939393939353534332220793D223236352E30223E3C2F6F6D6764693A776179706F696E743E0A2020202020203C2F62706D6E64693A42504D4E456467653E0A202020203C2F62706D6E64693A42504D4E506C616E653E0A20203C2F62706D6E64693A42504D4E4469616772616D3E0A3C2F646566696E6974696F6E733E, 0);
INSERT INTO `act_ge_bytearray` VALUES ('6cb0cf69-7d3b-11e9-baed-1adfe5f2fe72', 1, '请假流程.A1.png', '6c95cd57-7d3b-11e9-baed-1adfe5f2fe72', 0x89504E470D0A1A0A0000000D49484452000002C60000013B0806000000DE8C47EF00001DE14944415478DAEDDD099055C5B907F0A8C4DD728F6B34FAE252A546AD18638C2696D1444BACA7A584B0181128C65DC40D15373406B54862F95C302E09F1B9C605D1A8CC80C8222886288244F1B18823303C15D40C1093F4BB5F57CED4B08C8A0FE6DE3BF3FB557579B719C6E96FFAFC6F9FEE73BFF215000000000000000000000000000000000000000000000000000000000000000000000000000000000000000000000000000000000000000000000000000000000000000000000000000000000000000000000000000000000000000000000000000000000000000000000000000000000000000000000000000000000000000000000000000000000000000000000000000000000000000000000000000000000000000000000000000000000000000000000000000000000000000000000000000000000000000000000000000000000000000000000000000000000000000000000000000000000000000000000000000000000000000000000000000000000000000000000000000000000000000000000000000000000000000000000000000000000000000000000000000000000000000000000000000000000000000000000000000000000000A05D4A2975983973E62313274EFCE7C89123536D6DADD6CAADAEAE2E8D1933E67F4BADBBFED5BF00409944681A3B766C6A686848CB962DD3CAD4162E5C985E78E185C5A51075B2FED5BF004019C44CA2D05431E169596D6DED74FDAB7F01803288D3EB424BE5B45270FA54FFEA5F00A00C620DA4C05251C129E95FFD0B00547030FE64D1BC3473D2BD695ADDC0DCE2763C26ECB48D60AC7F05E372B249D4265135A486A06A82F1C71FD6A7A9CF5D915E7BFAA2E55A3C16CF093CD51D8CF5AF605C6E3689DA24AA86D410544D309E3BEDC9954253D1DE9D36DC6050E5C158FF0AC6E56693A84DA26A480D41D504E3E9CFDFD062708AE70C04D51D8CF5AF605C6E3689DA24AA86D410544D309E5A7B758BC1299E3308547730D6BF8271358C439A3A55436A0804638389FED5BFC6219B44D5A91A5243502983490C1E2D05A778CE2050DDC158FF3A5854C3386493A83A55436A082A62309931FEBF5A0C4EF19C41A0BA83B1FE75B0A88671C8265175AA86D41054C460F27EFD943475C4552BBFCB2E3D16CF1904AA3B18EB5F078B6A18876C1255A76A480D41450C26D166BD3274A581241E3300B48D0FF8D0BF0E16953E0E590BAF4ED5901A82CA08C64B97A6192FDEBEF269F6D263F19C41A0CA83B1FE75B0106A34C158DF1BEBE0F30793D890F0D6F85B5A1C4CE2399B16AA3718EB5F078B6A09353689AA5335A486A07C83C9D2A569DE8C51E9F5672F6B7120295ABC265E6B76B18A82B1FE75B0A8B2506393A83A55436A08CA32987CDE2CA2D9C5EA0EC6FAD7C1A21A438D4DA2EA540DA92128CB60F24566113F6B76D1A050D9C158FF3A585463A8B149549DAA21350465194CBE6C682A9A41A1B283B1FE75B0A8CA506393A83A55436A082AE55DB6D6B62FD7A6395854F2386493A83A55436A0804638389FED5BFED7B1CB249549DAA21350482B1C144FFEADFF63E0ED924AA4ED5901A02C1D8602218EB5FE3904DA2EA540DA921108C35C158FF1A876C1255A76A480D8160AC09C6FAD738A4A95335A486C060A209C6FAD738A4A95335A486C060A209C6FAD738A43ED4A91A52436030D10463FD6B1C52A7EA540DA921CA2AA5B4E19429536A7EFFFBDFBF3068D0A0C5E79E7BEEA73D7AF4483FFBD9CF52F7EEDDFF75C619672CBBFCF2CB67DE70C30DF795DA5E0E489A60AC39581887D4A91AD28C756D2E103FFAE8A343AFBDF6DA4FFBF6ED9B860C1992264E9C98EAEBEBD392254B5288FF363434A43FFFF9CFA9149CD379E79DF7AFF3CF3F7F769F3E7D7A3B206982B1E660611C52A76A4833D655BD5200EE79DD75D72DBDE8A28B72E8FDC73FFE91BEA8575F7D35F5EFDFFF1F353535D33B75EAF44D07244D30D61C2CD4A93A55439AB1AE1A67893B0C1B366CD4E9A79F9E860F1FBE5A817845CF3EFB6CEAD9B367635B993D369808C69A83857148138C35635D3B0AC5A3478F7EF99C73CE496FBDF5565A1366CF9E9D4A21BBB177EFDE6739206982B1E660A14ED5A91AD28C755521668A2314C79AE13529BE5F9F3E7D3EEED2A54BF74AFCFF2EFD5CB5A57698C1A46D0E26FAD7C14230D6D4A91A5243AC9658531CCB27D6D44CF1AA668E7FFEF39F7F580A287B57DAFF7B5C5D235A04A8CE9D3B1F6230695B8389FE75B0108C3575AA86D410ABB38462C38103072E8B35C56BD3D34F3FDDD8AD5BB709951A8C9BB5675635C36830A9EE60AC7F1D2C04634D9DAA2135C4E77AFCF1C7FF3BAE3EF1F7BFFF3DAD6D679E79E6FC4A5B52B18AE0D434C3D83C40194CDA4C30D6BF0E1682B126186B6A8855CF16C7758AE3926CADE1B5D75E5B5669B3C62D05A7E6338C710ADE60D2B682B1FE75B0108C35C15853432C273ED12E36DCFD7F2ECBB6BA7AF6EC39BF1446BE51A690FBA55BB90693975E7A293536367EA1D77EF0C10769DEBC79ABF5FDC78F1F9F6EBEF9E6169F9F3E7D7A7AFCF1C7F3EDC99327A777DF7D372D5DBA34FF5C0B162C28DB60D256FAF79D77DE49BFFDED6FD3C2850BF3FDF7DF7F3FFF5E63D36A7C98CEC71F7FAC7F2BBCAD89B1CB2651A1460DA9212A407CCCF35D77DD955AD3AF7FFDEB574B07930BD756305E83617A52E7CE9D3B1E71C4111DCA35984438DA68A38DD295575E99EFEFBEFBEE69DB6DB76D6A3BEDB4D372AFEFD7AF5FDA669B6D967BECC5175F4C871F7E787AFBEDB7F3FD091326A4B3CF3E3B3EA530B7BDF7DE3B7E677159BDA6C7E2F9F8BA78FDEDB7DF9EB6D8628B7C7BD75D774DD75F7F7DBEBDFEFAEBA7FBEFBFBF9A678CCBDABFD11F8F3EFA68BAF1C61BF3EFFFB6DB6E4B0F3CF040EAD6AD5BBE5FB4E80BFD5BFEB34A6B72CCF9AC3AB54954A851436A88321A3468D0E2F898E7D6543A20CF2EFDF10EAFE060BC5C602AE7603270E0C0B4F5D65B37CDDCEDB0C30EA9A6A6263DF4D043E9820B2E485B6EB9E572AF8F00BDE38E3BE6DB53A74E4DA79E7A6A5A77DD75D301071CD01484E26B23289506CFDC8E3FFEF8B4DF7EFBA5934E3AA9E9B175D6592787A298353CF3CC33D3669B6D969E79E699B4D75E7BA59B6EBA297F9F8D37DE383DF6D863E98D37DE58ED59CC3207E38AE8DF3FFCE10FB9FFA22FB6DB6EBBB4C9269BE4FB279E78620EBAA3478FCECF4570D5BFED2718DB242AD4A8213544199D7BEEB99FC641AF35CD9F3FBFA1F4073BB70283F184D22072C28A81A95C83497CB4760496380D7ED86187A5214386E45074FEF9E7A7112346A4010306AC148CAFBAEAAAFC9A98798CC0B4DB6EBBA53823B064C992A6D7BCFCF2CBE9E8A38FCE7F8C757575F9FB47901A3A7468BE1F8F1F7BECB139689D75D65939204590DA77DF7D7370EADFBF7F9A366D5A7EFC9E7BEE49FBECB34F9E8DAC82605C51FD1BEDF2CB2F4FDFFDEE77D3DFFEF6B7FC0628FA2A82EA31C71C93FBE56B5FFB5AFAE8A38FF46FFB0CC636890A356A480DD1DA7AF4E8910FAAAD29FEBDD21FEB920A0AC6AB9C412C77708AD9C008341D3A74C8A7B5274D9A944351DC8FE515F158118C639D6A8499D21B9D3CFB18EB462310C5636FBEF9666E717BCE9C39F9F5BD7BF7CE5F1F33D0716A3EFE9D589A11F737D86083FC7CF173DC79E79D39B4C5ED084EF1DA3DF6D82307A798E5DC73CF3DF35AD80A0EC615D9BFB1F6374268F46504DEF8BDFEEA57BF4A3FFDE94FD38F7EF4A3B4CB2EBBA44B2FBD54FFB6F3606C93A850A386D410ADFC87540E95BE11A61282D3EBAFBF9EAEB9E69A1C548ACD53118CEFB8E38E7CFBE1871F6E0AC6B1ACA2F9BAD496DAC5175F9C5F1F3380071E78605EE31A6B4AE3B90848717FFFFDF76F9A218C4D58F17C84F138C51FC12966AA238045708A53F84518F391D0ABD762ADEFF6DB6F9FC36AD122BC1E7AE8A1E9C73FFE710EC81150172D5AA47F2B3C18B7662B47A889375DCDD79B8F1D3B363DFFFCF379F94DBC61B709B8BA5A6BD4D0279F7C92CF5015F7631371F4719C1D5B9335396BD6ACAAAF2DC1B8C29C7AEAA9FF6AED19E3C6C6C6F96B6BC6786D6AED03D2534F3D95B6DA6AABB4E9A69BA6A38E3A2A5D7BEDB539181F79E49129AE2412A7DB8B601C07A1F863BEF0C20B73D88ADBF1812D45A88EFB11708A3FF208469B6FBE793AE49043F2A9F2785D04A9B81F8F17C1E9B4D34ECBCFC5ECE3ADB7DEBACA35A86DE55D7639024704DEBE7DFB36B5B83A45B19422AE4E117D114B68F46FE506E35698ED2BFB26E0A8C158D655DC8F0DA2279F7C72FAF6B7BFDD7456C326E08A9E316EF51A7AF0C10797DB231167C3E2FE9FFEF4A7E57E7731CEC498D4528B336A11B29B7FEF2953A6E44984F87E510B454D15ADDA6A4B30AE30A580B5ACB5D718BFF7DE7B6FAEAD35C66D2918C7C168E79D77CE21E9924B2E49B1493282F141071D943A75EA9467165B5A635CDCEFD8B1631E40E21D71F3D7C500116B4A637D6A1CD862D0183C7870BEDF7C4D69BCD38EF0D6FC54FB8AC129AEA670CB2DB708C65FA2C560FCFDEF7F3F078D582F1CB3C445308EE77FF2939FA45EBD7AE9DFF6198C2B6293685CE33E42442CABF9CD6F7E930E3EF8E01C7A6313E7F7BEF7BD3C46C51BAE5816649368C505E3B2D45004D7E89F7813FFAD6F7D2B87E2E22A4AF1782CFD8AD7C51BFAE8DF3FFEF18F2BB5471E7924C5078F458D34FFDE63C68CC9B5F5F5AF7F3DCF48C7F7FDC637BE916BA4784DB5D596605C61AEB8E28A19AD7D558AE79E7BEE4F6BEBAA146D2918C7A99CB8B66DCC1CC76C62FCB1B6B49462C503529C7E8F19C5F89963AD6A0C4831A014AF8B35A6118662263A0E743188C406BFB81F8F7FD61AD4086AF1B3148346CC0E4550178C57BF45FFDD77DF7DF976F7EEDD53E9209607E998598BD9B8F81DC79B22FDDBAE8271456D122D1D23F259AB0812B1C4276A23368CC69BB908C6F1585C72F089279EB049B4728271596BA8982D8E374CF1C6BF6831A6C5E311408BD7FEE0073FC8B3C2D18F458BFB1164E3185704E39933673605DA98C98DB01D01F817BFF8457E4D3C1EFFEF7FFDEB5FABAEB604E30A531AE4EE6AEDEB189706CDA7D7D6758CDB52301E346850FE638D3FE83815147FB4B1712AFE486346314E8DC74127DE55175F533C16AF5B6FBDF5D2B061C3D28C1933F21F7B7CAF629DD5B871E3D2A851A39AD60BC6BF51ACD58AFFCF625627FE7BCA29A7E419A238FD1403567C9F18A08A251E71EAE9B2CB2E138CBF64308EBE8ADF65ACF38D19E31880236C5C77DD75B9BF9AAF71D3BF6D3A1857E426D168BFFBDDEFF29BA798E18B7129DE6CC5329C08C61190A30E6366D826D1B2D76945D450CCF646FFC45AF3E68F47BFC7E3CF3DF75CD363B156FDC9279FCC4B2C8A16934171E5A5E6C1B867CF9EB9564E38E184FCA62BC6A5A2C5FD3826C698585CF7BD9A6A4B30AE3003060CF88F5221FDB3153FF96E49D7AE5DFF676D7DF25D5B0AC6B1F92E668767CF9E9DEFC7AC4CAC318D205CB4380D1E6B438BAF8903521CB0621672FEFCF94D8F2F5EBC38CFE2347FAC6871BDDC1814E274D18ACFDD7DF7DD79B6E78C33CEC89BB2E2A058ACE78A9FE7B8E38ECB03D6DCB97305E32FD1E24D4EFC1EE3E01001237ECF31631CC17855AFD7BF6D371857729DC6EC5CB14133F63844C0883770118CE30D54DC8FDAB149D4B1ACF98C71D4479CA92A5A71F6AAF98CF12BAFBCB2CA1A8933D9CD8371BC298B6BBFC7F78EFA58B1C56BE32C5A315655536D09C615A85FBF7E6FC73AB2565A46715FE92033B61A7F4F2E71D3B62F71A37F5DC248305EF59BB1AFFC7B83669C568E19DFEF7CE73BF92C42049F784356BCD62651C7B2E21AFCBFFCE52FF39BEBB8EE7EF45DD451DC8FC79BEF8978EDB5D7F2F3512771FBDFBFCF1C989B07E368F106BE98F58D3367B12EB8B8A24FBC2EF6E534DF67512DB5251857A05EBD7A752ABDD3FFB415668D3FECDAB5EBE42E5DBA74178C35C158138C2BBF4E63BD66CCF0C65987D80C5A2CEF8A2578118C638D7BCC064668B149D4B1AC08B031BB1B1BC5AFBEFAEAF4CD6F7E33D749EC9989A55BB16E7DC5601CB3B6D1EFD1AF2D05E3E62D96EA34FF3EB1E421CE8055636D09C615AAA6A6664ABC635B9B623D73CC167FDEFA27C158138C35C1B872EAB458631CEBD6E3CA14B14633667D2318C7D28AB894E4BDF7DE6B93A86359AE8BE893987D8D4FEE8C40F9D65B6FE51A8AC01C7DFAD5AF7EB5E9CA147FF9CB5F9AF6D1C4128768116823307F91601CB3D3B1142D667C9B07E36AAA2DC1B842C59ADF9E3D7B364601AF0D53A64C1956FA37E675E9D265EF6AFD1D094E82B12618B7B7712866EE623366CCF8C626A9D8301AF7E3B9382D1DEB3157FC1A9B44DBEFB12CCE2EC4EC6D2C9B89250E114AE3CA3A31431BFD1BFB23A29662B94DF1411D7126225E5F7C8FD87817B3B87165890D37DC7095FF4E7C8FA8BDE2FBC6A52FE33271C5F3D5545B827105EBDEBD7BB79A9A9ABF353434ACD1505C2AF8715DBB769D53AD4B280427C158138CDBEB38145710886BD1C62C70CCFAC565B78A4D9EF1D1E5F1E99C36893A96355F671ED7212E366DC646E21FFEF087396046D88D4BF6C559838F3EFAE83397EFC42501E35AFD71759E55BD26CE3EC465D5E2FBACAA9EAAA9B604E30AD7AD5BB79E7DFAF4F9784DCD1CC74C7184E2CE9D3BF7AFF6DF8DE024186B82B17148138C35C1B89D2985D89F75EFDE7DF1134F3CF1C9FF6343DE8783070FBE37964F945A8FB6F07B319808C69A606C1CD204634D306E8762CD71D7AE5D47D6D4D4CC9F3C7972E3EA5CA778C488110F9482F5A4D86857CD6B8A0D2682B1E66021186B82B1A686687E40383902728F1E3D1A060D1A346DDCB87173EAEBEBE7C53AA1D0D8D838FFBDF7DE7BB3AEAEEEA9ABAFBEFA996EDDBACD8C401CB3C4D57AF509838960AC395808C69A60ACA9215A540ABC3B77E9D2A56FE900F148A9CD2AB525FFFE4CF6F8EFDC521B1E1FF35C8D9F6867303198E85F070BC158138C35350406138389FE75B0108C35C158534360303198E85F070BC158138C35350406138389FE75B0108C35C158534360303198E85F070BC158138C35350406138389FE75B0108C35C158534360303198E85F070BC158138C35350406138389FE75B0108C35C158DFA9213098184CF4AF838560AC09C66A480D81C1C460A27F1D2C04634DA851436A080C260613FDEB6021186B428D1A524360303198E85FFD2B186B428D1A524360303198E85FFD2B186B428D1A524360303198E85FFD2B186B428D1A524360303198E85FFD2B186B428D1A524360303198E85FFD2B186B428D1A524360303198E85FFD2B186B428D1A5243B0168D1C39D21F71E5B425A5C1E453FDAB7F05634DA851436A08CA60CC9831F31A1A1AFC215740ABAFAF7FB034984CD7BFFA5730D6841A35A486A00C468D1AF59FA3478F5EB460C182467FCCE59B498CD054575737A7D44ED6BFFA5730D6841A35A486A04C4A07EB8EA5229E14A779A398B5566FF17B9FBEB64293FE6DDBFD2B186B428D1A52430020186B428D1A524300D07682B14DA23689AA2135040082F1576C12B549540DA92100108C339B446D1255436A080004E37FB349D4265135A486004030060000C118000004630000108C01004030060000C118000004630000108C01004030060000C118000004630000108C01004030060000C118000004630000108C01004030060000C118000004630000108CBFAC9452879933673E3271E2C47F8E1C3932D5D6D66AADDCEAEAEAD2983163FEB7D4BAFBEB000004E33289503C76ECD8D4D0D090962D5BA695A92D5CB830BDF0C20B8B4B21F9647F210080605C0631532C14574C385E565B5B3BDD5F0800201897412C9F104A2BA79582F1A7FE420000C1B80C628DAB405A51C1D8C64C004030AEE460FCC9A27969E6A47BD3B4BA81B9C5ED784C98158C0100DA4D30FEF8C3FA34F5B92BD26B4F5FB45C8BC7E23981563006006817C178EEB427570AC5457B77DA708156300600681FC178FAF337B4188CE33981563006006817C1786AEDD52D06E3784EA0158C01000463C158300600682FC138AE42D152308EE7045AC11800A05D04E319E3FFABC5601CCF09B482310040BB08C6EFD74F4953475CB5F2328AD263F19C402B180300B48B601C6DD62B43570AC6F198302B180300B49F60BC74699AF1E2ED2B2FA3283D16CF09B4823100409B0FC6F1C9766F8DBFA5C535C6F19C4FBF138C0100DA6E305EBA34CD9B312ABDFEEC652D86E2A2C56BE2B5668F0563008036158C3F6F96D8ECB1600C00D02E82F1179925FEACD96301573006006813C1F8CB86E2A209B8823100409B08C69A600C0020186B8231008060AC09C6000082B12618030008C69A600C0020180BA482310080602C180BC6000082B1602C18030008C682B1600C0020180BC682310080602C180BC6000082B1602C18030008C682B1600C0020180BC6823100407B0BC65DBA74A92DB5C30463C11800A05D07E3F837A24540EEDCB9F32182B1600C00D0AE8371B3F6CCAA66900563C11800A0BD05E3A619E4E6015930168C0100DA65306E3E831C4B2C0463C11800A0ACC1B8525AB982F14B2FBD941A1B1BBFD06B3FF8E083346FDEBCD5FAFEE3C78F4F37DF7C738BCF4F9F3E3D3DFEF8E3F9F6E4C993D3BBEFBE9B962E5D9A7FAE050B1608C60000ED207C4FEADCB973C7238E38A243BCAE1CC1B8A1A1216DB4D146E9CA2BAFCCF777DF7DF7B4EDB6DB36B59D76DA69B9D7F7EBD72F6DB3CD36CB3DF6E28B2FA6C30F3F3CBDFDF6DBF9FE840913D2D9679F9DCE3BEFBCDCF6DE7BEF0898E9F4D34F6F7A2C9E8FAF8BD7DF7EFBED698B2DB6C8B777DD75D774FDF5D7E7DBEBAFBF7EBAFFFEFB05630080361C8C970BC4857204E3810307A6ADB7DEBA696676871D7648353535E9A1871E4A175C7041DA72CB2D977B7D04E81D77DC31DF9E3A756A3AF5D453D3BAEBAE9B0E38E080A6A01B5F1B41B84B972EB91D7FFCF169BFFDF64B279D7452D363EBACB34E0EBD312B7CE69967A6CD36DB2C3DF3CC3369AFBDF64A37DD7453FE3E1B6FBC717AECB1C7D21B6FBCB1DAB3D4823100406507E309A55078C28A81B85CC1F8D5575FCD813496391C76D86169C8902139F49E7FFEF969C4881169C080012B05E3ABAEBA2ABFE681071EC88178B7DD764B77DD75575AB26449D36B5E7EF9E574F4D147E76059575797BF7F04E5A14387E6FBF1F8B1C71E9B83F459679D95037004E57DF7DD3707E3FEFDFBA769D3A6E5C7EFB9E79EB4CF3EFBE4D966C11800A0FA83F12A6788CB1D8C63B637026B870E1DF2B285499326E5D01BF76379453C5604E377DE792787D573CF3D376DB7DD76795D7004DE78ECCD37DFCC2D6ECF993327BFBE77EFDEF9EB63063A965EC4BF134B33E2FE061B6C909F2F7E8E3BEFBC33CF5AC7ED08C6F1DA3DF6D82307E34D36D924EDB9E79EA9BEBE5E300600682F5A3B18BFFEFAEBE99A6BAEC941B4D81C17C1F88E3BEEC8B71F7EF8E1A6601CCB2AE2759FD72EBEF8E2FCFA98E13DF0C003D3A38F3E9AD70CC7731180E3FEFEFBEFDF34031C9BECE2F908E3279E78620EC631531D013B82712CD128C2B6600C002018AF95F6D4534FA5ADB6DA2A6DBAE9A6E9A8A38E4AD75E7B6D0EC6471E79643AE79C73D231C71CD3148C638D6F5C2DE2C20B2F4CDB6FBF7DBE3D7CF8F0A6501DF723C0166B9523F86EBEF9E6E990430EC94B21E2751194E37E3C5E04E3D34E3B2D3F17B3CBB7DE7AEB2AD718DB7C07002018AFD5166B8A77DE79E71C802FB9E4923471E2C41C8C0F3AE8A0D4A953A774E8A187B6B8C6B8B8DFB163C7BC44229656347F5D04DF58331CEB8F2FBDF4D21C7E070F1E9CEF375F331C97728BD9E8E64B29560CC6B7DD765BBAE5965B04630000C178EDB458C6B070E1C23C73DCB76FDF1C485B5A4AB1E25529162D5A94678CE367DE65975DF265DDC68C19D3F4BA58431C613766A20F3EF8E01C8C63835FDC8FC73F6B8D71AF5EBDF2CF5204E3B8445C0475C1180040305E2B6DD0A041F96A10115AE35AC331C31B1BE3624637669163E9435C79E2A28B2E6AFA9AE2B178DD7AEBAD97860D1B9666CC9891036D7CAF62ADF2B871E3D2A851A3F2EDB163C7E67F63D6AC594D81B3B8B45BFCF794534EC91BF4E2FAC6B1E92FBE4F5CD2AD58E211D736BEECB2CB04630000C178ED6DBE8BD9E1D9B367E7FB37DE78635E431C41B868B1CC21D6FE165F1357A58875C1F7DD775F9A3F7F7ED3E38B172FCECB2C9A3F56B4D1A347E719E1B81EF18ACFDD7DF7DDF9926F679C7146DE741761BDF8A090F8798E3BEEB8D4B367CF3477EE5CC118004030D66CBE0300108C35C118004030D604630000C158138C010004634D300600108C35C118004030D604630000C15820158C01000463C1583006004030168C0100108C056300000463C1180000C1583006004030168C0100108C056300000463C1180000C1583006004030168C0100108C056300000463C1180000C1583006004030168C0100108C056300000463C1180000C1583006004030168C0100F832468E1C2990564E5B520AC69FAA4A008032183366CCBC868606A1B4025A7D7DFD83A5603C5D55020094C1A851A3FE73F4E8D18B162C58D0289C966FA63842715D5DDD9C523B595502009449298C75ACADAD9D14A7F1638DABD6EA2D7EEFD38562000000000000000000000000000000000000000000000000800AF17F9721658F8DAEA2C70000000049454E44AE426082, 1);
INSERT INTO `act_ge_bytearray` VALUES ('9017f94b-7ada-11e9-8a3c-1adfe5f2fe72', 1, '请假流程.bpmn20.xml', '9017f94a-7ada-11e9-8a3c-1adfe5f2fe72', 0x3C3F786D6C2076657273696F6E3D22312E302220656E636F64696E673D225554462D38223F3E0A3C646566696E6974696F6E7320786D6C6E733D22687474703A2F2F7777772E6F6D672E6F72672F737065632F42504D4E2F32303130303532342F4D4F44454C2220786D6C6E733A7873693D22687474703A2F2F7777772E77332E6F72672F323030312F584D4C536368656D612D696E7374616E63652220786D6C6E733A7873643D22687474703A2F2F7777772E77332E6F72672F323030312F584D4C536368656D612220786D6C6E733A666C6F7761626C653D22687474703A2F2F666C6F7761626C652E6F72672F62706D6E2220786D6C6E733A62706D6E64693D22687474703A2F2F7777772E6F6D672E6F72672F737065632F42504D4E2F32303130303532342F44492220786D6C6E733A6F6D6764633D22687474703A2F2F7777772E6F6D672E6F72672F737065632F44442F32303130303532342F44432220786D6C6E733A6F6D6764693D22687474703A2F2F7777772E6F6D672E6F72672F737065632F44442F32303130303532342F44492220747970654C616E67756167653D22687474703A2F2F7777772E77332E6F72672F323030312F584D4C536368656D61222065787072657373696F6E4C616E67756167653D22687474703A2F2F7777772E77332E6F72672F313939392F585061746822207461726765744E616D6573706163653D22687474703A2F2F666C6F7761626C652E6F72672F74657374223E0A20203C70726F636573732069643D22413122206E616D653D22E8AFB7E58187E6B581E7A88B2220697345786563757461626C653D2274727565223E0A202020203C646F63756D656E746174696F6E3EE8AFB7E58187E6B581E7A88B3C2F646F63756D656E746174696F6E3E0A202020203C73746172744576656E742069643D2273746172744576656E7431223E3C2F73746172744576656E743E0A20203C2F70726F636573733E0A20203C62706D6E64693A42504D4E4469616772616D2069643D2242504D4E4469616772616D5F4131223E0A202020203C62706D6E64693A42504D4E506C616E652062706D6E456C656D656E743D224131222069643D2242504D4E506C616E655F4131223E0A2020202020203C62706D6E64693A42504D4E53686170652062706D6E456C656D656E743D2273746172744576656E7431222069643D2242504D4E53686170655F73746172744576656E7431223E0A20202020202020203C6F6D6764633A426F756E6473206865696768743D2233302E30222077696474683D2233302E302220783D223130302E302220793D223136332E30223E3C2F6F6D6764633A426F756E64733E0A2020202020203C2F62706D6E64693A42504D4E53686170653E0A202020203C2F62706D6E64693A42504D4E506C616E653E0A20203C2F62706D6E64693A42504D4E4469616772616D3E0A3C2F646566696E6974696F6E733E, 0);
INSERT INTO `act_ge_bytearray` VALUES ('9021e45c-7ada-11e9-8a3c-1adfe5f2fe72', 1, '请假流程.A1.png', '9017f94a-7ada-11e9-8a3c-1adfe5f2fe72', 0x89504E470D0A1A0A0000000D494844520000008C000000CB0806000000BC9D7BEA000003A14944415478DAEDDA514BDD651800F05DECA20FD1C5A0A03E861F22F1CC73D083138F2EDD7426082ACAF44291E1B52084B1E822868A593A2C8C6449A1E88188562DC7E63C7823A33AA633FFBD6FB49B88684C4FFC8FBF1F1CCE9D071E1F9EF7799FE7BD700100000000000000000000000000000000000000000000000000000000000000000000000000000000000000000000000000000000000000000000000000000000000000000000000000000000000000000000000000000000E0DF2549F24AB1582C4C4F4F7F3E3A3AFAF4DAB56BCFF2F97C92C964925C2E77D2D6D676D8D7D7F7606C6CEC76F8BC2162E73851EEDCB9F3DEF0F0F0B3CECECE64727232595B5B4B76767692838383248ADF7B7B7BC9FAFA7A12122AB97EFDFA495757D7764B4B4BB3089E2321319A4646467EEBE9E9F933198E8F8F93FF6A737333E9EDED3D2E140ADFD6D6D6BE2E9AD55D552ECECDCD7DD6DADA9ACCCFCFBF50A2FCDDE2E262D2D4D454566DAA3859565656BEEAE8E848EEDFBF9F9C86EDEDED24245FB9B9B9F96D11AE32B1B2C464893DC9698A7F2F54999F2F5FBE9C13E52AEA59E231745A95E59F2A4D4343C37E489A3745BB0A6E43376FDE3C8C3DCB595A58582867B3D92F453CE5666666DE8FB7A1A3A3A3E4AC5DBD7AB5E4684A79758973967875AE84ADADAD435526C5E2043736BA2F737D7E51E1AA5DCA643297443F85E2B87F6A6A2AA9A4898989CD9030EF887E0AC5DD501CF757D2BD7BF7B643C2CC8B7E0AC545E2EEEE6E4513A6542AED85847924FA2914B7CECF178995127F2F24CC81E8A7507CA2F07F88BF2BFA29D4D8D87852E90A532E974B2A4C4A852BF561A57B98274F9E7CA78749A9818181EF2B7D4B5A5A5AFAD82D29A5C6C7C7A72A3D87191C1C5C308749A9FEFEFED7DADBDB7FAFE0A4F7A0BEBEFE4793DE14BB71E3C60F95DA2585E3E87648962F443DC5AE5CB952DBDDDDFDAC0255663F54970DDBEA2A5028148A67FD1E26F64BB1BAD4D4D45C14F1F40FF02EC507DB67F5E2AE582CCE85DFD8F5E2AE8AE472B96CA834BF9EF69BDEC78F1FAF86A3E8A1A3A80A65B3D9A6F860FBB42A4DAC2C3159EAEAEA7A45B74A857F6E26549BA7B3B3B3BFBC4423BC7FEBD6AD77E331143E79513D073D4DA80C9F8623AAB4B1B1517E9139CBDDBB773F0809F7756C70F52CE72F71DE8A8993CFE7F7464747BF595D5D7DB8B3B3B3FB7C611917897137B4BCBCFCD1D0D0D027E1487B1013255615B7A1F3DDDBBC1AAA456748840FC3E7A7B86D8E4F14FEFA7E14774371DC6F820B00000000E7C01F41E85092D22E8E5E0000000049454E44AE426082, 1);
INSERT INTO `act_ge_bytearray` VALUES ('9176b863-7d3b-11e9-baed-1adfe5f2fe72', 1, '请假流程.bpmn20.xml', '9176b862-7d3b-11e9-baed-1adfe5f2fe72', 0x3C3F786D6C2076657273696F6E3D22312E302220656E636F64696E673D225554462D38223F3E0A3C646566696E6974696F6E7320786D6C6E733D22687474703A2F2F7777772E6F6D672E6F72672F737065632F42504D4E2F32303130303532342F4D4F44454C2220786D6C6E733A7873693D22687474703A2F2F7777772E77332E6F72672F323030312F584D4C536368656D612D696E7374616E63652220786D6C6E733A7873643D22687474703A2F2F7777772E77332E6F72672F323030312F584D4C536368656D612220786D6C6E733A666C6F7761626C653D22687474703A2F2F666C6F7761626C652E6F72672F62706D6E2220786D6C6E733A62706D6E64693D22687474703A2F2F7777772E6F6D672E6F72672F737065632F42504D4E2F32303130303532342F44492220786D6C6E733A6F6D6764633D22687474703A2F2F7777772E6F6D672E6F72672F737065632F44442F32303130303532342F44432220786D6C6E733A6F6D6764693D22687474703A2F2F7777772E6F6D672E6F72672F737065632F44442F32303130303532342F44492220747970654C616E67756167653D22687474703A2F2F7777772E77332E6F72672F323030312F584D4C536368656D61222065787072657373696F6E4C616E67756167653D22687474703A2F2F7777772E77332E6F72672F313939392F585061746822207461726765744E616D6573706163653D22687474703A2F2F7777772E666C6F7761626C652E6F72672F70726F63657373646566223E0A20203C70726F636573732069643D22413122206E616D653D22E8AFB7E58187E6B581E7A88B2220697345786563757461626C653D2274727565223E0A202020203C646F63756D656E746174696F6E3EE8AFB7E58187E6B581E7A88B3C2F646F63756D656E746174696F6E3E0A202020203C73746172744576656E742069643D2273746172744576656E7431223E3C2F73746172744576656E743E0A202020203C757365725461736B2069643D227369642D34434431344430332D353733322D343345342D394134432D35414342454445323036344222206E616D653D22E7BB84E995BFE5AEA1E689B92220666C6F7761626C653A61737369676E65653D2231303637323436383735383030303030303031223E0A2020202020203C657874656E73696F6E456C656D656E74733E0A20202020202020203C6D6F64656C65723A61637469766974692D69646D2D61737369676E656520786D6C6E733A6D6F64656C65723D22687474703A2F2F666C6F7761626C652E6F72672F6D6F64656C6572223E3C215B43444154415B747275655D5D3E3C2F6D6F64656C65723A61637469766974692D69646D2D61737369676E65653E0A20202020202020203C6D6F64656C65723A61737369676E65652D696E666F2D656D61696C20786D6C6E733A6D6F64656C65723D22687474703A2F2F666C6F7761626C652E6F72672F6D6F64656C6572223E3C215B43444154415B726F6F744072656E72656E2E696F5D5D3E3C2F6D6F64656C65723A61737369676E65652D696E666F2D656D61696C3E0A20202020202020203C6D6F64656C65723A61737369676E65652D696E666F2D66697273746E616D6520786D6C6E733A6D6F64656C65723D22687474703A2F2F666C6F7761626C652E6F72672F6D6F64656C6572223E3C215B43444154415B61646D696E5D5D3E3C2F6D6F64656C65723A61737369676E65652D696E666F2D66697273746E616D653E0A20202020202020203C6D6F64656C65723A696E69746961746F722D63616E2D636F6D706C65746520786D6C6E733A6D6F64656C65723D22687474703A2F2F666C6F7761626C652E6F72672F6D6F64656C6572223E3C215B43444154415B66616C73655D5D3E3C2F6D6F64656C65723A696E69746961746F722D63616E2D636F6D706C6574653E0A2020202020203C2F657874656E73696F6E456C656D656E74733E0A202020203C2F757365725461736B3E0A202020203C73657175656E6365466C6F772069643D227369642D30443443324238332D373230352D343937352D384531452D3844423531323832393239342220736F757263655265663D2273746172744576656E743122207461726765745265663D227369642D34434431344430332D353733322D343345342D394134432D354143424544453230363442223E3C2F73657175656E6365466C6F773E0A202020203C757365725461736B2069643D227369642D31463541364145332D363141372D344135442D424437342D44323841444245364534314222206E616D653D22E983A8E995BFE5AEA1E689B92220666C6F7761626C653A61737369676E65653D2231303637323436383735383030303030303031223E0A2020202020203C657874656E73696F6E456C656D656E74733E0A20202020202020203C6D6F64656C65723A61637469766974692D69646D2D61737369676E656520786D6C6E733A6D6F64656C65723D22687474703A2F2F666C6F7761626C652E6F72672F6D6F64656C6572223E3C215B43444154415B747275655D5D3E3C2F6D6F64656C65723A61637469766974692D69646D2D61737369676E65653E0A20202020202020203C6D6F64656C65723A61737369676E65652D696E666F2D656D61696C20786D6C6E733A6D6F64656C65723D22687474703A2F2F666C6F7761626C652E6F72672F6D6F64656C6572223E3C215B43444154415B726F6F744072656E72656E2E696F5D5D3E3C2F6D6F64656C65723A61737369676E65652D696E666F2D656D61696C3E0A20202020202020203C6D6F64656C65723A61737369676E65652D696E666F2D66697273746E616D6520786D6C6E733A6D6F64656C65723D22687474703A2F2F666C6F7761626C652E6F72672F6D6F64656C6572223E3C215B43444154415B61646D696E5D5D3E3C2F6D6F64656C65723A61737369676E65652D696E666F2D66697273746E616D653E0A20202020202020203C6D6F64656C65723A696E69746961746F722D63616E2D636F6D706C65746520786D6C6E733A6D6F64656C65723D22687474703A2F2F666C6F7761626C652E6F72672F6D6F64656C6572223E3C215B43444154415B66616C73655D5D3E3C2F6D6F64656C65723A696E69746961746F722D63616E2D636F6D706C6574653E0A2020202020203C2F657874656E73696F6E456C656D656E74733E0A202020203C2F757365725461736B3E0A202020203C73657175656E6365466C6F772069643D227369642D32434146354230452D423434332D344246412D414638382D3231324132323730373241332220736F757263655265663D227369642D34434431344430332D353733322D343345342D394134432D35414342454445323036344222207461726765745265663D227369642D31463541364145332D363141372D344135442D424437342D443238414442453645343142223E3C2F73657175656E6365466C6F773E0A202020203C757365725461736B2069643D227369642D42314246453833452D343637382D343637322D414446422D45423231433234394442424222206E616D653D22E68E92E995BFE5AEA1E689B9223E3C2F757365725461736B3E0A202020203C73657175656E6365466C6F772069643D227369642D44373032423934442D353938462D343632342D394633372D4634343033323336413331362220736F757263655265663D227369642D31463541364145332D363141372D344135442D424437342D44323841444245364534314222207461726765745265663D227369642D42314246453833452D343637382D343637322D414446422D454232314332343944424242223E3C2F73657175656E6365466C6F773E0A202020203C757365725461736B2069643D227369642D41364439383739462D334541452D344639412D393137312D38364245333530393043333822206E616D653D22E680BBE58FB8E4BBA4E5AEA1E689B9223E3C2F757365725461736B3E0A202020203C73657175656E6365466C6F772069643D227369642D32384539433232302D313535342D343237312D393233312D4634463232463236303441352220736F757263655265663D227369642D42314246453833452D343637382D343637322D414446422D45423231433234394442424222207461726765745265663D227369642D41364439383739462D334541452D344639412D393137312D383642453335303930433338223E3C2F73657175656E6365466C6F773E0A202020203C757365725461736B2069643D227369642D30413839393632432D343943342D344237322D423446372D31383634433331343336443822206E616D653D22E7BB84E995BFE5AEA1E689B92220666C6F7761626C653A61737369676E65653D2231303637323436383735383030303030303031223E0A2020202020203C657874656E73696F6E456C656D656E74733E0A20202020202020203C6D6F64656C65723A61637469766974692D69646D2D61737369676E656520786D6C6E733A6D6F64656C65723D22687474703A2F2F666C6F7761626C652E6F72672F6D6F64656C6572223E3C215B43444154415B747275655D5D3E3C2F6D6F64656C65723A61637469766974692D69646D2D61737369676E65653E0A20202020202020203C6D6F64656C65723A61737369676E65652D696E666F2D656D61696C20786D6C6E733A6D6F64656C65723D22687474703A2F2F666C6F7761626C652E6F72672F6D6F64656C6572223E3C215B43444154415B726F6F744072656E72656E2E696F5D5D3E3C2F6D6F64656C65723A61737369676E65652D696E666F2D656D61696C3E0A20202020202020203C6D6F64656C65723A61737369676E65652D696E666F2D66697273746E616D6520786D6C6E733A6D6F64656C65723D22687474703A2F2F666C6F7761626C652E6F72672F6D6F64656C6572223E3C215B43444154415B61646D696E5D5D3E3C2F6D6F64656C65723A61737369676E65652D696E666F2D66697273746E616D653E0A20202020202020203C6D6F64656C65723A696E69746961746F722D63616E2D636F6D706C65746520786D6C6E733A6D6F64656C65723D22687474703A2F2F666C6F7761626C652E6F72672F6D6F64656C6572223E3C215B43444154415B66616C73655D5D3E3C2F6D6F64656C65723A696E69746961746F722D63616E2D636F6D706C6574653E0A2020202020203C2F657874656E73696F6E456C656D656E74733E0A202020203C2F757365725461736B3E0A202020203C73657175656E6365466C6F772069643D227369642D44363430363335432D394637382D343145302D413436432D4531364244313534323041342220736F757263655265663D227369642D31463541364145332D363141372D344135442D424437342D44323841444245364534314222207461726765745265663D227369642D30413839393632432D343943342D344237322D423446372D313836344333313433364438223E3C2F73657175656E6365466C6F773E0A20203C2F70726F636573733E0A20203C62706D6E64693A42504D4E4469616772616D2069643D2242504D4E4469616772616D5F4131223E0A202020203C62706D6E64693A42504D4E506C616E652062706D6E456C656D656E743D224131222069643D2242504D4E506C616E655F4131223E0A2020202020203C62706D6E64693A42504D4E53686170652062706D6E456C656D656E743D2273746172744576656E7431222069643D2242504D4E53686170655F73746172744576656E7431223E0A20202020202020203C6F6D6764633A426F756E6473206865696768743D2233302E30222077696474683D2233302E302220783D2239302E302220793D223135302E30223E3C2F6F6D6764633A426F756E64733E0A2020202020203C2F62706D6E64693A42504D4E53686170653E0A2020202020203C62706D6E64693A42504D4E53686170652062706D6E456C656D656E743D227369642D34434431344430332D353733322D343345342D394134432D354143424544453230363442222069643D2242504D4E53686170655F7369642D34434431344430332D353733322D343345342D394134432D354143424544453230363442223E0A20202020202020203C6F6D6764633A426F756E6473206865696768743D2238302E30222077696474683D223130302E302220783D223136352E302220793D223132302E30223E3C2F6F6D6764633A426F756E64733E0A2020202020203C2F62706D6E64693A42504D4E53686170653E0A2020202020203C62706D6E64693A42504D4E53686170652062706D6E456C656D656E743D227369642D31463541364145332D363141372D344135442D424437342D443238414442453645343142222069643D2242504D4E53686170655F7369642D31463541364145332D363141372D344135442D424437342D443238414442453645343142223E0A20202020202020203C6F6D6764633A426F756E6473206865696768743D2238302E30222077696474683D223130302E302220783D223238352E302220793D223132302E30223E3C2F6F6D6764633A426F756E64733E0A2020202020203C2F62706D6E64693A42504D4E53686170653E0A2020202020203C62706D6E64693A42504D4E53686170652062706D6E456C656D656E743D227369642D42314246453833452D343637382D343637322D414446422D454232314332343944424242222069643D2242504D4E53686170655F7369642D42314246453833452D343637382D343637322D414446422D454232314332343944424242223E0A20202020202020203C6F6D6764633A426F756E6473206865696768743D2238302E30222077696474683D223130302E302220783D223435352E302220793D223132352E30223E3C2F6F6D6764633A426F756E64733E0A2020202020203C2F62706D6E64693A42504D4E53686170653E0A2020202020203C62706D6E64693A42504D4E53686170652062706D6E456C656D656E743D227369642D41364439383739462D334541452D344639412D393137312D383642453335303930433338222069643D2242504D4E53686170655F7369642D41364439383739462D334541452D344639412D393137312D383642453335303930433338223E0A20202020202020203C6F6D6764633A426F756E6473206865696768743D2238302E30222077696474683D223130302E302220783D223630302E302220793D223132352E30223E3C2F6F6D6764633A426F756E64733E0A2020202020203C2F62706D6E64693A42504D4E53686170653E0A2020202020203C62706D6E64693A42504D4E53686170652062706D6E456C656D656E743D227369642D30413839393632432D343943342D344237322D423446372D313836344333313433364438222069643D2242504D4E53686170655F7369642D30413839393632432D343943342D344237322D423446372D313836344333313433364438223E0A20202020202020203C6F6D6764633A426F756E6473206865696768743D2238302E30222077696474683D223130302E302220783D223435352E302220793D223232352E30223E3C2F6F6D6764633A426F756E64733E0A2020202020203C2F62706D6E64693A42504D4E53686170653E0A2020202020203C62706D6E64693A42504D4E456467652062706D6E456C656D656E743D227369642D44373032423934442D353938462D343632342D394633372D463434303332333641333136222069643D2242504D4E456467655F7369642D44373032423934442D353938462D343632342D394633372D463434303332333641333136223E0A20202020202020203C6F6D6764693A776179706F696E7420783D223338342E39353030303030303030303030352220793D223136302E30223E3C2F6F6D6764693A776179706F696E743E0A20202020202020203C6F6D6764693A776179706F696E7420783D223432372E352220793D223136302E30223E3C2F6F6D6764693A776179706F696E743E0A20202020202020203C6F6D6764693A776179706F696E7420783D223432372E352220793D223136352E30223E3C2F6F6D6764693A776179706F696E743E0A20202020202020203C6F6D6764693A776179706F696E7420783D223435352E302220793D223136352E30223E3C2F6F6D6764693A776179706F696E743E0A2020202020203C2F62706D6E64693A42504D4E456467653E0A2020202020203C62706D6E64693A42504D4E456467652062706D6E456C656D656E743D227369642D30443443324238332D373230352D343937352D384531452D384442353132383239323934222069643D2242504D4E456467655F7369642D30443443324238332D373230352D343937352D384531452D384442353132383239323934223E0A20202020202020203C6F6D6764693A776179706F696E7420783D223131392E39343939383730323932363837332220793D223136352E30223E3C2F6F6D6764693A776179706F696E743E0A20202020202020203C6F6D6764693A776179706F696E7420783D223134322E352220793D223136352E30223E3C2F6F6D6764693A776179706F696E743E0A20202020202020203C6F6D6764693A776179706F696E7420783D223134322E352220793D223136302E30223E3C2F6F6D6764693A776179706F696E743E0A20202020202020203C6F6D6764693A776179706F696E7420783D223136342E39393939393939393939383630322220793D223136302E30223E3C2F6F6D6764693A776179706F696E743E0A2020202020203C2F62706D6E64693A42504D4E456467653E0A2020202020203C62706D6E64693A42504D4E456467652062706D6E456C656D656E743D227369642D32384539433232302D313535342D343237312D393233312D463446323246323630344135222069643D2242504D4E456467655F7369642D32384539433232302D313535342D343237312D393233312D463446323246323630344135223E0A20202020202020203C6F6D6764693A776179706F696E7420783D223535342E393439393939393939393930372220793D223136352E30223E3C2F6F6D6764693A776179706F696E743E0A20202020202020203C6F6D6764693A776179706F696E7420783D223539392E393939393939393939393830372220793D223136352E30223E3C2F6F6D6764693A776179706F696E743E0A2020202020203C2F62706D6E64693A42504D4E456467653E0A2020202020203C62706D6E64693A42504D4E456467652062706D6E456C656D656E743D227369642D32434146354230452D423434332D344246412D414638382D323132413232373037324133222069643D2242504D4E456467655F7369642D32434146354230452D423434332D344246412D414638382D323132413232373037324133223E0A20202020202020203C6F6D6764693A776179706F696E7420783D223236342E393439393939393939393735362220793D223136302E30223E3C2F6F6D6764693A776179706F696E743E0A20202020202020203C6F6D6764693A776179706F696E7420783D223238342E39393939393939393939373739342220793D223136302E30223E3C2F6F6D6764693A776179706F696E743E0A2020202020203C2F62706D6E64693A42504D4E456467653E0A2020202020203C62706D6E64693A42504D4E456467652062706D6E456C656D656E743D227369642D44363430363335432D394637382D343145302D413436432D453136424431353432304134222069643D2242504D4E456467655F7369642D44363430363335432D394637382D343145302D413436432D453136424431353432304134223E0A20202020202020203C6F6D6764693A776179706F696E7420783D223338342E39343939393939393939383639372220793D223136302E30223E3C2F6F6D6764693A776179706F696E743E0A20202020202020203C6F6D6764693A776179706F696E7420783D223432302E302220793D223136302E30223E3C2F6F6D6764693A776179706F696E743E0A20202020202020203C6F6D6764693A776179706F696E7420783D223432302E302220793D223236352E30223E3C2F6F6D6764693A776179706F696E743E0A20202020202020203C6F6D6764693A776179706F696E7420783D223435342E39393939393939393939353534332220793D223236352E30223E3C2F6F6D6764693A776179706F696E743E0A2020202020203C2F62706D6E64693A42504D4E456467653E0A202020203C2F62706D6E64693A42504D4E506C616E653E0A20203C2F62706D6E64693A42504D4E4469616772616D3E0A3C2F646566696E6974696F6E733E, 0);
INSERT INTO `act_ge_bytearray` VALUES ('9188b9c4-7d3b-11e9-baed-1adfe5f2fe72', 1, '请假流程.A1.png', '9176b862-7d3b-11e9-baed-1adfe5f2fe72', 0x89504E470D0A1A0A0000000D49484452000002C60000013B0806000000DE8C47EF00001DE14944415478DAEDDD099055C5B907F0A8C4DD728F6B34FAE252A546AD18638C2696D1444BACA7A584B0181128C65DC40D15373406B54862F95C302E09F1B9C605D1A8CC80C8222886288244F1B18823303C15D40C1093F4BB5F57CED4B08C8A0FE6DE3BF3FB557579B719C6E96FFAFC6F9FEE73BFF215000000000000000000000000000000000000000000000000000000000000000000000000000000000000000000000000000000000000000000000000000000000000000000000000000000000000000000000000000000000000000000000000000000000000000000000000000000000000000000000000000000000000000000000000000000000000000000000000000000000000000000000000000000000000000000000000000000000000000000000000000000000000000000000000000000000000000000000000000000000000000000000000000000000000000000000000000000000000000000000000000000000000000000000000000000000000000000000000000000000000000000000000000000000000000000000000000000000000000000000000000000000000000000000000000000000000000000000000000000000000A05D4A2975983973E62313274EFCE7C89123536D6DADD6CAADAEAE2E8D1933E67F4BADBBFED5BF00409944681A3B766C6A686848CB962DD3CAD4162E5C985E78E185C5A51075B2FED5BF004019C44CA2D05431E169596D6DED74FDAB7F01803288D3EB424BE5B45270FA54FFEA5F00A00C620DA4C05251C129E95FFD0B00547030FE64D1BC3473D2BD695ADDC0DCE2763C26ECB48D60AC7F05E372B249D4265135A486A06A82F1C71FD6A7A9CF5D915E7BFAA2E55A3C16CF093CD51D8CF5AF605C6E3689DA24AA86D410544D309E3BEDC9954253D1DE9D36DC6050E5C158FF0AC6E56693A84DA26A480D41D504E3E9CFDFD062708AE70C04D51D8CF5AF605C6E3689DA24AA86D410544D309E5A7B758BC1299E3308547730D6BF8271358C439A3A55436A0804638389FED5BFC6219B44D5A91A5243502983490C1E2D05A778CE2050DDC158FF3A5854C3386493A83A55436A082A62309931FEBF5A0C4EF19C41A0BA83B1FE75B0A88671C8265175AA86D41054C460F27EFD943475C4552BBFCB2E3D16CF1904AA3B18EB5F078B6A18876C1255A76A480D41450C26D166BD3274A581241E3300B48D0FF8D0BF0E16953E0E590BAF4ED5901A82CA08C64B97A6192FDEBEF269F6D263F19C41A0CA83B1FE75B0106A34C158DF1BEBE0F30793D890F0D6F85B5A1C4CE2399B16AA3718EB5F078B6A09353689AA5335A486A07C83C9D2A569DE8C51E9F5672F6B7120295ABC265E6B76B18A82B1FE75B0A8B2506393A83A55436A08CA32987CDE2CA2D9C5EA0EC6FAD7C1A21A438D4DA2EA540DA92128CB60F24566113F6B76D1A050D9C158FF3A585463A8B149549DAA21350465194CBE6C682A9A41A1B283B1FE75B0A8CA506393A83A55436A082AE55DB6D6B62FD7A6395854F2386493A83A55436A0804638389FED5BFED7B1CB249549DAA21350482B1C144FFEADFF63E0ED924AA4ED5901A02C1D8602218EB5FE3904DA2EA540DA921108C35C158FF1A876C1255A76A480D8160AC09C6FAD738A4A95335A486C060A209C6FAD738A4A95335A486C060A209C6FAD738A43ED4A91A52436030D10463FD6B1C52A7EA540DA921CA2AA5B4E19429536A7EFFFBDFBF3068D0A0C5E79E7BEEA73D7AF4483FFBD9CF52F7EEDDFF75C619672CBBFCF2CB67DE70C30DF795DA5E0E489A60AC39581887D4A91AD28C756D2E103FFAE8A343AFBDF6DA4FFBF6ED9B860C1992264E9C98EAEBEBD392254B5288FF363434A43FFFF9CFA9149CD379E79DF7AFF3CF3F7F769F3E7D7A3B206982B1E660611C52A76A4833D655BD5200EE79DD75D72DBDE8A28B72E8FDC73FFE91BEA8575F7D35F5EFDFFF1F353535D33B75EAF44D07244D30D61C2CD4A93A55439AB1AE1A67893B0C1B366CD4E9A79F9E860F1FBE5A817845CF3EFB6CEAD9B367635B993D369808C69A83857148138C35635D3B0AC5A3478F7EF99C73CE496FBDF5565A1366CF9E9D4A21BBB177EFDE6739206982B1E660A14ED5A91AD28C755521668A2314C79AE13529BE5F9F3E7D3EEED2A54BF74AFCFF2EFD5CB5A57698C1A46D0E26FAD7C14230D6D4A91A5243AC9658531CCB27D6D44CF1AA668E7FFEF39F7F580A287B57DAFF7B5C5D235A04A8CE9D3B1F6230695B8389FE75B0108C3575AA86D410ABB38462C38103072E8B35C56BD3D34F3FDDD8AD5BB709951A8C9BB5675635C36830A9EE60AC7F1D2C04634D9DAA2135C4E77AFCF1C7FF3BAE3EF1F7BFFF3DAD6D679E79E6FC4A5B52B18AE0D434C3D83C40194CDA4C30D6BF0E1682B126186B6A8855CF16C7758AE3926CADE1B5D75E5B5669B3C62D05A7E6338C710ADE60D2B682B1FE75B0108C35C15853432C273ED12E36DCFD7F2ECBB6BA7AF6EC39BF1446BE51A690FBA55BB90693975E7A293536367EA1D77EF0C10769DEBC79ABF5FDC78F1F9F6EBEF9E6169F9F3E7D7A7AFCF1C7F3EDC99327A777DF7D372D5DBA34FF5C0B162C28DB60D256FAF79D77DE49BFFDED6FD3C2850BF3FDF7DF7F3FFF5E63D36A7C98CEC71F7FAC7F2BBCAD89B1CB2651A1460DA9212A407CCCF35D77DD955AD3AF7FFDEB574B07930BD756305E83617A52E7CE9D3B1E71C4111DCA35984438DA68A38DD295575E99EFEFBEFBEE69DB6DB76D6A3BEDB4D372AFEFD7AF5FDA669B6D967BECC5175F4C871F7E787AFBEDB7F3FD091326A4B3CF3E3B3EA530B7BDF7DE3B7E677159BDA6C7E2F9F8BA78FDEDB7DF9EB6D8628B7C7BD75D774DD75F7F7DBEBDFEFAEBA7FBEFBFBF9A678CCBDABFD11F8F3EFA68BAF1C61BF3EFFFB6DB6E4B0F3CF040EAD6AD5BBE5FB4E80BFD5BFEB34A6B72CCF9AC3AB54954A851436A88321A3468D0E2F898E7D6543A20CF2EFDF10EAFE060BC5C602AE7603270E0C0B4F5D65B37CDDCEDB0C30EA9A6A6263DF4D043E9820B2E485B6EB9E572AF8F00BDE38E3BE6DB53A74E4DA79E7A6A5A77DD75D301071CD01484E26B23289506CFDC8E3FFEF8B4DF7EFBA5934E3AA9E9B175D6592787A298353CF3CC33D3669B6D969E79E699B4D75E7BA59B6EBA297F9F8D37DE383DF6D863E98D37DE58ED59CC3207E38AE8DF3FFCE10FB9FFA22FB6DB6EBBB4C9269BE4FB279E78620EBAA3478FCECF4570D5BFED2718DB242AD4A8213544199D7BEEB99FC641AF35CD9F3FBFA1F4073BB70283F184D22072C28A81A95C83497CB4760496380D7ED86187A5214386E45074FEF9E7A7112346A4010306AC148CAFBAEAAAFC9A98798CC0B4DB6EBBA53823B064C992A6D7BCFCF2CBE9E8A38FCE7F8C757575F9FB47901A3A7468BE1F8F1F7BECB139689D75D65939204590DA77DF7D7370EADFBF7F9A366D5A7EFC9E7BEE49FBECB34F9E8DAC82605C51FD1BEDF2CB2F4FDFFDEE77D3DFFEF6B7FC0628FA2A82EA31C71C93FBE56B5FFB5AFAE8A38FF46FFB0CC636890A356A480DD1DA7AF4E8910FAAAD29FEBDD21FEB920A0AC6AB9C412C77708AD9C008341D3A74C8A7B5274D9A944351DC8FE515F158118C639D6A8499D21B9D3CFB18EB462310C5636FBEF9666E717BCE9C39F9F5BD7BF7CE5F1F33D0716A3EFE9D589A11F737D86083FC7CF173DC79E79D39B4C5ED084EF1DA3DF6D82307A798E5DC73CF3DF35AD80A0EC615D9BFB1F6374268F46504DEF8BDFEEA57BF4A3FFDE94FD38F7EF4A3B4CB2EBBA44B2FBD54FFB6F3606C93A850A386D410ADFC87540E95BE11A61282D3EBAFBF9EAEB9E69A1C548ACD53118CEFB8E38E7CFBE1871F6E0AC6B1ACA2F9BAD496DAC5175F9C5F1F3380071E78605EE31A6B4AE3B90848717FFFFDF76F9A218C4D58F17C84F138C51FC12966AA238045708A53F84518F391D0ABD762ADEFF6DB6F9FC36AD122BC1E7AE8A1E9C73FFE710EC81150172D5AA47F2B3C18B7662B47A889375DCDD79B8F1D3B363DFFFCF379F94DBC61B709B8BA5A6BD4D0279F7C92CF5015F7631371F4719C1D5B9335396BD6ACAAAF2DC1B8C29C7AEAA9FF6AED19E3C6C6C6F96B6BC6786D6AED03D2534F3D95B6DA6AABB4E9A69BA6A38E3A2A5D7BEDB539181F79E49129AE2412A7DB8B601C07A1F863BEF0C20B73D88ADBF1812D45A88EFB11708A3FF208469B6FBE793AE49043F2A9F2785D04A9B81F8F17C1E9B4D34ECBCFC5ECE3ADB7DEBACA35A86DE55D7639024704DEBE7DFB36B5B83A45B19422AE4E117D114B68F46FE506E35698ED2BFB26E0A8C158D655DC8F0DA2279F7C72FAF6B7BFDD7456C326E08A9E316EF51A7AF0C10797DB231167C3E2FE9FFEF4A7E57E7731CEC498D4528B336A11B29B7FEF2953A6E44984F87E510B454D15ADDA6A4B30AE30A580B5ACB5D718BFF7DE7B6FAEAD35C66D2918C7C168E79D77CE21E9924B2E49B1493282F141071D943A75EA9467165B5A635CDCEFD8B1631E40E21D71F3D7C500116B4A637D6A1CD862D0183C7870BEDF7C4D69BCD38EF0D6FC54FB8AC129AEA670CB2DB708C65FA2C560FCFDEF7F3F078D582F1CB3C445308EE77FF2939FA45EBD7AE9DFF6198C2B6293685CE33E42442CABF9CD6F7E930E3EF8E01C7A6313E7F7BEF7BD3C46C51BAE5816649368C505E3B2D45004D7E89F7813FFAD6F7D2B87E2E22A4AF1782CFD8AD7C51BFAE8DF3FFEF18F2BB5471E7924C5078F458D34FFDE63C68CC9B5F5F5AF7F3DCF48C7F7FDC637BE916BA4784DB5D596605C61AEB8E28A19AD7D558AE79E7BEE4F6BEBAA146D2918C7A99CB8B66DCC1CC76C62FCB1B6B49462C503529C7E8F19C5F89963AD6A0C4831A014AF8B35A6118662263A0E743188C406BFB81F8F7FD61AD4086AF1B3148346CC0E4550178C57BF45FFDD77DF7DF976F7EEDD53E9209607E998598BD9B8F81DC79B22FDDBAE8271456D122D1D23F259AB0812B1C4276A23368CC69BB908C6F1585C72F089279EB049B4728271596BA8982D8E374CF1C6BF6831A6C5E311408BD7FEE0073FC8B3C2D18F458BFB1164E3185704E39933673605DA98C98DB01D01F817BFF8457E4D3C1EFFEF7FFDEB5FABAEB604E30A531AE4EE6AEDEB189706CDA7D7D6758CDB52301E346850FE638D3FE83815147FB4B1712AFE486346314E8DC74127DE55175F533C16AF5B6FBDF5D2B061C3D28C1933F21F7B7CAF629DD5B871E3D2A851A39AD60BC6BF51ACD58AFFCF625627FE7BCA29A7E419A238FD1403567C9F18A08A251E71EAE9B2CB2E138CBF64308EBE8ADF65ACF38D19E31880236C5C77DD75B9BF9AAF71D3BF6D3A1857E426D168BFFBDDEFF29BA798E18B7129DE6CC5329C08C61190A30E6366D826D1B2D76945D450CCF646FFC45AF3E68F47BFC7E3CF3DF75CD363B156FDC9279FCC4B2C8A16934171E5A5E6C1B867CF9EB9564E38E184FCA62BC6A5A2C5FD3826C698585CF7BD9A6A4B30AE3003060CF88F5221FDB3153FF96E49D7AE5DFF676D7DF25D5B0AC6B1F92E668767CF9E9DEFC7AC4CAC318D205CB4380D1E6B438BAF8903521CB0621672FEFCF94D8F2F5EBC38CFE2347FAC6871BDDC1814E274D18ACFDD7DF7DD79B6E78C33CEC89BB2E2A058ACE78A9FE7B8E38ECB03D6DCB97305E32FD1E24D4EFC1EE3E01001237ECF31631CC17855AFD7BF6D371857729DC6EC5CB14133F63844C0883770118CE30D54DC8FDAB149D4B1ACF98C71D4479CA92A5A71F6AAF98CF12BAFBCB2CA1A8933D9CD8371BC298B6BBFC7F78EFA58B1C56BE32C5A315655536D09C615A85FBF7E6FC73AB2565A46715FE92033B61A7F4F2E71D3B62F71A37F5DC248305EF59BB1AFFC7B83669C568E19DFEF7CE73BF92C42049F784356BCD62651C7B2E21AFCBFFCE52FF39BEBB8EE7EF45DD451DC8FC79BEF8978EDB5D7F2F3512771FBDFBFCF1C989B07E368F106BE98F58D3367B12EB8B8A24FBC2EF6E534DF67512DB5251857A05EBD7A752ABDD3FFB415668D3FECDAB5EBE42E5DBA74178C35C158138C2BBF4E63BD66CCF0C65987D80C5A2CEF8A2578118C638D7BCC064668B149D4B1AC08B031BB1B1BC5AFBEFAEAF4CD6F7E33D749EC9989A55BB16E7DC5601CB3B6D1EFD1AF2D05E3E62D96EA34FF3EB1E421CE8055636D09C615AAA6A6664ABC635B9B623D73CC167FDEFA27C158138C35C1B872EAB458631CEBD6E3CA14B14633667D2318C7D28AB894E4BDF7DE6B93A86359AE8BE893987D8D4FEE8C40F9D65B6FE51A8AC01C7DFAD5AF7EB5E9CA147FF9CB5F9AF6D1C4128768116823307F91601CB3D3B1142D667C9B07E36AAA2DC1B842C59ADF9E3D7B364601AF0D53A64C1956FA37E675E9D265EF6AFD1D094E82B12618B7B7712866EE623366CCF8C626A9D8301AF7E3B9382D1DEB3157FC1A9B44DBEFB12CCE2EC4EC6D2C9B89250E114AE3CA3A31431BFD1BFB23A29662B94DF1411D7126225E5F7C8FD87817B3B87165890D37DC7095FF4E7C8FA8BDE2FBC6A52FE33271C5F3D5545B827105EBDEBD7BB79A9A9ABF353434ACD1505C2AF8715DBB769D53AD4B280427C158138CDBEB38145710886BD1C62C70CCFAC565B78A4D9EF1D1E5F1E99C36893A96355F671ED7212E366DC646E21FFEF087396046D88D4BF6C559838F3EFAE83397EFC42501E35AFD71759E55BD26CE3EC465D5E2FBACAA9EAAA9B604E30AD7AD5BB79E7DFAF4F9784DCD1CC74C7184E2CE9D3BF7AFF6DF8DE024186B82B17148138C35C1B89D2985D89F75EFDE7DF1134F3CF1C9FF6343DE8783070FBE37964F945A8FB6F07B319808C69A606C1CD204634D306E8762CD71D7AE5D47D6D4D4CC9F3C7972E3EA5CA778C488110F9482F5A4D86857CD6B8A0D2682B1E66021186B82B1A686687E40383902728F1E3D1A060D1A346DDCB87173EAEBEBE7C53AA1D0D8D838FFBDF7DE7BB3AEAEEEA9ABAFBEFA996EDDBACD8C401CB3C4D57AF509838960AC395808C69A60ACA9215A540ABC3B77E9D2A56FE900F148A9CD2AB525FFFE4CF6F8EFDC521B1E1FF35C8D9F6867303198E85F070BC158138C35350406138389FE75B0108C35C158534360303198E85F070BC158138C35350406138389FE75B0108C35C158534360303198E85F070BC158138C35350406138389FE75B0108C35C158534360303198E85F070BC158138C35350406138389FE75B0108C35C158DFA9213098184CF4AF838560AC09C66A480D81C1C460A27F1D2C04634DA851436A080C260613FDEB6021186B428D1A524360303198E85FFD2B186B428D1A524360303198E85FFD2B186B428D1A524360303198E85FFD2B186B428D1A524360303198E85FFD2B186B428D1A524360303198E85FFD2B186B428D1A524360303198E85FFD2B186B428D1A5243B0168D1C39D21F71E5B425A5C1E453FDAB7F05634DA851436A08CA60CC9831F31A1A1AFC215740ABAFAF7FB034984CD7BFFA5730D6841A35A486A00C468D1AF59FA3478F5EB460C182467FCCE59B498CD054575737A7D44ED6BFFA5730D6841A35A486A04C4A07EB8EA5229E14A779A398B5566FF17B9FBEB64293FE6DDBFD2B186B428D1A52430020186B428D1A524300D07682B14DA23689AA2135040082F1576C12B549540DA92100108C339B446D1255436A080004E37FB349D4265135A486004030060000C118000004630000108C01004030060000C118000004630000108C01004030060000C118000004630000108C01004030060000C118000004630000108C01004030060000C118000004630000108CBFAC9452879933673E3271E2C47F8E1C3932D5D6D66AADDCEAEAEAD2983163FEB7D4BAFBEB000004E33289503C76ECD8D4D0D090962D5BA695A92D5CB830BDF0C20B8B4B21F9647F210080605C0631532C14574C385E565B5B3BDD5F0800201897412C9F104A2BA79582F1A7FE420000C1B80C628DAB405A51C1D8C64C004030AEE460FCC9A27969E6A47BD3B4BA81B9C5ED784C98158C0100DA4D30FEF8C3FA34F5B92BD26B4F5FB45C8BC7E23981563006006817C178EEB427570AC5457B77DA708156300600681FC178FAF337B4188CE33981563006006817C1786AEDD52D06E3784EA0158C01000463C158300600682FC138AE42D152308EE7045AC11800A05D04E319E3FFABC5601CCF09B482310040BB08C6EFD74F4953475CB5F2328AD263F19C402B180300B48B601C6DD62B43570AC6F198302B180300B49F60BC74699AF1E2ED2B2FA3283D16CF09B4823100409B0FC6F1C9766F8DBFA5C535C6F19C4FBF138C0100DA6E305EBA34CD9B312ABDFEEC652D86E2A2C56BE2B5668F0563008036158C3F6F96D8ECB1600C00D02E82F1179925FEACD96301573006006813C1F8CB86E2A209B8823100409B08C69A600C0020186B8231008060AC09C6000082B12618030008C69A600C0020180BA482310080602C180BC6000082B1602C18030008C682B1600C0020180BC682310080602C180BC6000082B1602C18030008C682B1600C0020180BC6823100407B0BC65DBA74A92DB5C30463C11800A05D07E3F837A24540EEDCB9F32182B1600C00D0AE8371B3F6CCAA66900563C11800A0BD05E3A619E4E6015930168C0100DA65306E3E831C4B2C0463C11800A0ACC1B8525AB982F14B2FBD941A1B1BBFD06B3FF8E083346FDEBCD5FAFEE3C78F4F37DF7C738BCF4F9F3E3D3DFEF8E3F9F6E4C993D3BBEFBE9B962E5D9A7FAE050B1608C60000ED207C4FEADCB973C7238E38A243BCAE1CC1B8A1A1216DB4D146E9CA2BAFCCF777DF7DF7B4EDB6DB36B59D76DA69B9D7F7EBD72F6DB3CD36CB3DF6E28B2FA6C30F3F3CBDFDF6DBF9FE840913D2D9679F9DCE3BEFBCDCF6DE7BEF0898E9F4D34F6F7A2C9E8FAF8BD7DF7EFBED698B2DB6C8B777DD75D774FDF5D7E7DBEBAFBF7EBAFFFEFB05630080361C8C970BC4857204E3810307A6ADB7DEBA696676871D7648353535E9A1871E4A175C7041DA72CB2D977B7D04E81D77DC31DF9E3A756A3AF5D453D3BAEBAE9B0E38E080A6A01B5F1B41B84B972EB91D7FFCF169BFFDF64B279D7452D363EBACB34E0EBD312B7CE69967A6CD36DB2C3DF3CC3369AFBDF64A37DD7453FE3E1B6FBC717AECB1C7D21B6FBCB1DAB3D4823100406507E309A55078C28A81B85CC1F8D5575FCD813496391C76D86169C8902139F49E7FFEF969C4881169C080012B05E3ABAEBA2ABFE681071EC88178B7DD764B77DD75575AB26449D36B5E7EF9E574F4D147E76059575797BF7F04E5A14387E6FBF1F8B1C71E9B83F459679D95037004E57DF7DD3707E3FEFDFBA769D3A6E5C7EFB9E79EB4CF3EFBE4D966C11800A0FA83F12A6788CB1D8C63B637026B870E1DF2B285499326E5D01BF76379453C5604E377DE792787D573CF3D376DB7DD76795D7004DE78ECCD37DFCC2D6ECF993327BFBE77EFDEF9EB63063A965EC4BF134B33E2FE061B6C909F2F7E8E3BEFBC33CF5AC7ED08C6F1DA3DF6D82307E34D36D924EDB9E79EA9BEBE5E300600682F5A3B18BFFEFAEBE99A6BAEC941B4D81C17C1F88E3BEEC8B71F7EF8E1A6601CCB2AE2759FD72EBEF8E2FCFA98E13DF0C003D3A38F3E9AD70CC7731180E3FEFEFBEFDF34031C9BECE2F908E3279E78620EC631531D013B82712CD128C2B6600C002018AF95F6D4534FA5ADB6DA2A6DBAE9A6E9A8A38E4AD75E7B6D0EC6471E79643AE79C73D231C71CD3148C638D6F5C2DE2C20B2F4CDB6FBF7DBE3D7CF8F0A6501DF723C0166B9523F86EBEF9E6E990430EC94B21E2751194E37E3C5E04E3D34E3B2D3F17B3CBB7DE7AEB2AD718DB7C07002018AFD5166B8A77DE79E71C802FB9E4923471E2C41C8C0F3AE8A0D4A953A774E8A187B6B8C6B8B8DFB163C7BC44229656347F5D04DF58331CEB8F2FBDF4D21C7E070F1E9CEF375F331C97728BD9E8E64B29560CC6B7DD765BBAE5965B04630000C178EDB458C6B070E1C23C73DCB76FDF1C485B5A4AB1E25529162D5A94678CE367DE65975DF265DDC68C19D3F4BA58431C613766A20F3EF8E01C8C63835FDC8FC73F6B8D71AF5EBDF2CF5204E3B8445C0475C1180040305E2B6DD0A041F96A10115AE35AC331C31B1BE3624637669163E9435C79E2A28B2E6AFA9AE2B178DD7AEBAD97860D1B9666CC9891036D7CAF62ADF2B871E3D2A851A3F2EDB163C7E67F63D6AC594D81B3B8B45BFCF794534EC91BF4E2FAC6B1E92FBE4F5CD2AD58E211D736BEECB2CB04630000C178ED6DBE8BD9E1D9B367E7FB37DE78635E431C41B868B1CC21D6FE165F1357A58875C1F7DD775F9A3F7F7ED3E38B172FCECB2C9A3F56B4D1A347E719E1B81EF18ACFDD7DF7DDF9926F679C7146DE741761BDF8A090F8798E3BEEB8D4B367CF3477EE5CC118004030D66CBE0300108C35C118004030D604630000C158138C010004634D300600108C35C118004030D604630000C15820158C01000463C1583006004030168C0100108C056300000463C1180000C1583006004030168C0100108C056300000463C1180000C1583006004030168C0100108C056300000463C1180000C1583006004030168C0100108C056300000463C1180000C1583006004030168C0100F832468E1C2990564E5B520AC69FAA4A008032183366CCBC868606A1B4025A7D7DFD83A5603C5D55020094C1A851A3FE73F4E8D18B162C58D0289C966FA63842715D5DDD9C523B595502009449298C75ACADAD9D14A7F1638DABD6EA2D7EEFD38562000000000000000000000000000000000000000000000000800AF17F9721658F8DAEA2C70000000049454E44AE426082, 1);
INSERT INTO `act_ge_bytearray` VALUES ('93923126-7d39-11e9-baed-1adfe5f2fe72', 1, '请假流程.bpmn20.xml', '93923125-7d39-11e9-baed-1adfe5f2fe72', 0x3C3F786D6C2076657273696F6E3D22312E302220656E636F64696E673D225554462D38223F3E0A3C646566696E6974696F6E7320786D6C6E733D22687474703A2F2F7777772E6F6D672E6F72672F737065632F42504D4E2F32303130303532342F4D4F44454C2220786D6C6E733A7873693D22687474703A2F2F7777772E77332E6F72672F323030312F584D4C536368656D612D696E7374616E63652220786D6C6E733A7873643D22687474703A2F2F7777772E77332E6F72672F323030312F584D4C536368656D612220786D6C6E733A666C6F7761626C653D22687474703A2F2F666C6F7761626C652E6F72672F62706D6E2220786D6C6E733A62706D6E64693D22687474703A2F2F7777772E6F6D672E6F72672F737065632F42504D4E2F32303130303532342F44492220786D6C6E733A6F6D6764633D22687474703A2F2F7777772E6F6D672E6F72672F737065632F44442F32303130303532342F44432220786D6C6E733A6F6D6764693D22687474703A2F2F7777772E6F6D672E6F72672F737065632F44442F32303130303532342F44492220747970654C616E67756167653D22687474703A2F2F7777772E77332E6F72672F323030312F584D4C536368656D61222065787072657373696F6E4C616E67756167653D22687474703A2F2F7777772E77332E6F72672F313939392F585061746822207461726765744E616D6573706163653D22687474703A2F2F7777772E666C6F7761626C652E6F72672F70726F63657373646566223E0A20203C70726F636573732069643D22413122206E616D653D22E8AFB7E58187E6B581E7A88B2220697345786563757461626C653D2274727565223E0A202020203C646F63756D656E746174696F6E3EE8AFB7E58187E6B581E7A88B3C2F646F63756D656E746174696F6E3E0A202020203C73746172744576656E742069643D2273746172744576656E7431223E3C2F73746172744576656E743E0A202020203C757365725461736B2069643D227369642D34434431344430332D353733322D343345342D394134432D35414342454445323036344222206E616D653D22E7BB84E995BFE5AEA1E689B92220666C6F7761626C653A61737369676E65653D2231303637323436383735383030303030303031223E0A2020202020203C657874656E73696F6E456C656D656E74733E0A20202020202020203C6D6F64656C65723A61637469766974692D69646D2D61737369676E656520786D6C6E733A6D6F64656C65723D22687474703A2F2F666C6F7761626C652E6F72672F6D6F64656C6572223E3C215B43444154415B747275655D5D3E3C2F6D6F64656C65723A61637469766974692D69646D2D61737369676E65653E0A20202020202020203C6D6F64656C65723A61737369676E65652D696E666F2D656D61696C20786D6C6E733A6D6F64656C65723D22687474703A2F2F666C6F7761626C652E6F72672F6D6F64656C6572223E3C215B43444154415B726F6F744072656E72656E2E696F5D5D3E3C2F6D6F64656C65723A61737369676E65652D696E666F2D656D61696C3E0A20202020202020203C6D6F64656C65723A61737369676E65652D696E666F2D66697273746E616D6520786D6C6E733A6D6F64656C65723D22687474703A2F2F666C6F7761626C652E6F72672F6D6F64656C6572223E3C215B43444154415B61646D696E5D5D3E3C2F6D6F64656C65723A61737369676E65652D696E666F2D66697273746E616D653E0A20202020202020203C6D6F64656C65723A696E69746961746F722D63616E2D636F6D706C65746520786D6C6E733A6D6F64656C65723D22687474703A2F2F666C6F7761626C652E6F72672F6D6F64656C6572223E3C215B43444154415B66616C73655D5D3E3C2F6D6F64656C65723A696E69746961746F722D63616E2D636F6D706C6574653E0A2020202020203C2F657874656E73696F6E456C656D656E74733E0A202020203C2F757365725461736B3E0A202020203C73657175656E6365466C6F772069643D227369642D30443443324238332D373230352D343937352D384531452D3844423531323832393239342220736F757263655265663D2273746172744576656E743122207461726765745265663D227369642D34434431344430332D353733322D343345342D394134432D354143424544453230363442223E3C2F73657175656E6365466C6F773E0A202020203C757365725461736B2069643D227369642D31463541364145332D363141372D344135442D424437342D44323841444245364534314222206E616D653D22E983A8E995BFE5AEA1E689B92220666C6F7761626C653A61737369676E65653D2231303637323436383735383030303030303031223E0A2020202020203C657874656E73696F6E456C656D656E74733E0A20202020202020203C6D6F64656C65723A61637469766974692D69646D2D61737369676E656520786D6C6E733A6D6F64656C65723D22687474703A2F2F666C6F7761626C652E6F72672F6D6F64656C6572223E3C215B43444154415B747275655D5D3E3C2F6D6F64656C65723A61637469766974692D69646D2D61737369676E65653E0A20202020202020203C6D6F64656C65723A61737369676E65652D696E666F2D656D61696C20786D6C6E733A6D6F64656C65723D22687474703A2F2F666C6F7761626C652E6F72672F6D6F64656C6572223E3C215B43444154415B726F6F744072656E72656E2E696F5D5D3E3C2F6D6F64656C65723A61737369676E65652D696E666F2D656D61696C3E0A20202020202020203C6D6F64656C65723A61737369676E65652D696E666F2D66697273746E616D6520786D6C6E733A6D6F64656C65723D22687474703A2F2F666C6F7761626C652E6F72672F6D6F64656C6572223E3C215B43444154415B61646D696E5D5D3E3C2F6D6F64656C65723A61737369676E65652D696E666F2D66697273746E616D653E0A20202020202020203C6D6F64656C65723A696E69746961746F722D63616E2D636F6D706C65746520786D6C6E733A6D6F64656C65723D22687474703A2F2F666C6F7761626C652E6F72672F6D6F64656C6572223E3C215B43444154415B66616C73655D5D3E3C2F6D6F64656C65723A696E69746961746F722D63616E2D636F6D706C6574653E0A2020202020203C2F657874656E73696F6E456C656D656E74733E0A202020203C2F757365725461736B3E0A202020203C73657175656E6365466C6F772069643D227369642D32434146354230452D423434332D344246412D414638382D3231324132323730373241332220736F757263655265663D227369642D34434431344430332D353733322D343345342D394134432D35414342454445323036344222207461726765745265663D227369642D31463541364145332D363141372D344135442D424437342D443238414442453645343142223E3C2F73657175656E6365466C6F773E0A202020203C757365725461736B2069643D227369642D42314246453833452D343637382D343637322D414446422D45423231433234394442424222206E616D653D22E68E92E995BFE5AEA1E689B9223E3C2F757365725461736B3E0A202020203C73657175656E6365466C6F772069643D227369642D44373032423934442D353938462D343632342D394633372D4634343033323336413331362220736F757263655265663D227369642D31463541364145332D363141372D344135442D424437342D44323841444245364534314222207461726765745265663D227369642D42314246453833452D343637382D343637322D414446422D454232314332343944424242223E3C2F73657175656E6365466C6F773E0A202020203C757365725461736B2069643D227369642D41364439383739462D334541452D344639412D393137312D38364245333530393043333822206E616D653D22E680BBE58FB8E4BBA4E5AEA1E689B9223E3C2F757365725461736B3E0A202020203C73657175656E6365466C6F772069643D227369642D32384539433232302D313535342D343237312D393233312D4634463232463236303441352220736F757263655265663D227369642D42314246453833452D343637382D343637322D414446422D45423231433234394442424222207461726765745265663D227369642D41364439383739462D334541452D344639412D393137312D383642453335303930433338223E3C2F73657175656E6365466C6F773E0A202020203C757365725461736B2069643D227369642D30413839393632432D343943342D344237322D423446372D31383634433331343336443822206E616D653D22E7BB84E995BFE5AEA1E689B92220666C6F7761626C653A61737369676E65653D2231303637323436383735383030303030303031223E0A2020202020203C657874656E73696F6E456C656D656E74733E0A20202020202020203C6D6F64656C65723A61637469766974692D69646D2D61737369676E656520786D6C6E733A6D6F64656C65723D22687474703A2F2F666C6F7761626C652E6F72672F6D6F64656C6572223E3C215B43444154415B747275655D5D3E3C2F6D6F64656C65723A61637469766974692D69646D2D61737369676E65653E0A20202020202020203C6D6F64656C65723A61737369676E65652D696E666F2D656D61696C20786D6C6E733A6D6F64656C65723D22687474703A2F2F666C6F7761626C652E6F72672F6D6F64656C6572223E3C215B43444154415B726F6F744072656E72656E2E696F5D5D3E3C2F6D6F64656C65723A61737369676E65652D696E666F2D656D61696C3E0A20202020202020203C6D6F64656C65723A61737369676E65652D696E666F2D66697273746E616D6520786D6C6E733A6D6F64656C65723D22687474703A2F2F666C6F7761626C652E6F72672F6D6F64656C6572223E3C215B43444154415B61646D696E5D5D3E3C2F6D6F64656C65723A61737369676E65652D696E666F2D66697273746E616D653E0A20202020202020203C6D6F64656C65723A696E69746961746F722D63616E2D636F6D706C65746520786D6C6E733A6D6F64656C65723D22687474703A2F2F666C6F7761626C652E6F72672F6D6F64656C6572223E3C215B43444154415B66616C73655D5D3E3C2F6D6F64656C65723A696E69746961746F722D63616E2D636F6D706C6574653E0A2020202020203C2F657874656E73696F6E456C656D656E74733E0A202020203C2F757365725461736B3E0A202020203C73657175656E6365466C6F772069643D227369642D44363430363335432D394637382D343145302D413436432D4531364244313534323041342220736F757263655265663D227369642D31463541364145332D363141372D344135442D424437342D44323841444245364534314222207461726765745265663D227369642D30413839393632432D343943342D344237322D423446372D313836344333313433364438223E3C2F73657175656E6365466C6F773E0A20203C2F70726F636573733E0A20203C62706D6E64693A42504D4E4469616772616D2069643D2242504D4E4469616772616D5F4131223E0A202020203C62706D6E64693A42504D4E506C616E652062706D6E456C656D656E743D224131222069643D2242504D4E506C616E655F4131223E0A2020202020203C62706D6E64693A42504D4E53686170652062706D6E456C656D656E743D2273746172744576656E7431222069643D2242504D4E53686170655F73746172744576656E7431223E0A20202020202020203C6F6D6764633A426F756E6473206865696768743D2233302E30222077696474683D2233302E302220783D2239302E302220793D223135302E30223E3C2F6F6D6764633A426F756E64733E0A2020202020203C2F62706D6E64693A42504D4E53686170653E0A2020202020203C62706D6E64693A42504D4E53686170652062706D6E456C656D656E743D227369642D34434431344430332D353733322D343345342D394134432D354143424544453230363442222069643D2242504D4E53686170655F7369642D34434431344430332D353733322D343345342D394134432D354143424544453230363442223E0A20202020202020203C6F6D6764633A426F756E6473206865696768743D2238302E30222077696474683D223130302E302220783D223136352E302220793D223132302E30223E3C2F6F6D6764633A426F756E64733E0A2020202020203C2F62706D6E64693A42504D4E53686170653E0A2020202020203C62706D6E64693A42504D4E53686170652062706D6E456C656D656E743D227369642D31463541364145332D363141372D344135442D424437342D443238414442453645343142222069643D2242504D4E53686170655F7369642D31463541364145332D363141372D344135442D424437342D443238414442453645343142223E0A20202020202020203C6F6D6764633A426F756E6473206865696768743D2238302E30222077696474683D223130302E302220783D223238352E302220793D223132302E30223E3C2F6F6D6764633A426F756E64733E0A2020202020203C2F62706D6E64693A42504D4E53686170653E0A2020202020203C62706D6E64693A42504D4E53686170652062706D6E456C656D656E743D227369642D42314246453833452D343637382D343637322D414446422D454232314332343944424242222069643D2242504D4E53686170655F7369642D42314246453833452D343637382D343637322D414446422D454232314332343944424242223E0A20202020202020203C6F6D6764633A426F756E6473206865696768743D2238302E30222077696474683D223130302E302220783D223435352E302220793D223132352E30223E3C2F6F6D6764633A426F756E64733E0A2020202020203C2F62706D6E64693A42504D4E53686170653E0A2020202020203C62706D6E64693A42504D4E53686170652062706D6E456C656D656E743D227369642D41364439383739462D334541452D344639412D393137312D383642453335303930433338222069643D2242504D4E53686170655F7369642D41364439383739462D334541452D344639412D393137312D383642453335303930433338223E0A20202020202020203C6F6D6764633A426F756E6473206865696768743D2238302E30222077696474683D223130302E302220783D223630302E302220793D223132352E30223E3C2F6F6D6764633A426F756E64733E0A2020202020203C2F62706D6E64693A42504D4E53686170653E0A2020202020203C62706D6E64693A42504D4E53686170652062706D6E456C656D656E743D227369642D30413839393632432D343943342D344237322D423446372D313836344333313433364438222069643D2242504D4E53686170655F7369642D30413839393632432D343943342D344237322D423446372D313836344333313433364438223E0A20202020202020203C6F6D6764633A426F756E6473206865696768743D2238302E30222077696474683D223130302E302220783D223435352E302220793D223232352E30223E3C2F6F6D6764633A426F756E64733E0A2020202020203C2F62706D6E64693A42504D4E53686170653E0A2020202020203C62706D6E64693A42504D4E456467652062706D6E456C656D656E743D227369642D44373032423934442D353938462D343632342D394633372D463434303332333641333136222069643D2242504D4E456467655F7369642D44373032423934442D353938462D343632342D394633372D463434303332333641333136223E0A20202020202020203C6F6D6764693A776179706F696E7420783D223338342E39353030303030303030303030352220793D223136302E30223E3C2F6F6D6764693A776179706F696E743E0A20202020202020203C6F6D6764693A776179706F696E7420783D223432372E352220793D223136302E30223E3C2F6F6D6764693A776179706F696E743E0A20202020202020203C6F6D6764693A776179706F696E7420783D223432372E352220793D223136352E30223E3C2F6F6D6764693A776179706F696E743E0A20202020202020203C6F6D6764693A776179706F696E7420783D223435352E302220793D223136352E30223E3C2F6F6D6764693A776179706F696E743E0A2020202020203C2F62706D6E64693A42504D4E456467653E0A2020202020203C62706D6E64693A42504D4E456467652062706D6E456C656D656E743D227369642D30443443324238332D373230352D343937352D384531452D384442353132383239323934222069643D2242504D4E456467655F7369642D30443443324238332D373230352D343937352D384531452D384442353132383239323934223E0A20202020202020203C6F6D6764693A776179706F696E7420783D223131392E39343939383730323932363837332220793D223136352E30223E3C2F6F6D6764693A776179706F696E743E0A20202020202020203C6F6D6764693A776179706F696E7420783D223134322E352220793D223136352E30223E3C2F6F6D6764693A776179706F696E743E0A20202020202020203C6F6D6764693A776179706F696E7420783D223134322E352220793D223136302E30223E3C2F6F6D6764693A776179706F696E743E0A20202020202020203C6F6D6764693A776179706F696E7420783D223136342E39393939393939393939383630322220793D223136302E30223E3C2F6F6D6764693A776179706F696E743E0A2020202020203C2F62706D6E64693A42504D4E456467653E0A2020202020203C62706D6E64693A42504D4E456467652062706D6E456C656D656E743D227369642D32384539433232302D313535342D343237312D393233312D463446323246323630344135222069643D2242504D4E456467655F7369642D32384539433232302D313535342D343237312D393233312D463446323246323630344135223E0A20202020202020203C6F6D6764693A776179706F696E7420783D223535342E393439393939393939393930372220793D223136352E30223E3C2F6F6D6764693A776179706F696E743E0A20202020202020203C6F6D6764693A776179706F696E7420783D223539392E393939393939393939393830372220793D223136352E30223E3C2F6F6D6764693A776179706F696E743E0A2020202020203C2F62706D6E64693A42504D4E456467653E0A2020202020203C62706D6E64693A42504D4E456467652062706D6E456C656D656E743D227369642D32434146354230452D423434332D344246412D414638382D323132413232373037324133222069643D2242504D4E456467655F7369642D32434146354230452D423434332D344246412D414638382D323132413232373037324133223E0A20202020202020203C6F6D6764693A776179706F696E7420783D223236342E393439393939393939393735362220793D223136302E30223E3C2F6F6D6764693A776179706F696E743E0A20202020202020203C6F6D6764693A776179706F696E7420783D223238342E39393939393939393939373739342220793D223136302E30223E3C2F6F6D6764693A776179706F696E743E0A2020202020203C2F62706D6E64693A42504D4E456467653E0A2020202020203C62706D6E64693A42504D4E456467652062706D6E456C656D656E743D227369642D44363430363335432D394637382D343145302D413436432D453136424431353432304134222069643D2242504D4E456467655F7369642D44363430363335432D394637382D343145302D413436432D453136424431353432304134223E0A20202020202020203C6F6D6764693A776179706F696E7420783D223338342E39343939393939393939383639372220793D223136302E30223E3C2F6F6D6764693A776179706F696E743E0A20202020202020203C6F6D6764693A776179706F696E7420783D223432302E302220793D223136302E30223E3C2F6F6D6764693A776179706F696E743E0A20202020202020203C6F6D6764693A776179706F696E7420783D223432302E302220793D223236352E30223E3C2F6F6D6764693A776179706F696E743E0A20202020202020203C6F6D6764693A776179706F696E7420783D223435342E39393939393939393939353534332220793D223236352E30223E3C2F6F6D6764693A776179706F696E743E0A2020202020203C2F62706D6E64693A42504D4E456467653E0A202020203C2F62706D6E64693A42504D4E506C616E653E0A20203C2F62706D6E64693A42504D4E4469616772616D3E0A3C2F646566696E6974696F6E733E, 0);
INSERT INTO `act_ge_bytearray` VALUES ('952e54f7-7d39-11e9-baed-1adfe5f2fe72', 1, '请假流程.A1.png', '93923125-7d39-11e9-baed-1adfe5f2fe72', 0x89504E470D0A1A0A0000000D49484452000002C60000013B0806000000DE8C47EF00001DE14944415478DAEDDD099055C5B907F0A8C4DD728F6B34FAE252A546AD18638C2696D1444BACA7A584B0181128C65DC40D15373406B54862F95C302E09F1B9C605D1A8CC80C8222886288244F1B18823303C15D40C1093F4BB5F57CED4B08C8A0FE6DE3BF3FB557579B719C6E96FFAFC6F9FEE73BFF215000000000000000000000000000000000000000000000000000000000000000000000000000000000000000000000000000000000000000000000000000000000000000000000000000000000000000000000000000000000000000000000000000000000000000000000000000000000000000000000000000000000000000000000000000000000000000000000000000000000000000000000000000000000000000000000000000000000000000000000000000000000000000000000000000000000000000000000000000000000000000000000000000000000000000000000000000000000000000000000000000000000000000000000000000000000000000000000000000000000000000000000000000000000000000000000000000000000000000000000000000000000000000000000000000000000000000000000000000000000000A05D4A2975983973E62313274EFCE7C89123536D6DADD6CAADAEAE2E8D1933E67F4BADBBFED5BF00409944681A3B766C6A686848CB962DD3CAD4162E5C985E78E185C5A51075B2FED5BF004019C44CA2D05431E169596D6DED74FDAB7F01803288D3EB424BE5B45270FA54FFEA5F00A00C620DA4C05251C129E95FFD0B00547030FE64D1BC3473D2BD695ADDC0DCE2763C26ECB48D60AC7F05E372B249D4265135A486A06A82F1C71FD6A7A9CF5D915E7BFAA2E55A3C16CF093CD51D8CF5AF605C6E3689DA24AA86D410544D309E3BEDC9954253D1DE9D36DC6050E5C158FF0AC6E56693A84DA26A480D41D504E3E9CFDFD062708AE70C04D51D8CF5AF605C6E3689DA24AA86D410544D309E5A7B758BC1299E3308547730D6BF8271358C439A3A55436A0804638389FED5BFC6219B44D5A91A5243502983490C1E2D05A778CE2050DDC158FF3A5854C3386493A83A55436A082A62309931FEBF5A0C4EF19C41A0BA83B1FE75B0A88671C8265175AA86D41054C460F27EFD943475C4552BBFCB2E3D16CF1904AA3B18EB5F078B6A18876C1255A76A480D41450C26D166BD3274A581241E3300B48D0FF8D0BF0E16953E0E590BAF4ED5901A82CA08C64B97A6192FDEBEF269F6D263F19C41A0CA83B1FE75B0106A34C158DF1BEBE0F30793D890F0D6F85B5A1C4CE2399B16AA3718EB5F078B6A09353689AA5335A486A07C83C9D2A569DE8C51E9F5672F6B7120295ABC265E6B76B18A82B1FE75B0A8B2506393A83A55436A08CA32987CDE2CA2D9C5EA0EC6FAD7C1A21A438D4DA2EA540DA92128CB60F24566113F6B76D1A050D9C158FF3A585463A8B149549DAA21350465194CBE6C682A9A41A1B283B1FE75B0A8CA506393A83A55436A082AE55DB6D6B62FD7A6395854F2386493A83A55436A0804638389FED5BFED7B1CB249549DAA21350482B1C144FFEADFF63E0ED924AA4ED5901A02C1D8602218EB5FE3904DA2EA540DA921108C35C158FF1A876C1255A76A480D8160AC09C6FAD738A4A95335A486C060A209C6FAD738A4A95335A486C060A209C6FAD738A43ED4A91A52436030D10463FD6B1C52A7EA540DA921CA2AA5B4E19429536A7EFFFBDFBF3068D0A0C5E79E7BEEA73D7AF4483FFBD9CF52F7EEDDFF75C619672CBBFCF2CB67DE70C30DF795DA5E0E489A60AC39581887D4A91AD28C756D2E103FFAE8A343AFBDF6DA4FFBF6ED9B860C1992264E9C98EAEBEBD392254B5288FF363434A43FFFF9CFA9149CD379E79DF7AFF3CF3F7F769F3E7D7A3B206982B1E660611C52A76A4833D655BD5200EE79DD75D72DBDE8A28B72E8FDC73FFE91BEA8575F7D35F5EFDFFF1F353535D33B75EAF44D07244D30D61C2CD4A93A55439AB1AE1A67893B0C1B366CD4E9A79F9E860F1FBE5A817845CF3EFB6CEAD9B367635B993D369808C69A83857148138C35635D3B0AC5A3478F7EF99C73CE496FBDF5565A1366CF9E9D4A21BBB177EFDE6739206982B1E660A14ED5A91AD28C755521668A2314C79AE13529BE5F9F3E7D3EEED2A54BF74AFCFF2EFD5CB5A57698C1A46D0E26FAD7C14230D6D4A91A5243AC9658531CCB27D6D44CF1AA668E7FFEF39F7F580A287B57DAFF7B5C5D235A04A8CE9D3B1F6230695B8389FE75B0108C3575AA86D410ABB38462C38103072E8B35C56BD3D34F3FDDD8AD5BB709951A8C9BB5675635C36830A9EE60AC7F1D2C04634D9DAA2135C4E77AFCF1C7FF3BAE3EF1F7BFFF3DAD6D679E79E6FC4A5B52B18AE0D434C3D83C40194CDA4C30D6BF0E1682B126186B6A8855CF16C7758AE3926CADE1B5D75E5B5669B3C62D05A7E6338C710ADE60D2B682B1FE75B0108C35C15853432C273ED12E36DCFD7F2ECBB6BA7AF6EC39BF1446BE51A690FBA55BB90693975E7A293536367EA1D77EF0C10769DEBC79ABF5FDC78F1F9F6EBEF9E6169F9F3E7D7A7AFCF1C7F3EDC99327A777DF7D372D5DBA34FF5C0B162C28DB60D256FAF79D77DE49BFFDED6FD3C2850BF3FDF7DF7F3FFF5E63D36A7C98CEC71F7FAC7F2BBCAD89B1CB2651A1460DA9212A407CCCF35D77DD955AD3AF7FFDEB574B07930BD756305E83617A52E7CE9D3B1E71C4111DCA35984438DA68A38DD295575E99EFEFBEFBEE69DB6DB76D6A3BEDB4D372AFEFD7AF5FDA669B6D967BECC5175F4C871F7E787AFBEDB7F3FD091326A4B3CF3E3B3EA530B7BDF7DE3B7E677159BDA6C7E2F9F8BA78FDEDB7DF9EB6D8628B7C7BD75D774DD75F7F7DBEBDFEFAEBA7FBEFBFBF9A678CCBDABFD11F8F3EFA68BAF1C61BF3EFFFB6DB6E4B0F3CF040EAD6AD5BBE5FB4E80BFD5BFEB34A6B72CCF9AC3AB54954A851436A88321A3468D0E2F898E7D6543A20CF2EFDF10EAFE060BC5C602AE7603270E0C0B4F5D65B37CDDCEDB0C30EA9A6A6263DF4D043E9820B2E485B6EB9E572AF8F00BDE38E3BE6DB53A74E4DA79E7A6A5A77DD75D301071CD01484E26B23289506CFDC8E3FFEF8B4DF7EFBA5934E3AA9E9B175D6592787A298353CF3CC33D3669B6D969E79E699B4D75E7BA59B6EBA297F9F8D37DE383DF6D863E98D37DE58ED59CC3207E38AE8DF3FFCE10FB9FFA22FB6DB6EBBB4C9269BE4FB279E78620EBAA3478FCECF4570D5BFED2718DB242AD4A8213544199D7BEEB99FC641AF35CD9F3FBFA1F4073BB70283F184D22072C28A81A95C83497CB4760496380D7ED86187A5214386E45074FEF9E7A7112346A4010306AC148CAFBAEAAAFC9A98798CC0B4DB6EBBA53823B064C992A6D7BCFCF2CBE9E8A38FCE7F8C757575F9FB47901A3A7468BE1F8F1F7BECB139689D75D65939204590DA77DF7D7370EADFBF7F9A366D5A7EFC9E7BEE49FBECB34F9E8DAC82605C51FD1BEDF2CB2F4FDFFDEE77D3DFFEF6B7FC0628FA2A82EA31C71C93FBE56B5FFB5AFAE8A38FF46FFB0CC636890A356A480DD1DA7AF4E8910FAAAD29FEBDD21FEB920A0AC6AB9C412C77708AD9C008341D3A74C8A7B5274D9A944351DC8FE515F158118C639D6A8499D21B9D3CFB18EB462310C5636FBEF9666E717BCE9C39F9F5BD7BF7CE5F1F33D0716A3EFE9D589A11F737D86083FC7CF173DC79E79D39B4C5ED084EF1DA3DF6D82307A798E5DC73CF3DF35AD80A0EC615D9BFB1F6374268F46504DEF8BDFEEA57BF4A3FFDE94FD38F7EF4A3B4CB2EBBA44B2FBD54FFB6F3606C93A850A386D410ADFC87540E95BE11A61282D3EBAFBF9EAEB9E69A1C548ACD53118CEFB8E38E7CFBE1871F6E0AC6B1ACA2F9BAD496DAC5175F9C5F1F3380071E78605EE31A6B4AE3B90848717FFFFDF76F9A218C4D58F17C84F138C51FC12966AA238045708A53F84518F391D0ABD762ADEFF6DB6F9FC36AD122BC1E7AE8A1E9C73FFE710EC81150172D5AA47F2B3C18B7662B47A889375DCDD79B8F1D3B363DFFFCF379F94DBC61B709B8BA5A6BD4D0279F7C92CF5015F7631371F4719C1D5B9335396BD6ACAAAF2DC1B8C29C7AEAA9FF6AED19E3C6C6C6F96B6BC6786D6AED03D2534F3D95B6DA6AABB4E9A69BA6A38E3A2A5D7BEDB539181F79E49129AE2412A7DB8B601C07A1F863BEF0C20B73D88ADBF1812D45A88EFB11708A3FF208469B6FBE793AE49043F2A9F2785D04A9B81F8F17C1E9B4D34ECBCFC5ECE3ADB7DEBACA35A86DE55D7639024704DEBE7DFB36B5B83A45B19422AE4E117D114B68F46FE506E35698ED2BFB26E0A8C158D655DC8F0DA2279F7C72FAF6B7BFDD7456C326E08A9E316EF51A7AF0C10797DB231167C3E2FE9FFEF4A7E57E7731CEC498D4528B336A11B29B7FEF2953A6E44984F87E510B454D15ADDA6A4B30AE30A580B5ACB5D718BFF7DE7B6FAEAD35C66D2918C7C168E79D77CE21E9924B2E49B1493282F141071D943A75EA9467165B5A635CDCEFD8B1631E40E21D71F3D7C500116B4A637D6A1CD862D0183C7870BEDF7C4D69BCD38EF0D6FC54FB8AC129AEA670CB2DB708C65FA2C560FCFDEF7F3F078D582F1CB3C445308EE77FF2939FA45EBD7AE9DFF6198C2B6293685CE33E42442CABF9CD6F7E930E3EF8E01C7A6313E7F7BEF7BD3C46C51BAE5816649368C505E3B2D45004D7E89F7813FFAD6F7D2B87E2E22A4AF1782CFD8AD7C51BFAE8DF3FFEF18F2BB5471E7924C5078F458D34FFDE63C68CC9B5F5F5AF7F3DCF48C7F7FDC637BE916BA4784DB5D596605C61AEB8E28A19AD7D558AE79E7BEE4F6BEBAA146D2918C7A99CB8B66DCC1CC76C62FCB1B6B49462C503529C7E8F19C5F89963AD6A0C4831A014AF8B35A6118662263A0E743188C406BFB81F8F7FD61AD4086AF1B3148346CC0E4550178C57BF45FFDD77DF7DF976F7EEDD53E9209607E998598BD9B8F81DC79B22FDDBAE8271456D122D1D23F259AB0812B1C4276A23368CC69BB908C6F1585C72F089279EB049B4728271596BA8982D8E374CF1C6BF6831A6C5E311408BD7FEE0073FC8B3C2D18F458BFB1164E3185704E39933673605DA98C98DB01D01F817BFF8457E4D3C1EFFEF7FFDEB5FABAEB604E30A531AE4EE6AEDEB189706CDA7D7D6758CDB52301E346850FE638D3FE83815147FB4B1712AFE486346314E8DC74127DE55175F533C16AF5B6FBDF5D2B061C3D28C1933F21F7B7CAF629DD5B871E3D2A851A39AD60BC6BF51ACD58AFFCF625627FE7BCA29A7E419A238FD1403567C9F18A08A251E71EAE9B2CB2E138CBF64308EBE8ADF65ACF38D19E31880236C5C77DD75B9BF9AAF71D3BF6D3A1857E426D168BFFBDDEFF29BA798E18B7129DE6CC5329C08C61190A30E6366D826D1B2D76945D450CCF646FFC45AF3E68F47BFC7E3CF3DF75CD363B156FDC9279FCC4B2C8A16934171E5A5E6C1B867CF9EB9564E38E184FCA62BC6A5A2C5FD3826C698585CF7BD9A6A4B30AE3003060CF88F5221FDB3153FF96E49D7AE5DFF676D7DF25D5B0AC6B1F92E668767CF9E9DEFC7AC4CAC318D205CB4380D1E6B438BAF8903521CB0621672FEFCF94D8F2F5EBC38CFE2347FAC6871BDDC1814E274D18ACFDD7DF7DD79B6E78C33CEC89BB2E2A058ACE78A9FE7B8E38ECB03D6DCB97305E32FD1E24D4EFC1EE3E01001237ECF31631CC17855AFD7BF6D371857729DC6EC5CB14133F63844C0883770118CE30D54DC8FDAB149D4B1ACF98C71D4479CA92A5A71F6AAF98CF12BAFBCB2CA1A8933D9CD8371BC298B6BBFC7F78EFA58B1C56BE32C5A315655536D09C615A85FBF7E6FC73AB2565A46715FE92033B61A7F4F2E71D3B62F71A37F5DC248305EF59BB1AFFC7B83669C568E19DFEF7CE73BF92C42049F784356BCD62651C7B2E21AFCBFFCE52FF39BEBB8EE7EF45DD451DC8FC79BEF8978EDB5D7F2F3512771FBDFBFCF1C989B07E368F106BE98F58D3367B12EB8B8A24FBC2EF6E534DF67512DB5251857A05EBD7A752ABDD3FFB415668D3FECDAB5EBE42E5DBA74178C35C158138C2BBF4E63BD66CCF0C65987D80C5A2CEF8A2578118C638D7BCC064668B149D4B1AC08B031BB1B1BC5AFBEFAEAF4CD6F7E33D749EC9989A55BB16E7DC5601CB3B6D1EFD1AF2D05E3E62D96EA34FF3EB1E421CE8055636D09C615AAA6A6664ABC635B9B623D73CC167FDEFA27C158138C35C1B872EAB458631CEBD6E3CA14B14633667D2318C7D28AB894E4BDF7DE6B93A86359AE8BE893987D8D4FEE8C40F9D65B6FE51A8AC01C7DFAD5AF7EB5E9CA147FF9CB5F9AF6D1C4128768116823307F91601CB3D3B1142D667C9B07E36AAA2DC1B842C59ADF9E3D7B364601AF0D53A64C1956FA37E675E9D265EF6AFD1D094E82B12618B7B7712866EE623366CCF8C626A9D8301AF7E3B9382D1DEB3157FC1A9B44DBEFB12CCE2EC4EC6D2C9B89250E114AE3CA3A31431BFD1BFB23A29662B94DF1411D7126225E5F7C8FD87817B3B87165890D37DC7095FF4E7C8FA8BDE2FBC6A52FE33271C5F3D5545B827105EBDEBD7BB79A9A9ABF353434ACD1505C2AF8715DBB769D53AD4B280427C158138CDBEB38145710886BD1C62C70CCFAC565B78A4D9EF1D1E5F1E99C36893A96355F671ED7212E366DC646E21FFEF087396046D88D4BF6C559838F3EFAE83397EFC42501E35AFD71759E55BD26CE3EC465D5E2FBACAA9EAAA9B604E30AD7AD5BB79E7DFAF4F9784DCD1CC74C7184E2CE9D3BF7AFF6DF8DE024186B82B17148138C35C1B89D2985D89F75EFDE7DF1134F3CF1C9FF6343DE8783070FBE37964F945A8FB6F07B319808C69A606C1CD204634D306E8762CD71D7AE5D47D6D4D4CC9F3C7972E3EA5CA778C488110F9482F5A4D86857CD6B8A0D2682B1E66021186B82B1A686687E40383902728F1E3D1A060D1A346DDCB87173EAEBEBE7C53AA1D0D8D838FFBDF7DE7BB3AEAEEEA9ABAFBEFA996EDDBACD8C401CB3C4D57AF509838960AC395808C69A60ACA9215A540ABC3B77E9D2A56FE900F148A9CD2AB525FFFE4CF6F8EFDC521B1E1FF35C8D9F6867303198E85F070BC158138C35350406138389FE75B0108C35C158534360303198E85F070BC158138C35350406138389FE75B0108C35C158534360303198E85F070BC158138C35350406138389FE75B0108C35C158534360303198E85F070BC158138C35350406138389FE75B0108C35C158DFA9213098184CF4AF838560AC09C66A480D81C1C460A27F1D2C04634DA851436A080C260613FDEB6021186B428D1A524360303198E85FFD2B186B428D1A524360303198E85FFD2B186B428D1A524360303198E85FFD2B186B428D1A524360303198E85FFD2B186B428D1A524360303198E85FFD2B186B428D1A524360303198E85FFD2B186B428D1A5243B0168D1C39D21F71E5B425A5C1E453FDAB7F05634DA851436A08CA60CC9831F31A1A1AFC215740ABAFAF7FB034984CD7BFFA5730D6841A35A486A00C468D1AF59FA3478F5EB460C182467FCCE59B498CD054575737A7D44ED6BFFA5730D6841A35A486A04C4A07EB8EA5229E14A779A398B5566FF17B9FBEB64293FE6DDBFD2B186B428D1A52430020186B428D1A524300D07682B14DA23689AA2135040082F1576C12B549540DA92100108C339B446D1255436A080004E37FB349D4265135A486004030060000C118000004630000108C01004030060000C118000004630000108C01004030060000C118000004630000108C01004030060000C118000004630000108C01004030060000C118000004630000108CBFAC9452879933673E3271E2C47F8E1C3932D5D6D66AADDCEAEAEAD2983163FEB7D4BAFBEB000004E33289503C76ECD8D4D0D090962D5BA695A92D5CB830BDF0C20B8B4B21F9647F210080605C0631532C14574C385E565B5B3BDD5F0800201897412C9F104A2BA79582F1A7FE420000C1B80C628DAB405A51C1D8C64C004030AEE460FCC9A27969E6A47BD3B4BA81B9C5ED784C98158C0100DA4D30FEF8C3FA34F5B92BD26B4F5FB45C8BC7E23981563006006817C178EEB427570AC5457B77DA708156300600681FC178FAF337B4188CE33981563006006817C1786AEDD52D06E3784EA0158C01000463C158300600682FC138AE42D152308EE7045AC11800A05D04E319E3FFABC5601CCF09B482310040BB08C6EFD74F4953475CB5F2328AD263F19C402B180300B48B601C6DD62B43570AC6F198302B180300B49F60BC74699AF1E2ED2B2FA3283D16CF09B4823100409B0FC6F1C9766F8DBFA5C535C6F19C4FBF138C0100DA6E305EBA34CD9B312ABDFEEC652D86E2A2C56BE2B5668F0563008036158C3F6F96D8ECB1600C00D02E82F1179925FEACD96301573006006813C1F8CB86E2A209B8823100409B08C69A600C0020186B8231008060AC09C6000082B12618030008C69A600C0020180BA482310080602C180BC6000082B1602C18030008C682B1600C0020180BC682310080602C180BC6000082B1602C18030008C682B1600C0020180BC6823100407B0BC65DBA74A92DB5C30463C11800A05D07E3F837A24540EEDCB9F32182B1600C00D0AE8371B3F6CCAA66900563C11800A0BD05E3A619E4E6015930168C0100DA65306E3E831C4B2C0463C11800A0ACC1B8525AB982F14B2FBD941A1B1BBFD06B3FF8E083346FDEBCD5FAFEE3C78F4F37DF7C738BCF4F9F3E3D3DFEF8E3F9F6E4C993D3BBEFBE9B962E5D9A7FAE050B1608C60000ED207C4FEADCB973C7238E38A243BCAE1CC1B8A1A1216DB4D146E9CA2BAFCCF777DF7DF7B4EDB6DB36B59D76DA69B9D7F7EBD72F6DB3CD36CB3DF6E28B2FA6C30F3F3CBDFDF6DBF9FE840913D2D9679F9DCE3BEFBCDCF6DE7BEF0898E9F4D34F6F7A2C9E8FAF8BD7DF7EFBED698B2DB6C8B777DD75D774FDF5D7E7DBEBAFBF7EBAFFFEFB05630080361C8C970BC4857204E3810307A6ADB7DEBA696676871D7648353535E9A1871E4A175C7041DA72CB2D977B7D04E81D77DC31DF9E3A756A3AF5D453D3BAEBAE9B0E38E080A6A01B5F1B41B84B972EB91D7FFCF169BFFDF64B279D7452D363EBACB34E0EBD312B7CE69967A6CD36DB2C3DF3CC3369AFBDF64A37DD7453FE3E1B6FBC717AECB1C7D21B6FBCB1DAB3D4823100406507E309A55078C28A81B85CC1F8D5575FCD813496391C76D86169C8902139F49E7FFEF969C4881169C080012B05E3ABAEBA2ABFE681071EC88178B7DD764B77DD75575AB26449D36B5E7EF9E574F4D147E76059575797BF7F04E5A14387E6FBF1F8B1C71E9B83F459679D95037004E57DF7DD3707E3FEFDFBA769D3A6E5C7EFB9E79EB4CF3EFBE4D966C11800A0FA83F12A6788CB1D8C63B637026B870E1DF2B285499326E5D01BF76379453C5604E377DE792787D573CF3D376DB7DD76795D7004DE78ECCD37DFCC2D6ECF993327BFBE77EFDEF9EB63063A965EC4BF134B33E2FE061B6C909F2F7E8E3BEFBC33CF5AC7ED08C6F1DA3DF6D82307E34D36D924EDB9E79EA9BEBE5E300600682F5A3B18BFFEFAEBE99A6BAEC941B4D81C17C1F88E3BEEC8B71F7EF8E1A6601CCB2AE2759FD72EBEF8E2FCFA98E13DF0C003D3A38F3E9AD70CC7731180E3FEFEFBEFDF34031C9BECE2F908E3279E78620EC631531D013B82712CD128C2B6600C002018AF95F6D4534FA5ADB6DA2A6DBAE9A6E9A8A38E4AD75E7B6D0EC6471E79643AE79C73D231C71CD3148C638D6F5C2DE2C20B2F4CDB6FBF7DBE3D7CF8F0A6501DF723C0166B9523F86EBEF9E6E990430EC94B21E2751194E37E3C5E04E3D34E3B2D3F17B3CBB7DE7AEB2AD718DB7C07002018AFD5166B8A77DE79E71C802FB9E4923471E2C41C8C0F3AE8A0D4A953A774E8A187B6B8C6B8B8DFB163C7BC44229656347F5D04DF58331CEB8F2FBDF4D21C7E070F1E9CEF375F331C97728BD9E8E64B29560CC6B7DD765BBAE5965B04630000C178EDB458C6B070E1C23C73DCB76FDF1C485B5A4AB1E25529162D5A94678CE367DE65975DF265DDC68C19D3F4BA58431C613766A20F3EF8E01C8C63835FDC8FC73F6B8D71AF5EBDF2CF5204E3B8445C0475C1180040305E2B6DD0A041F96A10115AE35AC331C31B1BE3624637669163E9435C79E2A28B2E6AFA9AE2B178DD7AEBAD97860D1B9666CC9891036D7CAF62ADF2B871E3D2A851A3F2EDB163C7E67F63D6AC594D81B3B8B45BFCF794534EC91BF4E2FAC6B1E92FBE4F5CD2AD58E211D736BEECB2CB04630000C178ED6DBE8BD9E1D9B367E7FB37DE78635E431C41B868B1CC21D6FE165F1357A58875C1F7DD775F9A3F7F7ED3E38B172FCECB2C9A3F56B4D1A347E719E1B81EF18ACFDD7DF7DDF9926F679C7146DE741761BDF8A090F8798E3BEEB8D4B367CF3477EE5CC118004030D66CBE0300108C35C118004030D604630000C158138C010004634D300600108C35C118004030D604630000C15820158C01000463C1583006004030168C0100108C056300000463C1180000C1583006004030168C0100108C056300000463C1180000C1583006004030168C0100108C056300000463C1180000C1583006004030168C0100108C056300000463C1180000C1583006004030168C0100F832468E1C2990564E5B520AC69FAA4A008032183366CCBC868606A1B4025A7D7DFD83A5603C5D55020094C1A851A3FE73F4E8D18B162C58D0289C966FA63842715D5DDD9C523B595502009449298C75ACADAD9D14A7F1638DABD6EA2D7EEFD38562000000000000000000000000000000000000000000000000800AF17F9721658F8DAEA2C70000000049454E44AE426082, 1);
INSERT INTO `act_ge_bytearray` VALUES ('a97a9aaf-7208-11e9-8696-befa298f3cc7', 1, 'source', NULL, 0x7B22626F756E6473223A7B226C6F7765725269676874223A7B2278223A313438352E302C2279223A3730302E307D2C2275707065724C656674223A7B2278223A302E302C2279223A302E307D7D2C227265736F757263654964223A2263616E766173222C227374656E63696C223A7B226964223A2242504D4E4469616772616D227D2C227374656E63696C736574223A7B226E616D657370616365223A22687474703A2F2F62336D6E2E6F72672F7374656E63696C7365742F62706D6E322E3023222C2275726C223A222E2E2F656469746F722F7374656E63696C736574732F62706D6E322E302F62706D6E322E302E6A736F6E227D2C2270726F70657274696573223A7B2270726F636573735F6964223A226133343334222C226E616D65223A223233343534222C22646F63756D656E746174696F6E223A223434222C2270726F636573735F6E616D657370616365223A22687474703A2F2F7777772E666C6F7761626C652E6F72672F70726F63657373646566222C2269736561676572657865637574696F6E6665746368223A66616C73652C226D65737361676573223A5B5D2C22657865637574696F6E6C697374656E657273223A7B22657865637574696F6E4C697374656E657273223A5B5D7D2C226576656E746C697374656E657273223A7B226576656E744C697374656E657273223A5B5D7D2C227369676E616C646566696E6974696F6E73223A5B5D2C226D657373616765646566696E6974696F6E73223A5B5D7D2C226368696C64536861706573223A5B7B22626F756E6473223A7B226C6F7765725269676874223A7B2278223A3133302E302C2279223A3139332E307D2C2275707065724C656674223A7B2278223A3130302E302C2279223A3136332E307D7D2C227265736F757263654964223A2273746172744576656E7431222C226368696C64536861706573223A5B5D2C227374656E63696C223A7B226964223A2253746172744E6F6E654576656E74227D2C2270726F70657274696573223A7B226F766572726964656964223A2273746172744576656E7431222C22696E74657272757074696E67223A747275652C22657865637574696F6E6C697374656E657273223A7B22657865637574696F6E4C697374656E657273223A5B5D7D7D2C226F7574676F696E67223A5B5D7D5D7D, NULL);
INSERT INTO `act_ge_bytearray` VALUES ('aa1f0a16-7d2a-11e9-bbda-1adfe5f2fe72', 1, '请假流程.bpmn20.xml', 'aa1f0a15-7d2a-11e9-bbda-1adfe5f2fe72', 0x3C3F786D6C2076657273696F6E3D22312E302220656E636F64696E673D225554462D38223F3E0A3C646566696E6974696F6E7320786D6C6E733D22687474703A2F2F7777772E6F6D672E6F72672F737065632F42504D4E2F32303130303532342F4D4F44454C2220786D6C6E733A7873693D22687474703A2F2F7777772E77332E6F72672F323030312F584D4C536368656D612D696E7374616E63652220786D6C6E733A7873643D22687474703A2F2F7777772E77332E6F72672F323030312F584D4C536368656D612220786D6C6E733A666C6F7761626C653D22687474703A2F2F666C6F7761626C652E6F72672F62706D6E2220786D6C6E733A62706D6E64693D22687474703A2F2F7777772E6F6D672E6F72672F737065632F42504D4E2F32303130303532342F44492220786D6C6E733A6F6D6764633D22687474703A2F2F7777772E6F6D672E6F72672F737065632F44442F32303130303532342F44432220786D6C6E733A6F6D6764693D22687474703A2F2F7777772E6F6D672E6F72672F737065632F44442F32303130303532342F44492220747970654C616E67756167653D22687474703A2F2F7777772E77332E6F72672F323030312F584D4C536368656D61222065787072657373696F6E4C616E67756167653D22687474703A2F2F7777772E77332E6F72672F313939392F585061746822207461726765744E616D6573706163653D22687474703A2F2F7777772E666C6F7761626C652E6F72672F70726F63657373646566223E0A20203C70726F636573732069643D22413122206E616D653D22E8AFB7E58187E6B581E7A88B2220697345786563757461626C653D2274727565223E0A202020203C646F63756D656E746174696F6E3EE8AFB7E58187E6B581E7A88B3C2F646F63756D656E746174696F6E3E0A202020203C73746172744576656E742069643D2273746172744576656E7431223E3C2F73746172744576656E743E0A202020203C757365725461736B2069643D227369642D34434431344430332D353733322D343345342D394134432D35414342454445323036344222206E616D653D22E7BB84E995BFE5AEA1E689B92220666C6F7761626C653A61737369676E65653D2231303637323436383735383030303030303031223E0A2020202020203C657874656E73696F6E456C656D656E74733E0A20202020202020203C6D6F64656C65723A61637469766974692D69646D2D61737369676E656520786D6C6E733A6D6F64656C65723D22687474703A2F2F666C6F7761626C652E6F72672F6D6F64656C6572223E3C215B43444154415B747275655D5D3E3C2F6D6F64656C65723A61637469766974692D69646D2D61737369676E65653E0A20202020202020203C6D6F64656C65723A61737369676E65652D696E666F2D656D61696C20786D6C6E733A6D6F64656C65723D22687474703A2F2F666C6F7761626C652E6F72672F6D6F64656C6572223E3C215B43444154415B726F6F744072656E72656E2E696F5D5D3E3C2F6D6F64656C65723A61737369676E65652D696E666F2D656D61696C3E0A20202020202020203C6D6F64656C65723A61737369676E65652D696E666F2D66697273746E616D6520786D6C6E733A6D6F64656C65723D22687474703A2F2F666C6F7761626C652E6F72672F6D6F64656C6572223E3C215B43444154415B61646D696E5D5D3E3C2F6D6F64656C65723A61737369676E65652D696E666F2D66697273746E616D653E0A20202020202020203C6D6F64656C65723A696E69746961746F722D63616E2D636F6D706C65746520786D6C6E733A6D6F64656C65723D22687474703A2F2F666C6F7761626C652E6F72672F6D6F64656C6572223E3C215B43444154415B66616C73655D5D3E3C2F6D6F64656C65723A696E69746961746F722D63616E2D636F6D706C6574653E0A2020202020203C2F657874656E73696F6E456C656D656E74733E0A202020203C2F757365725461736B3E0A202020203C73657175656E6365466C6F772069643D227369642D30443443324238332D373230352D343937352D384531452D3844423531323832393239342220736F757263655265663D2273746172744576656E743122207461726765745265663D227369642D34434431344430332D353733322D343345342D394134432D354143424544453230363442223E3C2F73657175656E6365466C6F773E0A202020203C757365725461736B2069643D227369642D31463541364145332D363141372D344135442D424437342D44323841444245364534314222206E616D653D22E983A8E995BFE5AEA1E689B92220666C6F7761626C653A61737369676E65653D2231303637323436383735383030303030303031223E0A2020202020203C657874656E73696F6E456C656D656E74733E0A20202020202020203C6D6F64656C65723A61637469766974692D69646D2D61737369676E656520786D6C6E733A6D6F64656C65723D22687474703A2F2F666C6F7761626C652E6F72672F6D6F64656C6572223E3C215B43444154415B747275655D5D3E3C2F6D6F64656C65723A61637469766974692D69646D2D61737369676E65653E0A20202020202020203C6D6F64656C65723A61737369676E65652D696E666F2D656D61696C20786D6C6E733A6D6F64656C65723D22687474703A2F2F666C6F7761626C652E6F72672F6D6F64656C6572223E3C215B43444154415B726F6F744072656E72656E2E696F5D5D3E3C2F6D6F64656C65723A61737369676E65652D696E666F2D656D61696C3E0A20202020202020203C6D6F64656C65723A61737369676E65652D696E666F2D66697273746E616D6520786D6C6E733A6D6F64656C65723D22687474703A2F2F666C6F7761626C652E6F72672F6D6F64656C6572223E3C215B43444154415B61646D696E5D5D3E3C2F6D6F64656C65723A61737369676E65652D696E666F2D66697273746E616D653E0A20202020202020203C6D6F64656C65723A696E69746961746F722D63616E2D636F6D706C65746520786D6C6E733A6D6F64656C65723D22687474703A2F2F666C6F7761626C652E6F72672F6D6F64656C6572223E3C215B43444154415B66616C73655D5D3E3C2F6D6F64656C65723A696E69746961746F722D63616E2D636F6D706C6574653E0A2020202020203C2F657874656E73696F6E456C656D656E74733E0A202020203C2F757365725461736B3E0A202020203C73657175656E6365466C6F772069643D227369642D32434146354230452D423434332D344246412D414638382D3231324132323730373241332220736F757263655265663D227369642D34434431344430332D353733322D343345342D394134432D35414342454445323036344222207461726765745265663D227369642D31463541364145332D363141372D344135442D424437342D443238414442453645343142223E3C2F73657175656E6365466C6F773E0A202020203C757365725461736B2069643D227369642D42314246453833452D343637382D343637322D414446422D45423231433234394442424222206E616D653D22E68E92E995BFE5AEA1E689B9223E3C2F757365725461736B3E0A202020203C73657175656E6365466C6F772069643D227369642D44373032423934442D353938462D343632342D394633372D4634343033323336413331362220736F757263655265663D227369642D31463541364145332D363141372D344135442D424437342D44323841444245364534314222207461726765745265663D227369642D42314246453833452D343637382D343637322D414446422D454232314332343944424242223E3C2F73657175656E6365466C6F773E0A202020203C757365725461736B2069643D227369642D41364439383739462D334541452D344639412D393137312D38364245333530393043333822206E616D653D22E680BBE58FB8E4BBA4E5AEA1E689B9223E3C2F757365725461736B3E0A202020203C73657175656E6365466C6F772069643D227369642D32384539433232302D313535342D343237312D393233312D4634463232463236303441352220736F757263655265663D227369642D42314246453833452D343637382D343637322D414446422D45423231433234394442424222207461726765745265663D227369642D41364439383739462D334541452D344639412D393137312D383642453335303930433338223E3C2F73657175656E6365466C6F773E0A20203C2F70726F636573733E0A20203C62706D6E64693A42504D4E4469616772616D2069643D2242504D4E4469616772616D5F4131223E0A202020203C62706D6E64693A42504D4E506C616E652062706D6E456C656D656E743D224131222069643D2242504D4E506C616E655F4131223E0A2020202020203C62706D6E64693A42504D4E53686170652062706D6E456C656D656E743D2273746172744576656E7431222069643D2242504D4E53686170655F73746172744576656E7431223E0A20202020202020203C6F6D6764633A426F756E6473206865696768743D2233302E30222077696474683D2233302E302220783D2239302E302220793D223135302E30223E3C2F6F6D6764633A426F756E64733E0A2020202020203C2F62706D6E64693A42504D4E53686170653E0A2020202020203C62706D6E64693A42504D4E53686170652062706D6E456C656D656E743D227369642D34434431344430332D353733322D343345342D394134432D354143424544453230363442222069643D2242504D4E53686170655F7369642D34434431344430332D353733322D343345342D394134432D354143424544453230363442223E0A20202020202020203C6F6D6764633A426F756E6473206865696768743D2238302E30222077696474683D223130302E302220783D223136352E302220793D223132352E30223E3C2F6F6D6764633A426F756E64733E0A2020202020203C2F62706D6E64693A42504D4E53686170653E0A2020202020203C62706D6E64693A42504D4E53686170652062706D6E456C656D656E743D227369642D31463541364145332D363141372D344135442D424437342D443238414442453645343142222069643D2242504D4E53686170655F7369642D31463541364145332D363141372D344135442D424437342D443238414442453645343142223E0A20202020202020203C6F6D6764633A426F756E6473206865696768743D2238302E30222077696474683D223130302E302220783D223238352E302220793D223132302E30223E3C2F6F6D6764633A426F756E64733E0A2020202020203C2F62706D6E64693A42504D4E53686170653E0A2020202020203C62706D6E64693A42504D4E53686170652062706D6E456C656D656E743D227369642D42314246453833452D343637382D343637322D414446422D454232314332343944424242222069643D2242504D4E53686170655F7369642D42314246453833452D343637382D343637322D414446422D454232314332343944424242223E0A20202020202020203C6F6D6764633A426F756E6473206865696768743D2238302E30222077696474683D223130302E302220783D223435352E302220793D223132352E30223E3C2F6F6D6764633A426F756E64733E0A2020202020203C2F62706D6E64693A42504D4E53686170653E0A2020202020203C62706D6E64693A42504D4E53686170652062706D6E456C656D656E743D227369642D41364439383739462D334541452D344639412D393137312D383642453335303930433338222069643D2242504D4E53686170655F7369642D41364439383739462D334541452D344639412D393137312D383642453335303930433338223E0A20202020202020203C6F6D6764633A426F756E6473206865696768743D2238302E30222077696474683D223130302E302220783D223630302E302220793D223132352E30223E3C2F6F6D6764633A426F756E64733E0A2020202020203C2F62706D6E64693A42504D4E53686170653E0A2020202020203C62706D6E64693A42504D4E456467652062706D6E456C656D656E743D227369642D44373032423934442D353938462D343632342D394633372D463434303332333641333136222069643D2242504D4E456467655F7369642D44373032423934442D353938462D343632342D394633372D463434303332333641333136223E0A20202020202020203C6F6D6764693A776179706F696E7420783D223338342E39353030303030303030303030352220793D223136302E30223E3C2F6F6D6764693A776179706F696E743E0A20202020202020203C6F6D6764693A776179706F696E7420783D223432372E352220793D223136302E30223E3C2F6F6D6764693A776179706F696E743E0A20202020202020203C6F6D6764693A776179706F696E7420783D223432372E352220793D223136352E30223E3C2F6F6D6764693A776179706F696E743E0A20202020202020203C6F6D6764693A776179706F696E7420783D223435352E302220793D223136352E30223E3C2F6F6D6764693A776179706F696E743E0A2020202020203C2F62706D6E64693A42504D4E456467653E0A2020202020203C62706D6E64693A42504D4E456467652062706D6E456C656D656E743D227369642D30443443324238332D373230352D343937352D384531452D384442353132383239323934222069643D2242504D4E456467655F7369642D30443443324238332D373230352D343937352D384531452D384442353132383239323934223E0A20202020202020203C6F6D6764693A776179706F696E7420783D223131392E39343939393834383939353735382220793D223136352E30223E3C2F6F6D6764693A776179706F696E743E0A20202020202020203C6F6D6764693A776179706F696E7420783D223136352E302220793D223136352E30223E3C2F6F6D6764693A776179706F696E743E0A2020202020203C2F62706D6E64693A42504D4E456467653E0A2020202020203C62706D6E64693A42504D4E456467652062706D6E456C656D656E743D227369642D32384539433232302D313535342D343237312D393233312D463446323246323630344135222069643D2242504D4E456467655F7369642D32384539433232302D313535342D343237312D393233312D463446323246323630344135223E0A20202020202020203C6F6D6764693A776179706F696E7420783D223535342E393439393939393939393930372220793D223136352E30223E3C2F6F6D6764693A776179706F696E743E0A20202020202020203C6F6D6764693A776179706F696E7420783D223539392E393939393939393939393830372220793D223136352E30223E3C2F6F6D6764693A776179706F696E743E0A2020202020203C2F62706D6E64693A42504D4E456467653E0A2020202020203C62706D6E64693A42504D4E456467652062706D6E456C656D656E743D227369642D32434146354230452D423434332D344246412D414638382D323132413232373037324133222069643D2242504D4E456467655F7369642D32434146354230452D423434332D344246412D414638382D323132413232373037324133223E0A20202020202020203C6F6D6764693A776179706F696E7420783D223236342E393439393939393939393939352220793D223136322E3931363636363636363636363636223E3C2F6F6D6764693A776179706F696E743E0A20202020202020203C6F6D6764693A776179706F696E7420783D223238342E39393939393939393939393935352220793D223136322E3038313234393939393939393938223E3C2F6F6D6764693A776179706F696E743E0A2020202020203C2F62706D6E64693A42504D4E456467653E0A202020203C2F62706D6E64693A42504D4E506C616E653E0A20203C2F62706D6E64693A42504D4E4469616772616D3E0A3C2F646566696E6974696F6E733E, 0);
INSERT INTO `act_ge_bytearray` VALUES ('aa58dec7-7d2a-11e9-bbda-1adfe5f2fe72', 1, '请假流程.A1.png', 'aa1f0a15-7d2a-11e9-bbda-1adfe5f2fe72', 0x89504E470D0A1A0A0000000D49484452000002C6000000D70806000000197D97A2000015BC4944415478DAEDDD0B949565B907F02E5656BABADF4CCB3AA6AE95952DADACAC5CDD5B69C75690CC3025218BF1928AB722C524B4C23A662D4F196559E651CB0CF1AE2022E22535029448F020A65C84638A2897F0F49DEFFF9DBE599BCBD86830B3F7CCEFB7D6B3987D992DCEFBF0BCCF7EF7FB7EF3AC6701000000000000000000000000000000000000000000000000000000000000000000000000000000000000000000000000000000000000000000000000000000000000000000000000000000000000000000000000000000000000000000000000000000000000000000000000000000000000000000000000000000000000000000000000000000000000000000000000000000000000000000000000000000000000000000000000000000000000000000000000000000000000000000000000000000000000000000000000000000000000000000000000000000000000000000000000000000000000000000000000000000000000000000000000000000000000000000000000000000000000000000000000000000000000000000000000000000000000000000000000000000000000000000000000000000000000000000000000000000000000D0EF1445B1CDC2850B2FBEEDB6DBFEF7FAEBAF2F264F9E2C7A39A64C99524C9F3EFD7FCAE8909100007D244DF14D37DD542C5FBEBC58B76E9DE8A358B1624571E38D37AE2C9BE441B21200A00F64A55853DC34CDF1BAC99327CF939500007D20DB2734A5CD136563BC5E560200F481EC71D5903655635CC84A0068520E67F5EFC3593D6D8C1F7F7469B1F08E738BB953C65591AF739F665663AC0EA94372483868CC80E17056FF3E9CD593C678D5238B8BBBAF3DB9987DE5091B44EECB63C64763AC0EA94372483868CC80E07056FF3E9CD593C6F881B9976DD214D7F1E0DCCB8D8DC6581D5287E49070D09881C1E1ACFE7D38AB278DF1BC1B4EEFB631CE63C64563AC0EA94372483868CC80E07056FF6E9C7A32BE774F1EDB6D639CC78C8BC6581D92A77248A87598901CCED2186B8C4D16EA903C954342ADC384E470D640698C333974D718E731E362B25087E4A91C126A1D262487B3064463BCE0E6FFEC767CF398713159A843F2540E09B50E1392C35903A2317E78F19CE2EEEB4ED97415A5BC2F8F191793853A244FE59050EB3021D9833A201AE3C47D779EB7C9D8E63E6362B25087E4A91C126A1D2624C564E034C66BD7160B6E397BD36D14E57D79CCB8982CD421792A87845A8709C9E1AC7EDF18E7C0C9FC9BCFEA767CF3984329260B75489ECA21A1D661427238ABFF36C66BD7164B174C2DEEBAE6C46EC7B68E3C27CFB57A6CB25087E4A91C126A1D037E427238AB7F35C6FF6C95D8EAB1C9421D92A77248A87598901CCE1A108D714F56899F6AF5D838992CD421792A87845AC7C09D901CCEEA578DF1336D8AEB304E260B75489ECA21A1D63120272487B306C6E5DA84C9421D12FDB93196437208FEB562E27096C658982CD421792A87845AC7409F901CCED2180B93853A244FE5905C50EB3021399CA53116260B75489ECA21B9A0D6614272384B632C4C16EA903CED1F8DB11C9243A071524C8CAFC9421D121A6321874031514C8CAFC9421D121A6321874031514C8CAFC9421D121A6321874031514C8CAFC9421D121A63218778868AA2D876CE9C399DBFFCE52F6F1C3F7EFCCAA38E3A6AFDB061C38A214386141D1D1D7F3FECB0C3D69D74D2490B4F3FFDF4F3CBD8CD842434C6C264A10EC9533924D4BA7ED7105F72C925E79D7AEAA9EB478D1A554C9830A1B8EDB6DB8AC58B17176BD6AC29227F2E5FBEBCF8C31FFE50948D7371F4D147FFFD98638E593472E4C8112624A13116260B75489ECA21A1D6B5BCB2011E7EDA69A7AD3DE18413AAA6F7C9279F2C7A6AD6AC59C5E8D1A39FECECEC9C3778F0E05D4C4842632C4C16F2549ECA21A1D6B5E22AF13693264D9A7AE8A18716975F7EF9D36A883776CD35D714C3870F5FDD5F568F15138DB13059A84342632CD4BA01D4144F9B36EDF6238F3CB2983F7F7EB1252C5AB4A8289BECD523468C38C2842434C6C264214FE5A91C126A5D4BC84A719AE2EC19DE92F27A23478E5CD5D6D6D66142121A6361B290A7F2540E09B5AEA9654F71B64F6CA995E2CDAD1C7FF18B5F7CA46C8E773721098DB13059C853792A87845AD7AC5B28B61D376EDCBAEC29DE9AAEBCF2CAD543870EBDD584247AAB980C193264E7F6F6F63D8DAFC942632CE4A91C9243F4C8C48913FF2B579FF8DBDFFE566C6D871F7EF8B256DD52A198B45E3139E8A083F6C8F5B6CB3F27967F0EDA6FBFFDB631BE260B8DB1D0181B3B3944B7ABC5B94E712EC9D61B66CF9EBDAE55578D1593D65C314E63DC10F3CA3874F0E0C1DB195F93853A2434C6420EB181FC46BB1CB8FB572ECBF6740D1F3E7C591A9666F919B4B5B54D2E635FC5A4FF1593F24DD88E1B35C6C53F56901F29FF1CD3789DEDBE1ADFBFFCE52FC54F7FFAD362C58A15D5ED871F7EB878E8A187AA43ABF9653AAB56ADEA7AEE5FFFFAD762E9D2A54FEBF56FBEF9E6E2073FF841B78FCF9B37AF98387162F5F5CC99338B071F7CB058BB766DF1FBDFFFBEFA7BF4D5F86E6EDC9A35D42175C85C2634C6FD447ECDF339E79C53F4A633CF3C735639991CDF2C3F837A724B51291BA67D1493FE554C7AD0D85C5CC6DEBD3DBEF7DE7B6F71C9259714DFF9CE77F2FF51FCE8473F2A2EBCF0C2A26CE6ABDB757CF9CB5FEEFA9E638F3DB678E52B5FB9C1EBDC72CB2DC5073EF081EAF572FBD65B6FADBEE7E8A38FAE62F7DD77AF5E27876BEBFBF278BE2FCF3FFBECB38B97BEF4A5D5D76F7CE31B8B6F7DEB5BD5D7CF7FFEF38B0B2EB8C064D183FC5287D4217399D018F713E3C78F5F995FF3DC9BCA097951F98FF7F2662B260D71F5E6DE752B26CD15D75D775DF199CF7C66FB72BC762827815DDBDBDBF72ABFDEAF1CBB03CA3FDBCB18597E7DDC3F6B8CCBEF5D5FFEB9A6B7C7F757BFFA55F1B297BDAC6A5A5FF39AD7142F7EF18BABDB9FFDEC67AB4677DAB469D563695CEBEFF9FAD7BF5EECB0C30ED5D777DF7D7771F0C10717CF79CE738A3DF7DCB3ABD1FDF5AF7F5D7D5FF9FF5EC501071C50BCED6D6F2B3EF7B9CF75DDF7EC673FBB6A7AB32A7CF8E18717DB6FBF7D71F5D55717BBEDB65BF1DDEF7EB77A9D17BDE845C5EF7EF7BBE24F7FFAD3D35EA5D618AB439A1A7399D018B7A4A38E3A6A7D26BDDEB46CD9B2E5E53FD8079AB89874BDEB6E2C2A8A49F3443EEA2F1BE18CD3AA329694714F1977967143DE749571411913CAA6F73FCA78A29B317EA27CECF4F2CF9DB2E7B82FC6F7A4934E2ADEF39EF7144F3CF144F18A57BCA2C8A73769543FF9C94F56DB1F5EFDEA57178F3DF658D7F34F39E594AA31CECA721AE237BDE94DD5F7AC59B3A6EB39B7DF7E7BF1B18F7DAC2AB653A64CA95E278DF279E79D57DDCEFD9FFAD4A7AA46FA88238EA81AE034CA7BECB147D5188F1E3DBA983B776E75FFCF7FFEF3E2AD6F7D6BB5DA6CB2E8F5C6581DD2D4C82139446F1B366C5835A9F6A6FCF7B242D7ECC5A4F15D773E96524C9A6FC5B887E37BDF46E3B9BE1CCF33B3FFB82F5751B2F7374DE80B5FF8C2AAE14DF3FABDEF7DAFF8FCE73F5F7CE4231F29DEF08637145FFBDAD7BAF621A7592DDFC856ABCBD9179C8637F7DD73CF3D55E4EBFBEFBFBF7AFE881123AAAD10AF7BDDEBAAAD1779ED57BDEA55D5ED17BCE005D5E3F5DFE3273FF949D594E7EB34C679EE5BDEF296AA31CE2AF6AEBBEE5AED753659F44D63AC0E696AE4901CA297FF21F585563A5853475F15937CDCBD7AF5EA1E3D77201DCE7A1A7B8C1734EE27CE25DC9A61DF5DF6FABEF6B5AFAD9AD53AD2BCBEEF7DEF2B3EFEF18F570D721AD4471F7DB438EEB8E336D877DC5D7CE52B5FA95E3B2BBCEF7CE73BAB3DCCD9339CC7D200E7F63BDEF18EAE15E08C631EDF669B6DAA2D1C698CC78C195335D8698CB345A36EB64D16CFB81969F93A94375D8DFBCD6FBAE9A6E2861B6EA8B6DFDC71C71D03BA0E99CB361F8F3FFE78F509557D3B878833C6F9746C4BE6E47DF7DDD7F2B9A5316E32071F7CF0DF7B7BC5B86CF296B5C88AF11D6513B57F7DEDDBBE9890726582AC28666F696EBFF9CD6FAE9AA73A5EFFFAD76FF07C87B3363BBED95EB12063F954CFEB8BF14DC33B6AD4A8AEC8D529EAAD14B93AC54B5EF29262C28409559391627DFCF1C757CD74BECE2FE4C9B8A5E0E7761AD8BA88672CF3BDFBECB34FB51522CF4BA39CDBB9BF6E8CBFF4A52F558F652C7FF8C31F6E768FB15514752839987DE8F5ED1C101D346850B1D75E7B757DAAA10EC9A1C6B8E8A28B363823914FC372FBAAABAEDAE067973A939AD45D64FE4B93DDF8DA73E6CCA9E6BFBC5E72A1CEA93A5A2DB734C64DE6C8238F5CD7DB7B8C972C59724F93EF31DEA088F465E3346EDCB8EA63EEBAE1C9AA6267676775C02A4D550E6B353EDFE1AC4DE5A3C3A7FAC51E7D39BE29C6EF7FFFFBAB4623FB85B34A5C37C679FC139FF84471C821876CB2C7B8BEBDFFFEFB571344563C1A5F371340F60C67FF711A978CF719679C51DD6EDC339C9594E451E3568A8DC73757CB38EBACB334C603B40EE51AF76922B2ADE6FBDFFF7EF1EE77BFBB6A7A5327DEFBDEF7163BEEB863F5862BDB82D421395437AE199FBC897FFBDBDF5E35C5F5424EEECFD6AF3C2F6FE833BEBFFDED6F37898B2FBEB8C82F1E4B8E34BEF6F4E9D3ABDCDA69A79DAA15E9BCEECE3BEF5CE548FD9C56CB2D8D719339F9E49317F4F65529AEBDF6DAAB9AF4AA14B796FF600EECAE89EAED0969D6AC59D53FD6AC08EEBBEFBED5AA4D0AC231C71C53EDAFCD47DE1B37C60E673D737DD11867FCCE3FFFFCEAEB8E8E8E5C21A32AD25959CB6A5C7EC65FFDEA57376938B2BD222BC6F93B672F72269C4C18F5F3B28738CDEE473FFAD1AA91C9F82687723BF73FD51EE334E29918EA4921AB7F83070FD6180FD03A54CE11C576DB6D57D5806CF1496EE4C068DECCA531CE7DB9E4E0A5975EAA0EC9A10D568BF386296FFCEB484DCBFD6940EBE77EF0831FAC5685338E75E4761AD9DFFCE6375D8DF1C2850BBB1ADAACE4A6D94E03FCCD6F7EB37A4EEECFFFFB9FFFFCE796CB2D8D7193298BDC39BD7D1DE3B2685ED964D731DEECBBEABE9E90B2CA927FCCD9FF994290BD7C996C723B8523F7D58DB1C359ADDB18E7E79DC623E39A15E314E0341BA79D765A35868D7BDCB21D228D46BEE7B9CF7D6E3169D2A462C18205D5B8A4B0D7FBE866CC98514C9D3AB56B3F68C6ACDE8B97FFCF7AD52E7F7EE10B5FA872201F2F26AFF23A9980F2774A239D8F164F3CF1448DF100AD43895FFCE217550DC80ADFF8F1E3AB375BD98693C6380D72F2302BC3EA901C4A64B537E393BDE68DF767DC73FFB5D75EDB755FF6AA5F76D965D5168B3AAEB8E28A6AF1A7B1311E3E7C78952B071E7860350FA62ED591DBF9942D35B1BEEE7B2BE596C6B8C98C1933E6DFCA44FADF5EFCCD776BDADBDBFFBB997EF35DB3364E77DD7557F18D6F7CA36B1F69EE4B01F8F18F7F5C7D9DA25137C60E67B566639C9588ACB66572488371D86187552BC6698C37F7FC341C6948B2CABC6CD9B2AEFB57AE5C59ADD235DE5747AE879CA29F8F03377EEC673FFB59B59A97FF6EC6354D4FBD5F2F7FAF4F7FFAD3D584F4C0030F688C07681DAAF787D635E0C31FFE70D560A446A431CE1BA8DC4EEEA84372A871C538F9914FAAEAA83FBD6A5C31BEF3CE3B379B23F924BBB131CE9BB25CFB3DAF9DFCD838F2DC7C8A56D7AA56CA2DB5AE091D7BECB1F7661F592F6DA338BF6C8A6F3221FDF3C8BBE697BFFCE55D2B77A79E7A6AD5186762CAAFF1CE3BE4BA317638AB351B0E61B268F63CCD9BB1BA06E463E5ACF8BEEB5DEFAA3E4548E3933764F573D52139546F03FCF6B7BF5DBDB9CED6BF8C5DF228B7737FE39988D9B367578F274FF2F53F7E9E55C3DCD81827F206BE5EF5CD2767D96A585FD127CFCB76C3C67316AD925B6A5D133AE490430697EFF4D7F7C2AAF123EDEDED33DBDADA3A4C483D3B099E832D6980B3CF34EFA0D318EFBDF7DED59ECF5CD6ABBB3DC60E67698C35C61AE32D11D9AF9915DED4801C06CD569BD48BD48A34C6D9E39ED5C0342DEA901CAA1BD8ACEE66AE1A3B766CB1CB2EBB5479B262C58A6AEB56F6AD6FDC1867D536E39E71EDAE316E8C6CD5697C9D6C79C82760AD985B6A5D93EAECEC9C93776C5B53F63367B5B82757083021FDFF473C29245939CEA5BCF28FB5BBAD140E67698C35C61AE3ADBDC738FBD673658AECD1CCAA6F1AE37C82954FB3CE3DF75C75480E55799131C9EA6B7E73671ACAF9F3E7573994863963FABCE73DAFEBCA147FFCE31FAB71CF25D5B2C5219186360D734F1AE3AC4E672B5A567C1B1BE356CA2DB5AE4965CFEFF0E1C3572781B7863973E64C2AFF1B4BDBDADA763721F52CB267AF5E9D49D148B1C8849477BB5945AE0F62E592360E67698C35C61AE3AD1159B9CBBFF7ACF8E69054DE8CE7761ECBC7D2D98FB9F1F7A843033787F2E942566FB36D265B1CD294E613CFACD0667C733E22B994ED36F52FEAC82711797EE36F35CD2A6EAE2CB1EDB6DB6EF6BF93D748EED5AF9B4B5FE63271F5E3AD945B6A5D13EBE8E818DAD9D9F9447EA9C4965426FC8CF6F6F6FB5B750B455F4D48397C97D5E1458B16751D864A3149235C478A47DE993B9CA531D6186B8CB746E40A02B9166D5681B3EA97CB6ED57524BFBA3C07841D1295438DFBCC731DE2FAD0660E127FE8431FAA1ACCCC57B9645F3E3578ECB1C79E72FB4E2E0998ED82B93ACFE69E934F1F7259B5BCCEE6F2A995724BAD6B7243870E1D3E72E4C8555B6AE5382BC5698A0F3AE8A0D12624A13116260B792A4FE59050EB5A4AD9C40EE9E8E85879E9A5973EFE2F1CC87BE48C33CE3837DB27CA186642121A6361B290A7F2540E09B5AE2565CF717B7BFBF59D9D9DCB66CE9CB9FAE95CA7F8BAEBAEBBB06CACEFC841BB56DE53AC98688C85C9421D121A632187686C9007A5411E366CD8F2F1E3C7CF9D3163C6FD8B172F5E9A7D42B17AF5EA654B962CB967CA9429578C1D3BF6EAA143872E4C439C55E256BDFA8462A23116260B7548688C851CA25B65C3BB635B5BDBA8B2E1BDB88CFBCA58F38FDFC99E3F1F28E3F2FC9AE756FC8D768A8962627C4D16EA90D0180B39048A8962627C4D16EA90D0180B39048A8962627C4D16EA90D0180B39048A8962627C4D16EA90D0180B39048A8962627C4D16EA90D0180B39048A8962627C4D16EA90D0180B39048A8962627C4D16EA90D0180B39048A8962627C4D16EA90D0181B3B39048A8962627C4D16EA90D018CB2139048A8962627C4D16EA9090A772480E8162A298185F93853A24E4A91C9243A0982826C6D7F8AA43429ECA2139048A8962627C8DAF3A24E4A91C9243A0982826C6D7F8AA43429ECA2139048A8962627C8DAF3A24E4A91C9243A0982826C6D7F8AA43429ECA2139048A8962627C8DAF3A24E4A91C9243A0982826CFD0F5D75FEFE7DA3CB1A61CDFF5AA8E3AA4A9914372081413D107C564FAF4E94B972F5FEE67DB04B178F1E28BCAF19DA7EAA8439A1A3924874031117D504CA64E9DFAEFD3A64D7BF4A1871E5AEDE7DB772BC5698AA74C99727F1983541D7548532387E4102826A28F8A49D98CED5FBEEE1DF9183FAF2F7A3DF2739FA7295687343572480E81622214135087D421392487A0F9399CE57016A843A2D5EB901C9243B045389CE57016A843A2D5EB901C9243B045389CE57016A843A2D5EB901C9243B0C5389CE57016A843EA50ABD721392487000000000000000000000000000000000000000000000000A05FF93F0E9FE910B56349350000000049454E44AE426082, 1);
INSERT INTO `act_ge_bytearray` VALUES ('bfe43909-7610-11e9-82da-1adfe5f2fe72', 1, 'source', NULL, 0x7B22626F756E6473223A7B226C6F7765725269676874223A7B2278223A313438352E302C2279223A3730302E307D2C2275707065724C656674223A7B2278223A302E302C2279223A302E307D7D2C227265736F757263654964223A2263616E766173222C227374656E63696C223A7B226964223A2242504D4E4469616772616D227D2C227374656E63696C736574223A7B226E616D657370616365223A22687474703A2F2F62336D6E2E6F72672F7374656E63696C7365742F62706D6E322E3023222C2275726C223A222E2E2F656469746F722F7374656E63696C736574732F62706D6E322E302F62706D6E322E302E6A736F6E227D2C2270726F70657274696573223A7B2270726F636573735F6964223A226133343334222C226E616D65223A223233343534222C22646F63756D656E746174696F6E223A223434222C2270726F636573735F6E616D657370616365223A22687474703A2F2F7777772E666C6F7761626C652E6F72672F70726F63657373646566222C2269736561676572657865637574696F6E6665746368223A66616C73652C226D65737361676573223A5B5D2C22657865637574696F6E6C697374656E657273223A7B22657865637574696F6E4C697374656E657273223A5B5D7D2C226576656E746C697374656E657273223A7B226576656E744C697374656E657273223A5B5D7D2C227369676E616C646566696E6974696F6E73223A5B5D2C226D657373616765646566696E6974696F6E73223A5B5D7D2C226368696C64536861706573223A5B7B22626F756E6473223A7B226C6F7765725269676874223A7B2278223A3133302E302C2279223A3139332E307D2C2275707065724C656674223A7B2278223A3130302E302C2279223A3136332E307D7D2C227265736F757263654964223A2273746172744576656E7431222C226368696C64536861706573223A5B5D2C227374656E63696C223A7B226964223A2253746172744E6F6E654576656E74227D2C2270726F70657274696573223A7B226F766572726964656964223A2273746172744576656E7431222C22696E74657272757074696E67223A747275652C22657865637574696F6E6C697374656E657273223A7B22657865637574696F6E4C697374656E657273223A5B5D7D7D2C226F7574676F696E67223A5B5D7D5D7D, NULL);
INSERT INTO `act_ge_bytearray` VALUES ('de0705d2-7d3d-11e9-baed-1adfe5f2fe72', 1, '请假流程.bpmn20.xml', 'de0705d1-7d3d-11e9-baed-1adfe5f2fe72', 0x3C3F786D6C2076657273696F6E3D22312E302220656E636F64696E673D225554462D38223F3E0A3C646566696E6974696F6E7320786D6C6E733D22687474703A2F2F7777772E6F6D672E6F72672F737065632F42504D4E2F32303130303532342F4D4F44454C2220786D6C6E733A7873693D22687474703A2F2F7777772E77332E6F72672F323030312F584D4C536368656D612D696E7374616E63652220786D6C6E733A7873643D22687474703A2F2F7777772E77332E6F72672F323030312F584D4C536368656D612220786D6C6E733A666C6F7761626C653D22687474703A2F2F666C6F7761626C652E6F72672F62706D6E2220786D6C6E733A62706D6E64693D22687474703A2F2F7777772E6F6D672E6F72672F737065632F42504D4E2F32303130303532342F44492220786D6C6E733A6F6D6764633D22687474703A2F2F7777772E6F6D672E6F72672F737065632F44442F32303130303532342F44432220786D6C6E733A6F6D6764693D22687474703A2F2F7777772E6F6D672E6F72672F737065632F44442F32303130303532342F44492220747970654C616E67756167653D22687474703A2F2F7777772E77332E6F72672F323030312F584D4C536368656D61222065787072657373696F6E4C616E67756167653D22687474703A2F2F7777772E77332E6F72672F313939392F585061746822207461726765744E616D6573706163653D22687474703A2F2F7777772E666C6F7761626C652E6F72672F70726F63657373646566223E0A20203C70726F636573732069643D22413122206E616D653D22E8AFB7E58187E6B581E7A88B2220697345786563757461626C653D2274727565223E0A202020203C646F63756D656E746174696F6E3EE8AFB7E58187E6B581E7A88B3C2F646F63756D656E746174696F6E3E0A202020203C73746172744576656E742069643D2273746172744576656E7431223E3C2F73746172744576656E743E0A202020203C757365725461736B2069643D227369642D34434431344430332D353733322D343345342D394134432D35414342454445323036344222206E616D653D22E7BB84E995BFE5AEA1E689B92220666C6F7761626C653A61737369676E65653D2261646D696E223E0A2020202020203C657874656E73696F6E456C656D656E74733E0A20202020202020203C6D6F64656C65723A61637469766974692D69646D2D61737369676E656520786D6C6E733A6D6F64656C65723D22687474703A2F2F666C6F7761626C652E6F72672F6D6F64656C6572223E3C215B43444154415B747275655D5D3E3C2F6D6F64656C65723A61637469766974692D69646D2D61737369676E65653E0A20202020202020203C6D6F64656C65723A61737369676E65652D696E666F2D656D61696C20786D6C6E733A6D6F64656C65723D22687474703A2F2F666C6F7761626C652E6F72672F6D6F64656C6572223E3C215B43444154415B726F6F744072656E72656E2E696F5D5D3E3C2F6D6F64656C65723A61737369676E65652D696E666F2D656D61696C3E0A20202020202020203C6D6F64656C65723A61737369676E65652D696E666F2D66697273746E616D6520786D6C6E733A6D6F64656C65723D22687474703A2F2F666C6F7761626C652E6F72672F6D6F64656C6572223E3C215B43444154415B61646D696E5D5D3E3C2F6D6F64656C65723A61737369676E65652D696E666F2D66697273746E616D653E0A20202020202020203C6D6F64656C65723A696E69746961746F722D63616E2D636F6D706C65746520786D6C6E733A6D6F64656C65723D22687474703A2F2F666C6F7761626C652E6F72672F6D6F64656C6572223E3C215B43444154415B66616C73655D5D3E3C2F6D6F64656C65723A696E69746961746F722D63616E2D636F6D706C6574653E0A2020202020203C2F657874656E73696F6E456C656D656E74733E0A202020203C2F757365725461736B3E0A202020203C73657175656E6365466C6F772069643D227369642D30443443324238332D373230352D343937352D384531452D3844423531323832393239342220736F757263655265663D2273746172744576656E743122207461726765745265663D227369642D34434431344430332D353733322D343345342D394134432D354143424544453230363442223E3C2F73657175656E6365466C6F773E0A202020203C757365725461736B2069643D227369642D31463541364145332D363141372D344135442D424437342D44323841444245364534314222206E616D653D22E983A8E995BFE5AEA1E689B92220666C6F7761626C653A61737369676E65653D2231303637323436383735383030303030303031223E0A2020202020203C657874656E73696F6E456C656D656E74733E0A20202020202020203C6D6F64656C65723A61637469766974692D69646D2D61737369676E656520786D6C6E733A6D6F64656C65723D22687474703A2F2F666C6F7761626C652E6F72672F6D6F64656C6572223E3C215B43444154415B747275655D5D3E3C2F6D6F64656C65723A61637469766974692D69646D2D61737369676E65653E0A20202020202020203C6D6F64656C65723A61737369676E65652D696E666F2D656D61696C20786D6C6E733A6D6F64656C65723D22687474703A2F2F666C6F7761626C652E6F72672F6D6F64656C6572223E3C215B43444154415B726F6F744072656E72656E2E696F5D5D3E3C2F6D6F64656C65723A61737369676E65652D696E666F2D656D61696C3E0A20202020202020203C6D6F64656C65723A61737369676E65652D696E666F2D66697273746E616D6520786D6C6E733A6D6F64656C65723D22687474703A2F2F666C6F7761626C652E6F72672F6D6F64656C6572223E3C215B43444154415B61646D696E5D5D3E3C2F6D6F64656C65723A61737369676E65652D696E666F2D66697273746E616D653E0A20202020202020203C6D6F64656C65723A696E69746961746F722D63616E2D636F6D706C65746520786D6C6E733A6D6F64656C65723D22687474703A2F2F666C6F7761626C652E6F72672F6D6F64656C6572223E3C215B43444154415B66616C73655D5D3E3C2F6D6F64656C65723A696E69746961746F722D63616E2D636F6D706C6574653E0A2020202020203C2F657874656E73696F6E456C656D656E74733E0A202020203C2F757365725461736B3E0A202020203C73657175656E6365466C6F772069643D227369642D32434146354230452D423434332D344246412D414638382D3231324132323730373241332220736F757263655265663D227369642D34434431344430332D353733322D343345342D394134432D35414342454445323036344222207461726765745265663D227369642D31463541364145332D363141372D344135442D424437342D443238414442453645343142223E3C2F73657175656E6365466C6F773E0A202020203C757365725461736B2069643D227369642D42314246453833452D343637382D343637322D414446422D45423231433234394442424222206E616D653D22E68E92E995BFE5AEA1E689B9223E3C2F757365725461736B3E0A202020203C73657175656E6365466C6F772069643D227369642D44373032423934442D353938462D343632342D394633372D4634343033323336413331362220736F757263655265663D227369642D31463541364145332D363141372D344135442D424437342D44323841444245364534314222207461726765745265663D227369642D42314246453833452D343637382D343637322D414446422D454232314332343944424242223E3C2F73657175656E6365466C6F773E0A202020203C757365725461736B2069643D227369642D41364439383739462D334541452D344639412D393137312D38364245333530393043333822206E616D653D22E680BBE58FB8E4BBA4E5AEA1E689B9223E3C2F757365725461736B3E0A202020203C73657175656E6365466C6F772069643D227369642D32384539433232302D313535342D343237312D393233312D4634463232463236303441352220736F757263655265663D227369642D42314246453833452D343637382D343637322D414446422D45423231433234394442424222207461726765745265663D227369642D41364439383739462D334541452D344639412D393137312D383642453335303930433338223E3C2F73657175656E6365466C6F773E0A202020203C757365725461736B2069643D227369642D30413839393632432D343943342D344237322D423446372D31383634433331343336443822206E616D653D22E7BB84E995BFE5AEA1E689B92220666C6F7761626C653A61737369676E65653D2231303637323436383735383030303030303031223E0A2020202020203C657874656E73696F6E456C656D656E74733E0A20202020202020203C6D6F64656C65723A61637469766974692D69646D2D61737369676E656520786D6C6E733A6D6F64656C65723D22687474703A2F2F666C6F7761626C652E6F72672F6D6F64656C6572223E3C215B43444154415B747275655D5D3E3C2F6D6F64656C65723A61637469766974692D69646D2D61737369676E65653E0A20202020202020203C6D6F64656C65723A61737369676E65652D696E666F2D656D61696C20786D6C6E733A6D6F64656C65723D22687474703A2F2F666C6F7761626C652E6F72672F6D6F64656C6572223E3C215B43444154415B726F6F744072656E72656E2E696F5D5D3E3C2F6D6F64656C65723A61737369676E65652D696E666F2D656D61696C3E0A20202020202020203C6D6F64656C65723A61737369676E65652D696E666F2D66697273746E616D6520786D6C6E733A6D6F64656C65723D22687474703A2F2F666C6F7761626C652E6F72672F6D6F64656C6572223E3C215B43444154415B61646D696E5D5D3E3C2F6D6F64656C65723A61737369676E65652D696E666F2D66697273746E616D653E0A20202020202020203C6D6F64656C65723A696E69746961746F722D63616E2D636F6D706C65746520786D6C6E733A6D6F64656C65723D22687474703A2F2F666C6F7761626C652E6F72672F6D6F64656C6572223E3C215B43444154415B66616C73655D5D3E3C2F6D6F64656C65723A696E69746961746F722D63616E2D636F6D706C6574653E0A2020202020203C2F657874656E73696F6E456C656D656E74733E0A202020203C2F757365725461736B3E0A202020203C73657175656E6365466C6F772069643D227369642D44363430363335432D394637382D343145302D413436432D4531364244313534323041342220736F757263655265663D227369642D31463541364145332D363141372D344135442D424437342D44323841444245364534314222207461726765745265663D227369642D30413839393632432D343943342D344237322D423446372D313836344333313433364438223E3C2F73657175656E6365466C6F773E0A20203C2F70726F636573733E0A20203C62706D6E64693A42504D4E4469616772616D2069643D2242504D4E4469616772616D5F4131223E0A202020203C62706D6E64693A42504D4E506C616E652062706D6E456C656D656E743D224131222069643D2242504D4E506C616E655F4131223E0A2020202020203C62706D6E64693A42504D4E53686170652062706D6E456C656D656E743D2273746172744576656E7431222069643D2242504D4E53686170655F73746172744576656E7431223E0A20202020202020203C6F6D6764633A426F756E6473206865696768743D2233302E30222077696474683D2233302E302220783D2239302E302220793D223135302E30223E3C2F6F6D6764633A426F756E64733E0A2020202020203C2F62706D6E64693A42504D4E53686170653E0A2020202020203C62706D6E64693A42504D4E53686170652062706D6E456C656D656E743D227369642D34434431344430332D353733322D343345342D394134432D354143424544453230363442222069643D2242504D4E53686170655F7369642D34434431344430332D353733322D343345342D394134432D354143424544453230363442223E0A20202020202020203C6F6D6764633A426F756E6473206865696768743D2238302E30222077696474683D223130302E302220783D223135302E302220793D223132302E30223E3C2F6F6D6764633A426F756E64733E0A2020202020203C2F62706D6E64693A42504D4E53686170653E0A2020202020203C62706D6E64693A42504D4E53686170652062706D6E456C656D656E743D227369642D31463541364145332D363141372D344135442D424437342D443238414442453645343142222069643D2242504D4E53686170655F7369642D31463541364145332D363141372D344135442D424437342D443238414442453645343142223E0A20202020202020203C6F6D6764633A426F756E6473206865696768743D2238302E30222077696474683D223130302E302220783D223238352E302220793D223132302E30223E3C2F6F6D6764633A426F756E64733E0A2020202020203C2F62706D6E64693A42504D4E53686170653E0A2020202020203C62706D6E64693A42504D4E53686170652062706D6E456C656D656E743D227369642D42314246453833452D343637382D343637322D414446422D454232314332343944424242222069643D2242504D4E53686170655F7369642D42314246453833452D343637382D343637322D414446422D454232314332343944424242223E0A20202020202020203C6F6D6764633A426F756E6473206865696768743D2238302E30222077696474683D223130302E302220783D223435352E302220793D223132352E30223E3C2F6F6D6764633A426F756E64733E0A2020202020203C2F62706D6E64693A42504D4E53686170653E0A2020202020203C62706D6E64693A42504D4E53686170652062706D6E456C656D656E743D227369642D41364439383739462D334541452D344639412D393137312D383642453335303930433338222069643D2242504D4E53686170655F7369642D41364439383739462D334541452D344639412D393137312D383642453335303930433338223E0A20202020202020203C6F6D6764633A426F756E6473206865696768743D2238302E30222077696474683D223130302E302220783D223630302E302220793D223132352E30223E3C2F6F6D6764633A426F756E64733E0A2020202020203C2F62706D6E64693A42504D4E53686170653E0A2020202020203C62706D6E64693A42504D4E53686170652062706D6E456C656D656E743D227369642D30413839393632432D343943342D344237322D423446372D313836344333313433364438222069643D2242504D4E53686170655F7369642D30413839393632432D343943342D344237322D423446372D313836344333313433364438223E0A20202020202020203C6F6D6764633A426F756E6473206865696768743D2238302E30222077696474683D223130302E302220783D223435352E302220793D223232352E30223E3C2F6F6D6764633A426F756E64733E0A2020202020203C2F62706D6E64693A42504D4E53686170653E0A2020202020203C62706D6E64693A42504D4E456467652062706D6E456C656D656E743D227369642D44373032423934442D353938462D343632342D394633372D463434303332333641333136222069643D2242504D4E456467655F7369642D44373032423934442D353938462D343632342D394633372D463434303332333641333136223E0A20202020202020203C6F6D6764693A776179706F696E7420783D223338342E39353030303030303030303030352220793D223136302E30223E3C2F6F6D6764693A776179706F696E743E0A20202020202020203C6F6D6764693A776179706F696E7420783D223432372E352220793D223136302E30223E3C2F6F6D6764693A776179706F696E743E0A20202020202020203C6F6D6764693A776179706F696E7420783D223432372E352220793D223136352E30223E3C2F6F6D6764693A776179706F696E743E0A20202020202020203C6F6D6764693A776179706F696E7420783D223435352E302220793D223136352E30223E3C2F6F6D6764693A776179706F696E743E0A2020202020203C2F62706D6E64693A42504D4E456467653E0A2020202020203C62706D6E64693A42504D4E456467652062706D6E456C656D656E743D227369642D30443443324238332D373230352D343937352D384531452D384442353132383239323934222069643D2242504D4E456467655F7369642D30443443324238332D373230352D343937352D384531452D384442353132383239323934223E0A20202020202020203C6F6D6764693A776179706F696E7420783D223131392E39343939383730323932363837332220793D223136352E30223E3C2F6F6D6764693A776179706F696E743E0A20202020202020203C6F6D6764693A776179706F696E7420783D223134322E352220793D223136352E30223E3C2F6F6D6764693A776179706F696E743E0A20202020202020203C6F6D6764693A776179706F696E7420783D223134322E352220793D223136302E30223E3C2F6F6D6764693A776179706F696E743E0A20202020202020203C6F6D6764693A776179706F696E7420783D223135302E302220793D223136302E30223E3C2F6F6D6764693A776179706F696E743E0A2020202020203C2F62706D6E64693A42504D4E456467653E0A2020202020203C62706D6E64693A42504D4E456467652062706D6E456C656D656E743D227369642D32384539433232302D313535342D343237312D393233312D463446323246323630344135222069643D2242504D4E456467655F7369642D32384539433232302D313535342D343237312D393233312D463446323246323630344135223E0A20202020202020203C6F6D6764693A776179706F696E7420783D223535342E393439393939393939393930372220793D223136352E30223E3C2F6F6D6764693A776179706F696E743E0A20202020202020203C6F6D6764693A776179706F696E7420783D223539392E393939393939393939393830372220793D223136352E30223E3C2F6F6D6764693A776179706F696E743E0A2020202020203C2F62706D6E64693A42504D4E456467653E0A2020202020203C62706D6E64693A42504D4E456467652062706D6E456C656D656E743D227369642D32434146354230452D423434332D344246412D414638382D323132413232373037324133222069643D2242504D4E456467655F7369642D32434146354230452D423434332D344246412D414638382D323132413232373037324133223E0A20202020202020203C6F6D6764693A776179706F696E7420783D223234392E393439393939393939393532372220793D223136302E30223E3C2F6F6D6764693A776179706F696E743E0A20202020202020203C6F6D6764693A776179706F696E7420783D223238342E39393939393939393939373230332220793D223136302E30223E3C2F6F6D6764693A776179706F696E743E0A2020202020203C2F62706D6E64693A42504D4E456467653E0A2020202020203C62706D6E64693A42504D4E456467652062706D6E456C656D656E743D227369642D44363430363335432D394637382D343145302D413436432D453136424431353432304134222069643D2242504D4E456467655F7369642D44363430363335432D394637382D343145302D413436432D453136424431353432304134223E0A20202020202020203C6F6D6764693A776179706F696E7420783D223338342E39343939393939393939383639372220793D223136302E30223E3C2F6F6D6764693A776179706F696E743E0A20202020202020203C6F6D6764693A776179706F696E7420783D223432302E302220793D223136302E30223E3C2F6F6D6764693A776179706F696E743E0A20202020202020203C6F6D6764693A776179706F696E7420783D223432302E302220793D223236352E30223E3C2F6F6D6764693A776179706F696E743E0A20202020202020203C6F6D6764693A776179706F696E7420783D223435342E39393939393939393939353534332220793D223236352E30223E3C2F6F6D6764693A776179706F696E743E0A2020202020203C2F62706D6E64693A42504D4E456467653E0A202020203C2F62706D6E64693A42504D4E506C616E653E0A20203C2F62706D6E64693A42504D4E4469616772616D3E0A3C2F646566696E6974696F6E733E, 0);
INSERT INTO `act_ge_bytearray` VALUES ('de15f9f3-7d3d-11e9-baed-1adfe5f2fe72', 1, '请假流程.A1.png', 'de0705d1-7d3d-11e9-baed-1adfe5f2fe72', 0x89504E470D0A1A0A0000000D49484452000002C60000013B0806000000DE8C47EF00001DE04944415478DAEDDD099094D5BD37E0A8C4DD728F6B34FAC5A54A8D5A31C6184D2CA3899658574B09613122528EE086B8A1E206C6A016492CAF6B5C12E3E71A5444A33203228BA218A20812C5CB228EC070555033404C726EFF4FE59D1A9671CB30DD33FD3C55A79C5E1806FBD7A77F7DFABCEF7CE52B00000000000000000000000000000000000000000000000000000000000000000000000000000000000000000000000000000000000000000000000000000000000000000000000000000000000000000000000000000000000000000000000000000000000000000000000000000000000000000000000000000000000000000000000000000000000000000000000000000000000000000000000000000000000000000000000000000000000000000000000000000000000000000000000000000000000000000000000000000000000000000000000000000000000000000000000000000000000000000000000000000000000000000000000000000000000000000000000000000000000000000000000000000000000000000000000000000000000000000000000000000000000000000000000000000000000000000000000000000000000040BB9552EA346BD6AC87274D9AF4CFD1A347A7DADA5AA38D475D5D5D1A376EDCFF96464FD930DA433600A0438AE2337EFCF8D4D0D090962F5F6E94692C5AB4283DF7DC734B4A45E844D9302A3D1B00D021C56AA0E253310568796D6DED0CD9302A3D1B00D021C547E48A47E58C52F9F944368C4ACF06007448B18F51E9A8A8F29364C3A8F46C00405517E38F17CF4FB326DF9DA6D70DCE23BE8EEB1416C5583614E3727290A88344654886A04DCBCF471FD4A769CF5C965E7DF28215465C17B7292DD55B8C6543312E3707893A4854866408DAB4FCCC9BFEF82AC5A718EF4C1FE9095DC5C5583614E3727390A88344654886A04DCBCF8C67AF6DB1FCC46D9ECCD55B8C6543312E3707893A4854866408DAB4FC4CABBDB2C5F213B77922576F31960DC5B83DE4D49053199221507E4C08B2211BE6300789CAA90CC910B4E6841013404BE5276EF344AEDE622C1B5E2CDA434E1D242AA7322443D06A13C2CC89FFDD62F989DB3C91ABB718CB86178BF690530789CAA90CC910B4DA84F05EFDD4346DD415ABBE532E5D17B77922576F31960D2F16ED21A70E12955319922168B50921C6EC97EF59653288EB3C89FD820FD9F06251E939B5175E4E654886A0F5CACFB26569E6F3B7ACFA5179E9BAB8CD13B98A8BB16C78B1506A0CC5D8636FAEA35A5E54E2A0823727DED8E28410B739F0A03A8BB16C78B1682FA5C641A2722A433204FFD984B06C599A3F734C7AEDE94B5A9C0C8A11F789FB5A21AC92622C1B5E2CDA59A97190A89CCA900CC1979E103E6B25D00A61F51663D9908DF6586A1C242AA7322443F0A52784CFB312F8692B849ED81DB718CB866CB4C752E3205139952119822F3D217CD9E2530C4FEC8E5B8C654336DA65A97190A89CCA900C416BBE533614634336DAE31CE620513995211902E5C784201BB251DD73988344E554866408941F13826CC846B5CF610E129553199221507E4C08B2211BE6300789CAA90CC910283F2604D9900D73988344E554866408941F13826CC88639CC905319922130219810644336CC61869CCA900C8109C184201BB2610E930F3995211902138209413664C31C26A7722A43324459A594D69F3A756ACDEF7FFFFBE7860E1DBAE4ECB3CFFEA457AF5EE9673FFB59EAD9B3E7BFFAF6EDBBFCD24B2F9D75EDB5D7DE5B1A7B98100CC5D8F06221A7722A4386B9AEC315E2E1C387DF3364C8904FFAF7EF9F6EBBEDB63469D2A4545F5F9F962E5D9A42FCB7A1A121FDF9CF7F4EA5E29CCE39E79C7F9D7BEEB9734E3BEDB43E2604433136BC58C8A99CCA9061AE6BF74A05B8F7D5575FBDEC820B2EC8A5F71FFFF847FABC5E79E5953470E0C07FD4D4D4CCE8D2A5CB374D0886626C78B19053399521C35CD71E57893B8D183162CCE9A79F9E468E1CF9850AF1CA9E7EFAE9D4BB77EFC64A5A3D3621981064433614634331F6D8C9109FAB148F1D3BF6A5B3CE3A2BBDF9E69BA935CC993327954A76639F3E7DCE3021188AB1E1C5424EE554860C735DBB102BC5518A63CF706B8AEF77DA69A77DD4AD5BB79E6BEA672F7DEFDAD238C4846042900DD9508C0D39952119E23F127B8A63FB446BAD14AF6EE5F8E73FFFF907A582B2E79AF8F9E30C1931A20475EDDAF520138209413664433136E4548664882FB38562FDC183072F8F3DC56BD2934F3ED9D8A3478F17D664F969369E5ADD2AA109A17A8BB16CC886626CC8A90CC9109FE9D1471FFDFF71F689BFFFFDEF694DEBD7AFDF8235B1A56235E5A76995B07909322128C6B2211B8AB1A1187BEC648816578BE33CC5714AB6B6F0EAABAF2E5F13ABC62D959FE6AB84F131BA094131960DD9508C0DC5D8632743AC56FC46BB38E0EE3F392DDB17D5BB77EF05A532F28D362E3F79946B4278F1C517536363E3E7BAEFFBEFBF9FE6CF9FFF85BEFFC48913D30D37DCD0E2ED3366CC488F3EFA68FE7ACA9429E99D77DE49CB962DCB3FD7C2850BCB36217CDEC7AD2D46B9B2F1F6DB6FA7DFFEF6B769D1A245F9F27BEFBD971F933868357E99CE471F7D241B153E5A630E7390A8522343324405885FF37CC71D77A4B6F4EB5FFFFA95D28BC9F96D548C2777EDDAB5F361871DD6A95C1342149C0D36D8205D7EF9E5F9F2AEBBEE9AB6DE7AEBA6B1C30E3BAC70FF010306A4ADB6DA6A85EB9E7FFEF974E8A187A6B7DE7A2B5F7EE18517D299679E19BF69308F3DF7DC339E58716ABCA6EBE2F6F87371FF5B6EB9256DB6D966F9EB9D77DE395D73CD35F9EB75D75D37DD77DF7DD5BA625CD66CC463397CF8F074DD75D7E5C7EEE69B6F4EF7DF7F7FEAD1A347BE5C8C781C65A3BC3EADFCB656317690A8522343324405183A74E892F835CF6DA9F4823CA7F4E41DB986CBCF0AA5A79C13C2E0C183D3965B6ED9B4FAB6DD76DBA59A9A9AF4E0830FA6F3CE3B2F6DBEF9E62BDC3F0AF4F6DB6F9FBF9E366D5A3AF9E493D3DA6BAF9DF6DB6FBFA632137F36CA4E6902CCE3D8638F4DFBECB34F3AE184139AAE5B6BADB572B18995BF7EFDFAA54D36D9243DF5D453698F3DF648D75F7F7DFE3E1B6EB8617AE49147D2EBAFBFFE855722DB7131AE886CFCE10F7FC88F7D3C8EDB6CB34DDA68A38DF2E5E38F3F3E17DDB163C7E6DBA2B8CA46F5146307892A3532244394D1D9679FFD49BCE8B5A5050B1634949EB0F3D6D484509A088E5BB9F4946B42885F8F1DA5233ECA3EE49043D26DB7DD968BCDB9E79E9B468D1A95060D1AB44A31BEE28A2BF27D62F5304ACF2EBBEC9262557FE9D2A54DF779E9A597D291471E999F50757575F9FB4719BAE79E7BF2E5B8FEE8A38FCE65E98C33CEC82527CAD0DE7BEF9DCBCFC08103D3F4E9D3F3F577DD7557DA6BAFBDF28A62072FC62F545236625C7AE9A5E9BBDFFD6EFADBDFFE96DF3CC5E31C45F5A8A38ECA8FE9D7BEF6B5F4E1871FCA4675166307892A35322443B4B55EBD7AE517D5B6147F5FE9C9BAB4952784BC0AF8592F526D3D21C48A5E94924E9D3AE58FA6274F9E9C8B4D5C8EED15715D518C63AF691492D29B95BC82187B3FA3D4C4756FBCF1461EF1F5DCB973F3FDFBF4E993FF7CAC40C7C7EBF1F7C4D68CB8BCDE7AEBE5DB8B9FE3F6DB6FCFC52BBE8EF213F7DD6DB7DD72F98995CADD77DF3DEF67EDA0C578B52BC4E5CE46ECFD8D121A3988C21B8FC9AF7EF5ABF4D39FFE34FDE8473F4A3BEDB453BAF8E28B65A3CA8BB18344951A199221DAF889540EE53A10A6AD2784D75E7B2D5D75D555B96C1407404531BEF5D65BF3D70F3DF45053318E6D15CDF796B6342EBCF0C27CFF58C5DB7FFFFDF33ED5D8171AB745C989CBFBEEBB6FD32A5F1C4815B747198F8FE9A3FCC44A7594A8283FF1317C51A8FC4AE8B6FBB7C75EDF6DB7DD3697D56244793DF8E083D38F7FFCE35C90A3A02E5EBC58362ABC1877F48344E34D57F3FDE6E3C78F4FCF3EFB6CDE7E136FF61D40DCBE465B64E8E38F3FCE9F501597E320E2788CE3D3B1D6CCE4ECD9B3DB7DB614E30A73F2C927FFABAD578C1B1B1B17B4F68A71A5969F279E78226DB1C51669E38D374E471C71441A3264482EC6871F7E788AB381C447E645318E179278429E7FFEF9B930C5D7F14B578A521D97A3A4144FD428379B6EBA693AE8A083F2C7DD71BF28437139AE2FCACF29A79C926F8B15C49B6EBA69B5FB48BD532ECFC78B5178FBF7EFDF34E2EC14C5568A383B453C8EB1FD46362AB718B7C16A5FD90F208E0CC696B0E2721C207AE28927A66F7FFBDB4D9F6A3880B8A2578CDB3C430F3CF0C00AC748C4A76171F94F7FFAD30AFFEF629E8939A9A5119FA845C96EFEBDA74E9D9A1711E2FB45168A4C15A3BD654B31AE30A572B6BCADF718BFFBEEBB6FB4F61EE34A2D3FF182B2E38E3BE6A273D14517A538D0318AF101071C90BA74E99257075BDA635C5CEEDCB9739E04E25D6DF3FBC5933CF685C61ED378718A27FEB061C3F2E5E6FB42E3DD7214B0E61F97AF5C7EE28C0837DE78A362DCC6FFFE988CBFFFFDEFE7A211FB856395B828C671FB4F7EF29374EAA9A7CA467516E38A384834CE711F2522B6D5FCE637BF49071E78602EBD7110E7F7BEF7BD3CBFC51BAED816E420D18A2BC665C95014D7787CE24DFCB7BEF5AD5C8A8B3330C5F5B1F52BEE176FE8E3F1FDE31FFFB8CA78F8E18753FCE2B1C848F3EF3D6EDCB89CADAF7FFDEB79453ABEEF37BEF18D9C91E23EED2D5B8A7185B9ECB2CB66B6F559299E79E6993FB5F659292AB5FCC4C731717EDA58398E15C178C2B5B49562E51795F8083D5605E3678EFDA631A9C4A450DC2FF68946A18995E878B18A89200EF08BCB71FDA7ED238DB2153F4BF1C48F159E28EA8A71DBFEFBE3B1BFF7DE7BF3D73D7BF64CA517B13C49C7CA5AACC6C5E3136FA864A3AA8A71451D245A7A8DC89F784591882D3E918D386034DECC45318EEBE294838F3DF69883442BA718973543C56A71BC618A37FEC588392DAE8F025ADCF7073FF8415E158EC7B11871398A6CBC3E16C578D6AC594D85365672A36C4701FEC52F7E91EF13D7C7BFFDAF7FFD6BBBCB96625C614A93DC1D6D7D1EE3D2A4F9646B9FC7B852CBCFD0A143F3132E9E94F1714E3CF1E2E0A778A2C5AA607CBC1D2F1CF1CEB8F833C57571BF75D659278D183122CD9C39333F61E37B157BA5264C9890C68C19D3B4E72FFE8E62BF55FC3B8B9599F8EF49279D945779E223A49874E2FBC424536CF1888F8F2EB9E412C5B80CC5381EE7781C629F6FAC18C7041C65E3EAABAFCE8F75F33D6EB2D1A18B71451E241AE377BFFB5D7EF3142B7C31A7C59BADD88613C5380A72E43056861D245AF69C56448662B5371E9FD86BDEFCFA78DCE3FA679E79A6E9BAD8ABFEF8E38FE72D16C58885A4386B53F362DCBB77EF9C95E38E3B2EBFE98A79A91871395E4F634E2CCEFBDE9EB2A5185798418306FDBF5290FED986BFF96E69F7EEDDFFA7B57FF35DA5969F38F82E5687E7CC99932FC7CA4AEC138D225C8CF8283BF677167F265E54E245275612172C58D074FD92254BF24A4CF3EB8A11E7BC8D27767CE4B3F26D77DE79675EB1E9DBB76F3EB02A5ED88A3D59F1F31C73CC3179D299376F9E62DCC6FFFE7883148F41BC3844C188C728568CA318AFEEFEB2D1718B7125E73456E78A0334E3F8882818F1062E8A71BC818ACB911D0789B60F6DB5621CF9884FAA8A517C7AD57CC5F8E5975F5E6D46E293ECE6C538DE94C5B9DFE37B473E561E71DFF814AD98ABDA53B614E30A3460C080B7621F591B6DA3B8B7F42233BE9A5E540CC5D8508CDB6B4EE3CDD857FE7D80667CAC1C2BBEDFF9CE77F2A708517CE20D59715F07892AC6C5F9FB7FF9CB5FE637D771CEFE78EC22477139AE6F7E4CC4ABAFBE9A6F8F9CC4D7FFFEFF990B73F3621C23DEC017ABBEF1C959EC0B2ECEE813F78B637A9A1F67D15EB2A51857A0534F3DB54BE99DFE276DB06AFC41F7EEDDA774EBD6ADA7F26328C686625CF9398DFD9AB1C21B9F3AC4C1A0C5D6B0D88217C538F6B8C76A60941607892AC645818DD5DD38C8FCCA2BAF4CDFFCE637734EE2789BD8BA15FBD6572EC6B16A1B8F7B3CAE2D15E3E623B6EA34FF3EB1E5213E016B8FD9528C2B544D4DCDD478C7B626C57EE6582DFEACFD4FCA8FF2231B86625C39392DF618C7BEF5383345ECD18C55DF28C6B1B5224E4379F7DD773B485431CEB988C724565FE3377746A17CF3CD377386A230C763FAD5AF7EB5E9CC147FF9CB5F9A8EC1892D0E31A2D04661FE3CC53856A7632B5AACF8362FC6ED295B8A71858A3DBFBD7BF76E8C00AF0953A74E1D51FA3BE677EBD66D4FE5C7508C0DC5B87DE43456EEE260CC58F18D83A4E280D1B81CB7C5C7D2B11F73E53FE320D1EA2DC6F1E942ACDEC6B699D8E210A534CEAC132BB4F1F8C6F11191A5D86E53FCA28EF82422EE5F7C8F38F02E5671E3CC12EBAFBFFE6AFF9EF81E91BDE2FBC6A92FE33471C5EDED295B8A7105EBD9B3678F9A9A9ABF353434B46A292E057E42F7EEDDE796730B85F2A3FCC8866C28C65F7CC41904E25CB4B10A1CAB7E71DAADE220CFF8D5E5F19B3D1D24AA1837DF671EE7212E0EDA8C03897FF8C31FE6821965374ED9179F1A7CF8E1879FBA7D274E0918E7F98FB3F3ACEE3EF1E9439C562DBECFEAF2D49EB2A51857B81E3D7AF43EEDB4D33E6AAD95E358298E52DCB56BD781CA8FA1181B8AB19CCAA90C198A71BB522AB13FEBD9B3E792C71E7BECE3FFE080BC0F860D1B76776C9F288D5E26044331361463399553193214E37629F61C77EFDE7D744D4DCD822953A6347E91F3148F1A35EAFE52B19E1C07DA957B4FB109C184201BB2A1181B4A8D0CC910ADF582706214E45EBD7A350C1D3A74FA840913E6D6D7D7CF8F7D42A1B1B171C1BBEFBEFB465D5DDD13575E79E5533D7AF4981585385689CB79F609138209413664433136941A199221D68852E1DDB15BB76EFD4B2F100F97C6ECD258FAEFDFC91EFF9D571A23E3D73C97EB37DA99104C08B2211B8AB1A1D4C8900C8109C184201BB2A1181B4A8D0CC91098104C08B2211B8AB121A732244360423021C8866C28C6869CCA900C8109C184201BB2A1181B722A433204260413826CC886626CC8A90CC91098104C08B2211B8AB121A732244360423021C8866C28C6869CCA900C8109C184201BB2A118CB879CCA900C8109C184201BB2A118CB879CCA900C8109C184201BB2A118CBA99CCA900C8109C184201BB2A118CBA99CCA900C8109C184201BB2A118CBA99CCA900C8109C184201BB2A118CBA99CCA900C8109C184201BB2A118CBA99CCA900C8109C184201BB2A118CBA99CCA900C8109C184201BB2A118CBA99CCA900CC11A347AF4684FC4CA194B4B13C227B261547A36146343313664880E69DCB871F31B1A1A3C192B60D4D7D73F509A1066C88651E9D9508C0DC5D890213AA43163C6FCD7D8B163172F5CB8B0D113B27CAB81517CEAEAEAE696C689B261547A36146343313664880EABF482DBB914C4C9F1516D04D268F311FFDF675452F1910DD9508C0DC5D8902100508C0DC5D8902100685FC5D841A20E129521190200C5F82B0E127590A80CC9100028C69983441D242A433204008AF1BF3948D441A232244300A018030080620C00008A31000028C60000A018030080620C00008A31000028C60000A018030080620C00008A31000028C60000A018030080620C00008A31000028C60000A018030080620C00008A31000028C65F564AA9D3AC59B31E9E3469D23F478F1E9D6A6B6B8D361E75757569DCB871FF5B1A3D3D3B0000C5B84CA2148F1F3F3E353434A4E5CB971B651A8B162D4ACF3DF7DC9252493ED1330400508CCB20568A95E28A29C7CB6B6B6B67788600008A7119C4F609A5B47246A9187FE219020028C665107B5C15D28A2AC60ECC040014E34A2EC61F2F9E9F664DBE3B4DAF1B9C477C1DD729B38A310040D514E38F3EA84FD39EB92CBDFAE4052B8CB82E6E536815630080AA28C6F3A63FBE4A292EC63BD3472AB48A3100407514E319CF5EDB62318EDB145AC51800A02A8AF1B4DA2B5B2CC6719B42AB18030028C68AB1620C00502DC538CE42D152318EDB145AC51800A02A8AF1CC89FFDD62318EDB145AC51800A02A8AF17BF553D3B45157ACBA8DA2745DDCA6D02AC6000055518C63CC7EF99E558A715CA7CC2AC60000D5538C972D4B339FBF65D56D14A5EBE2368556310600E8F0C5387EB3DD9B136F6C718F71DCE6B7DF29C600001DB7182F5B96E6CF1C935E7BFA92164B7131E23E715FABC78A310040872AC69FB54A6CF558310600A88A62FC7956893F6DF558C1558C01003A4431FEB2A5B8180AAE620C00D0218AB1A118030028C686620C00A0181B8A310080626C28C600008AB1A118030028C60AA9620C00A0182BC68A31008062AC182BC600008AB162AC18030028C68AB1620C00A0182BC68A31008062AC182BC600008AB162AC18030028C68AB1620C00506DC5B85BB76EB5A5718862AC1803005475318EBF234614E4AE5DBB1EA4182BC60000555D8C9B8DA756B782AC182BC60000D5568C9B56909B1764C558310600A8CA62DC7C0539B65828C68A310040598B71A58C7215E3175F7C313536367EAEFBBEFFFEFB69FEFCF95FE8FB4F9C3831DD70C30D2DDE3E63C68CF4E8A38FE6AFA74C9992DE79E79DB46CD9B2FC732D5CB850310600A882F23DB96BD7AE9D0F3BECB04E71BF7214E3868686B4C1061BA4CB2FBF3C5FDE75D75DD3D65B6FDD3476D8618715EE3F60C080B4D5565BAD70DDF3CF3F9F0E3DF4D0F4D65B6FE5CB2FBCF0423AF3CC33D339E79C93C79E7BEE1905339D7EFAE94DD7C5EDF1E7E2FEB7DC724BDA6CB3CDF2D73BEFBC73BAE69A6BF2D7EBAEBB6EBAEFBEFB146300800E5C8C5728C4857214E3C18307A72DB7DCB2696576BBEDB64B353535E9C1071F4CE79D775EDA7CF3CD57B87F14E8EDB7DF3E7F3D6DDAB474F2C927A7B5D75E3BEDB7DF7E4D4537FE6C14E16EDDBAE571ECB1C7A67DF6D9279D70C2094DD7ADB5D65AB9F4C6AA70BF7EFDD2269B6C929E7AEAA9B4C71E7BA4EBAFBF3E7F9F0D37DC303DF2C823E9F5D75FFFC2ABD48A3100406517E3174AA5F0B8950B71B98AF12BAFBC920B696C7338E49043D26DB7DD964BEFB9E79E9B468D1A95060D1AB44A31BEE28A2BF27DEEBFFFFE5C8877D9659774C71D77A4A54B9736DDE7A5975E4A471E79642E96757575F9FB4751BEE79E7BF2E5B8FEE8A38FCE45FA8C33CEC805388AF2DE7BEF9D8BF1C08103D3F4E9D3F3F577DD7557DA6BAFBDF26AB3620C00D0FE8BF16A5788CB5D8C63B5370A6BA74E9DF2B685C99327E7D21B97637B455C5714E3B7DF7E3B97D5B3CF3E3B6DB3CD36795F7014DEB8EE8D37DEC823BE9E3B776EBE7F9F3E7DF29F8F15E8D87A117F4F6CCD88CBEBADB75EBEBDF8396EBFFDF6BC6A1D5F47318EFBEEB6DB6EB9186FB4D14669F7DD774FF5F5F58A310040B568EB62FCDA6BAFA5ABAEBA2A17D1E2E0B828C6B7DE7A6BFEFAA1871E6A2AC6B1AD22EEF759E3C20B2FCCF78F15DEFDF7DF3F0D1F3E3CEF198EDBA200C7E57DF7DDB76905380EB28BDBA38C1F7FFCF1B918C74A7514EC28C6B145A328DB8A31008062BC46C6134F3C91B6D8628BB4F1C61BA7238E38220D19322417E3C30F3F3C9D75D659E9A8A38E6A2AC6B1C737CE1671FEF9E7A76DB7DD367F3D72E4C8A6521D97A3C0167B95A3F86EBAE9A6E9A0830ECA5B21E27E5194E3725C5F14E3534E3925DF16ABCB37DD74D36AF7183BF80E0040315EA323F614EFB8E38EB9005F74D14569D2A449B9181F70C001A94B972EE9E0830F6E718F7171B973E7CE798B446CAD687EBF28BEB16738F61F5F7CF1C5B9FC0E1B362C5F6EBE67384EE516ABD1CDB752AC5C8C6FBEF9E674E38D372AC600008AF19A19B18D61D1A24579E5B87FFFFEB990B6B49562E5B3522C5EBC38AF18C7CFBCD34E3BE5D3BA8D1B37AEE97EB18738CA6EAC441F78E081B918C7017E7139AEFFB43DC6A79E7A6AFE598A621CA7888BA2AE18030028C66B640C1D3A349F0D224A6B9C6B385678E3C0B858D18D55E4D8FA10679EB8E0820B9AFE4C715DDC6F9D75D64923468C483367CECC8536BE57B15779C2840969CC9831F9EBF1E3C7E7BF63F6ECD94D85B338B55BFCF7A4934ECA07E8C5F98DE3A0BFF83E714AB7628B479CDBF8924B2E518C010014E33577F05DAC0ECF9933275FBEEEBAEBF21EE228C2C5886D0EB1F7B7F83371568AD8177CEFBDF7A6050B16345DBF64C992BCCDA2F975C5183B766C5E118EF311AF7CDB9D77DE994FF9D6B76FDF7CD05D94F5E21785C4CF73CC31C7A4DEBD7BA779F3E629C600008AB1E1E03B0000C5D8508C0100146343310600508C0DC5180040313614630000C5D8508C0100146343310600508C1552C518004031568C156300001463C5180000C5583106004031568C0100508C156300001463C5180000C5583106004031568C0100508C156300001463C5180000C5583106004031568C0100508C156300001463C5180000C5583106004031568C0100508C156300001463C51800802F63F4E8D10A69E58CA5A562FC8954020094C1B871E3E637343428A51530EAEBEB1F2815E319520900500663C68CF9AFB163C72E5EB87061A3725ABE95E228C5757575734BE344A9040028935219EB5C5B5B3B393EC68F3DAE469B8FF8FF3E432906000000000000000000000000000000000000000000000000A810FF0758D762FC86253A200000000049454E44AE426082, 1);
INSERT INTO `act_ge_bytearray` VALUES ('deabb4d2-81b1-11e9-ad39-00ff13372156', 1, 'source', NULL, 0x7B22626F756E6473223A7B226C6F7765725269676874223A7B2278223A313438352E302C2279223A3730302E307D2C2275707065724C656674223A7B2278223A302E302C2279223A302E307D7D2C227265736F757263654964223A2263616E766173222C227374656E63696C223A7B226964223A2242504D4E4469616772616D227D2C227374656E63696C736574223A7B226E616D657370616365223A22687474703A2F2F62336D6E2E6F72672F7374656E63696C7365742F62706D6E322E3023222C2275726C223A222E2E2F656469746F722F7374656E63696C736574732F62706D6E322E302F62706D6E322E302E6A736F6E227D2C2270726F70657274696573223A7B2270726F636573735F6964223A224131222C226E616D65223A22E8AFB7E58187E6B581E7A88B222C22646F63756D656E746174696F6E223A22E8AFB7E58187E6B581E7A88B222C2270726F636573735F6E616D657370616365223A22687474703A2F2F7777772E666C6F7761626C652E6F72672F70726F63657373646566222C2269736561676572657865637574696F6E6665746368223A66616C73652C226D65737361676573223A5B5D2C22657865637574696F6E6C697374656E657273223A7B22657865637574696F6E4C697374656E657273223A5B5D7D2C226576656E746C697374656E657273223A7B226576656E744C697374656E657273223A5B5D7D2C227369676E616C646566696E6974696F6E73223A5B5D2C226D657373616765646566696E6974696F6E73223A5B5D7D2C226368696C64536861706573223A5B7B22626F756E6473223A7B226C6F7765725269676874223A7B2278223A3132302E302C2279223A3138302E307D2C2275707065724C656674223A7B2278223A39302E302C2279223A3135302E307D7D2C227265736F757263654964223A2273746172744576656E7431222C226368696C64536861706573223A5B5D2C227374656E63696C223A7B226964223A2253746172744E6F6E654576656E74227D2C2270726F70657274696573223A7B226F766572726964656964223A2273746172744576656E7431222C22696E74657272757074696E67223A747275652C22657865637574696F6E6C697374656E657273223A7B22657865637574696F6E4C697374656E657273223A5B5D7D7D2C226F7574676F696E67223A5B7B227265736F757263654964223A227369642D30443443324238332D373230352D343937352D384531452D384442353132383239323934227D5D7D2C7B22626F756E6473223A7B226C6F7765725269676874223A7B2278223A3235302E302C2279223A3230302E307D2C2275707065724C656674223A7B2278223A3135302E302C2279223A3132302E307D7D2C227265736F757263654964223A227369642D34434431344430332D353733322D343345342D394134432D354143424544453230363442222C226368696C64536861706573223A5B5D2C227374656E63696C223A7B226964223A22557365725461736B227D2C2270726F70657274696573223A7B226F766572726964656964223A227369642D34434431344430332D353733322D343345342D394134432D354143424544453230363442222C226E616D65223A22E7BB84E995BFE5AEA1E689B9222C22757365727461736B61737369676E6D656E74223A7B2261737369676E6D656E74223A7B2274797065223A2269646D222C2269646D223A7B2261737369676E6565223A7B226964223A2261646D696E222C22656D61696C223A22726F6F744072656E72656E2E696F222C2266697273744E616D65223A2261646D696E227D2C2274797065223A2275736572227D2C22696E69746961746F7243616E436F6D706C6574655461736B223A66616C73657D7D2C226173796E6368726F6E6F7573646566696E6974696F6E223A66616C73652C226578636C7573697665646566696E6974696F6E223A747275652C227461736B6C697374656E657273223A7B227461736B4C697374656E657273223A5B5D7D2C22657865637574696F6E6C697374656E657273223A7B22657865637574696F6E4C697374656E657273223A5B5D7D7D2C226F7574676F696E67223A5B7B227265736F757263654964223A227369642D32434146354230452D423434332D344246412D414638382D323132413232373037324133227D5D7D2C7B22626F756E6473223A7B226C6F7765725269676874223A7B2278223A3137322E302C2279223A3231322E307D2C2275707065724C656674223A7B2278223A3132382E302C2279223A3231322E307D7D2C227265736F757263654964223A227369642D30443443324238332D373230352D343937352D384531452D384442353132383239323934222C226368696C64536861706573223A5B5D2C227374656E63696C223A7B226964223A2253657175656E6365466C6F77227D2C22646F636B657273223A5B7B2278223A31352E302C2279223A31352E307D2C7B2278223A3134322E302C2279223A3136352E307D2C7B2278223A3134322E302C2279223A3136302E307D2C7B2278223A35302E302C2279223A34302E307D5D2C226F7574676F696E67223A5B7B227265736F757263654964223A227369642D34434431344430332D353733322D343345342D394134432D354143424544453230363442227D5D2C22746172676574223A7B227265736F757263654964223A227369642D34434431344430332D353733322D343345342D394134432D354143424544453230363442227D2C2270726F70657274696573223A7B226F766572726964656964223A227369642D30443443324238332D373230352D343937352D384531452D384442353132383239323934227D7D2C7B22626F756E6473223A7B226C6F7765725269676874223A7B2278223A3338352E302C2279223A3230302E307D2C2275707065724C656674223A7B2278223A3238352E302C2279223A3132302E307D7D2C227265736F757263654964223A227369642D31463541364145332D363141372D344135442D424437342D443238414442453645343142222C226368696C64536861706573223A5B5D2C227374656E63696C223A7B226964223A22557365725461736B227D2C2270726F70657274696573223A7B226F766572726964656964223A227369642D31463541364145332D363141372D344135442D424437342D443238414442453645343142222C226E616D65223A22E983A8E995BFE5AEA1E689B9222C22757365727461736B61737369676E6D656E74223A7B2261737369676E6D656E74223A7B2274797065223A2269646D222C2269646D223A7B2261737369676E6565223A7B226964223A2231303637323436383735383030303030303031222C22656D61696C223A22726F6F744072656E72656E2E696F222C2266697273744E616D65223A2261646D696E227D2C2274797065223A2275736572227D2C22696E69746961746F7243616E436F6D706C6574655461736B223A66616C73657D7D2C226173796E6368726F6E6F7573646566696E6974696F6E223A66616C73652C226578636C7573697665646566696E6974696F6E223A747275652C227461736B6C697374656E657273223A7B227461736B4C697374656E657273223A5B5D7D2C22657865637574696F6E6C697374656E657273223A7B22657865637574696F6E4C697374656E657273223A5B5D7D7D2C226F7574676F696E67223A5B7B227265736F757263654964223A227369642D44373032423934442D353938462D343632342D394633372D463434303332333641333136227D2C7B227265736F757263654964223A227369642D44363430363335432D394637382D343145302D413436432D453136424431353432304134227D5D7D2C7B22626F756E6473223A7B226C6F7765725269676874223A7B2278223A3137322E302C2279223A3231322E307D2C2275707065724C656674223A7B2278223A3132382E302C2279223A3231322E307D7D2C227265736F757263654964223A227369642D32434146354230452D423434332D344246412D414638382D323132413232373037324133222C226368696C64536861706573223A5B5D2C227374656E63696C223A7B226964223A2253657175656E6365466C6F77227D2C22646F636B657273223A5B7B2278223A35302E302C2279223A34302E307D2C7B2278223A35302E302C2279223A34302E307D5D2C226F7574676F696E67223A5B7B227265736F757263654964223A227369642D31463541364145332D363141372D344135442D424437342D443238414442453645343142227D5D2C22746172676574223A7B227265736F757263654964223A227369642D31463541364145332D363141372D344135442D424437342D443238414442453645343142227D2C2270726F70657274696573223A7B226F766572726964656964223A227369642D32434146354230452D423434332D344246412D414638382D323132413232373037324133227D7D2C7B22626F756E6473223A7B226C6F7765725269676874223A7B2278223A3535352E302C2279223A3230352E307D2C2275707065724C656674223A7B2278223A3435352E302C2279223A3132352E307D7D2C227265736F757263654964223A227369642D42314246453833452D343637382D343637322D414446422D454232314332343944424242222C226368696C64536861706573223A5B5D2C227374656E63696C223A7B226964223A22557365725461736B227D2C2270726F70657274696573223A7B226F766572726964656964223A227369642D42314246453833452D343637382D343637322D414446422D454232314332343944424242222C226E616D65223A22E68E92E995BFE5AEA1E689B9222C226173796E6368726F6E6F7573646566696E6974696F6E223A66616C73652C226578636C7573697665646566696E6974696F6E223A747275652C227461736B6C697374656E657273223A7B227461736B4C697374656E657273223A5B5D7D2C22657865637574696F6E6C697374656E657273223A7B22657865637574696F6E4C697374656E657273223A5B5D7D7D2C226F7574676F696E67223A5B7B227265736F757263654964223A227369642D32384539433232302D313535342D343237312D393233312D463446323246323630344135227D5D7D2C7B22626F756E6473223A7B226C6F7765725269676874223A7B2278223A3137322E302C2279223A3231322E307D2C2275707065724C656674223A7B2278223A3132382E302C2279223A3231322E307D7D2C227265736F757263654964223A227369642D44373032423934442D353938462D343632342D394633372D463434303332333641333136222C226368696C64536861706573223A5B5D2C227374656E63696C223A7B226964223A2253657175656E6365466C6F77227D2C22646F636B657273223A5B7B2278223A35302E302C2279223A34302E307D2C7B2278223A3432372E302C2279223A3136302E307D2C7B2278223A3432372E302C2279223A3136352E307D2C7B2278223A35302E302C2279223A34302E307D5D2C226F7574676F696E67223A5B7B227265736F757263654964223A227369642D42314246453833452D343637382D343637322D414446422D454232314332343944424242227D5D2C22746172676574223A7B227265736F757263654964223A227369642D42314246453833452D343637382D343637322D414446422D454232314332343944424242227D2C2270726F70657274696573223A7B226F766572726964656964223A227369642D44373032423934442D353938462D343632342D394633372D463434303332333641333136227D7D2C7B22626F756E6473223A7B226C6F7765725269676874223A7B2278223A3730302E302C2279223A3230352E307D2C2275707065724C656674223A7B2278223A3630302E302C2279223A3132352E307D7D2C227265736F757263654964223A227369642D41364439383739462D334541452D344639412D393137312D383642453335303930433338222C226368696C64536861706573223A5B5D2C227374656E63696C223A7B226964223A22557365725461736B227D2C2270726F70657274696573223A7B226F766572726964656964223A227369642D41364439383739462D334541452D344639412D393137312D383642453335303930433338222C226E616D65223A22E680BBE58FB8E4BBA4E5AEA1E689B9222C226173796E6368726F6E6F7573646566696E6974696F6E223A66616C73652C226578636C7573697665646566696E6974696F6E223A747275652C227461736B6C697374656E657273223A7B227461736B4C697374656E657273223A5B5D7D2C22657865637574696F6E6C697374656E657273223A7B22657865637574696F6E4C697374656E657273223A5B5D7D7D2C226F7574676F696E67223A5B5D7D2C7B22626F756E6473223A7B226C6F7765725269676874223A7B2278223A3137322E302C2279223A3231322E307D2C2275707065724C656674223A7B2278223A3132382E302C2279223A3231322E307D7D2C227265736F757263654964223A227369642D32384539433232302D313535342D343237312D393233312D463446323246323630344135222C226368696C64536861706573223A5B5D2C227374656E63696C223A7B226964223A2253657175656E6365466C6F77227D2C22646F636B657273223A5B7B2278223A35302E302C2279223A34302E307D2C7B2278223A35302E302C2279223A34302E307D5D2C226F7574676F696E67223A5B7B227265736F757263654964223A227369642D41364439383739462D334541452D344639412D393137312D383642453335303930433338227D5D2C22746172676574223A7B227265736F757263654964223A227369642D41364439383739462D334541452D344639412D393137312D383642453335303930433338227D2C2270726F70657274696573223A7B226F766572726964656964223A227369642D32384539433232302D313535342D343237312D393233312D463446323246323630344135227D7D2C7B22626F756E6473223A7B226C6F7765725269676874223A7B2278223A3535352E302C2279223A3330352E307D2C2275707065724C656674223A7B2278223A3435352E302C2279223A3232352E307D7D2C227265736F757263654964223A227369642D30413839393632432D343943342D344237322D423446372D313836344333313433364438222C226368696C64536861706573223A5B5D2C227374656E63696C223A7B226964223A22557365725461736B227D2C2270726F70657274696573223A7B226F766572726964656964223A227369642D30413839393632432D343943342D344237322D423446372D313836344333313433364438222C226E616D65223A22E7BB84E995BFE5AEA1E689B9222C22757365727461736B61737369676E6D656E74223A7B2261737369676E6D656E74223A7B2274797065223A2269646D222C2269646D223A7B2261737369676E6565223A7B226964223A2231303637323436383735383030303030303031222C22656D61696C223A22726F6F744072656E72656E2E696F222C2266697273744E616D65223A2261646D696E227D2C2274797065223A2275736572227D2C22696E69746961746F7243616E436F6D706C6574655461736B223A66616C73657D7D2C226173796E6368726F6E6F7573646566696E6974696F6E223A66616C73652C226578636C7573697665646566696E6974696F6E223A747275652C227461736B6C697374656E657273223A7B227461736B4C697374656E657273223A5B5D7D2C22657865637574696F6E6C697374656E657273223A7B22657865637574696F6E4C697374656E657273223A5B5D7D7D2C226F7574676F696E67223A5B5D7D2C7B22626F756E6473223A7B226C6F7765725269676874223A7B2278223A3137322E302C2279223A3231322E307D2C2275707065724C656674223A7B2278223A3132382E302C2279223A3231322E307D7D2C227265736F757263654964223A227369642D44363430363335432D394637382D343145302D413436432D453136424431353432304134222C226368696C64536861706573223A5B5D2C227374656E63696C223A7B226964223A2253657175656E6365466C6F77227D2C22646F636B657273223A5B7B2278223A35302E302C2279223A34302E307D2C7B2278223A3432302E302C2279223A3136302E307D2C7B2278223A3432302E302C2279223A3236352E307D2C7B2278223A35302E302C2279223A34302E307D5D2C226F7574676F696E67223A5B7B227265736F757263654964223A227369642D30413839393632432D343943342D344237322D423446372D313836344333313433364438227D5D2C22746172676574223A7B227265736F757263654964223A227369642D30413839393632432D343943342D344237322D423446372D313836344333313433364438227D2C2270726F70657274696573223A7B226F766572726964656964223A227369642D44363430363335432D394637382D343145302D413436432D453136424431353432304134227D7D5D7D, NULL);
INSERT INTO `act_ge_bytearray` VALUES ('edee5a7a-7d2a-11e9-bbda-1adfe5f2fe72', 1, '请假流程.bpmn20.xml', 'edee5a79-7d2a-11e9-bbda-1adfe5f2fe72', 0x3C3F786D6C2076657273696F6E3D22312E302220656E636F64696E673D225554462D38223F3E0A3C646566696E6974696F6E7320786D6C6E733D22687474703A2F2F7777772E6F6D672E6F72672F737065632F42504D4E2F32303130303532342F4D4F44454C2220786D6C6E733A7873693D22687474703A2F2F7777772E77332E6F72672F323030312F584D4C536368656D612D696E7374616E63652220786D6C6E733A7873643D22687474703A2F2F7777772E77332E6F72672F323030312F584D4C536368656D612220786D6C6E733A666C6F7761626C653D22687474703A2F2F666C6F7761626C652E6F72672F62706D6E2220786D6C6E733A62706D6E64693D22687474703A2F2F7777772E6F6D672E6F72672F737065632F42504D4E2F32303130303532342F44492220786D6C6E733A6F6D6764633D22687474703A2F2F7777772E6F6D672E6F72672F737065632F44442F32303130303532342F44432220786D6C6E733A6F6D6764693D22687474703A2F2F7777772E6F6D672E6F72672F737065632F44442F32303130303532342F44492220747970654C616E67756167653D22687474703A2F2F7777772E77332E6F72672F323030312F584D4C536368656D61222065787072657373696F6E4C616E67756167653D22687474703A2F2F7777772E77332E6F72672F313939392F585061746822207461726765744E616D6573706163653D22687474703A2F2F7777772E666C6F7761626C652E6F72672F70726F63657373646566223E0A20203C70726F636573732069643D22413122206E616D653D22E8AFB7E58187E6B581E7A88B2220697345786563757461626C653D2274727565223E0A202020203C646F63756D656E746174696F6E3EE8AFB7E58187E6B581E7A88B3C2F646F63756D656E746174696F6E3E0A202020203C73746172744576656E742069643D2273746172744576656E7431223E3C2F73746172744576656E743E0A202020203C757365725461736B2069643D227369642D34434431344430332D353733322D343345342D394134432D35414342454445323036344222206E616D653D22E7BB84E995BFE5AEA1E689B92220666C6F7761626C653A61737369676E65653D2231303637323436383735383030303030303031223E0A2020202020203C657874656E73696F6E456C656D656E74733E0A20202020202020203C6D6F64656C65723A61637469766974692D69646D2D61737369676E656520786D6C6E733A6D6F64656C65723D22687474703A2F2F666C6F7761626C652E6F72672F6D6F64656C6572223E3C215B43444154415B747275655D5D3E3C2F6D6F64656C65723A61637469766974692D69646D2D61737369676E65653E0A20202020202020203C6D6F64656C65723A61737369676E65652D696E666F2D656D61696C20786D6C6E733A6D6F64656C65723D22687474703A2F2F666C6F7761626C652E6F72672F6D6F64656C6572223E3C215B43444154415B726F6F744072656E72656E2E696F5D5D3E3C2F6D6F64656C65723A61737369676E65652D696E666F2D656D61696C3E0A20202020202020203C6D6F64656C65723A61737369676E65652D696E666F2D66697273746E616D6520786D6C6E733A6D6F64656C65723D22687474703A2F2F666C6F7761626C652E6F72672F6D6F64656C6572223E3C215B43444154415B61646D696E5D5D3E3C2F6D6F64656C65723A61737369676E65652D696E666F2D66697273746E616D653E0A20202020202020203C6D6F64656C65723A696E69746961746F722D63616E2D636F6D706C65746520786D6C6E733A6D6F64656C65723D22687474703A2F2F666C6F7761626C652E6F72672F6D6F64656C6572223E3C215B43444154415B66616C73655D5D3E3C2F6D6F64656C65723A696E69746961746F722D63616E2D636F6D706C6574653E0A2020202020203C2F657874656E73696F6E456C656D656E74733E0A202020203C2F757365725461736B3E0A202020203C73657175656E6365466C6F772069643D227369642D30443443324238332D373230352D343937352D384531452D3844423531323832393239342220736F757263655265663D2273746172744576656E743122207461726765745265663D227369642D34434431344430332D353733322D343345342D394134432D354143424544453230363442223E3C2F73657175656E6365466C6F773E0A202020203C757365725461736B2069643D227369642D31463541364145332D363141372D344135442D424437342D44323841444245364534314222206E616D653D22E983A8E995BFE5AEA1E689B92220666C6F7761626C653A61737369676E65653D2231303637323436383735383030303030303031223E0A2020202020203C657874656E73696F6E456C656D656E74733E0A20202020202020203C6D6F64656C65723A61637469766974692D69646D2D61737369676E656520786D6C6E733A6D6F64656C65723D22687474703A2F2F666C6F7761626C652E6F72672F6D6F64656C6572223E3C215B43444154415B747275655D5D3E3C2F6D6F64656C65723A61637469766974692D69646D2D61737369676E65653E0A20202020202020203C6D6F64656C65723A61737369676E65652D696E666F2D656D61696C20786D6C6E733A6D6F64656C65723D22687474703A2F2F666C6F7761626C652E6F72672F6D6F64656C6572223E3C215B43444154415B726F6F744072656E72656E2E696F5D5D3E3C2F6D6F64656C65723A61737369676E65652D696E666F2D656D61696C3E0A20202020202020203C6D6F64656C65723A61737369676E65652D696E666F2D66697273746E616D6520786D6C6E733A6D6F64656C65723D22687474703A2F2F666C6F7761626C652E6F72672F6D6F64656C6572223E3C215B43444154415B61646D696E5D5D3E3C2F6D6F64656C65723A61737369676E65652D696E666F2D66697273746E616D653E0A20202020202020203C6D6F64656C65723A696E69746961746F722D63616E2D636F6D706C65746520786D6C6E733A6D6F64656C65723D22687474703A2F2F666C6F7761626C652E6F72672F6D6F64656C6572223E3C215B43444154415B66616C73655D5D3E3C2F6D6F64656C65723A696E69746961746F722D63616E2D636F6D706C6574653E0A2020202020203C2F657874656E73696F6E456C656D656E74733E0A202020203C2F757365725461736B3E0A202020203C73657175656E6365466C6F772069643D227369642D32434146354230452D423434332D344246412D414638382D3231324132323730373241332220736F757263655265663D227369642D34434431344430332D353733322D343345342D394134432D35414342454445323036344222207461726765745265663D227369642D31463541364145332D363141372D344135442D424437342D443238414442453645343142223E3C2F73657175656E6365466C6F773E0A202020203C757365725461736B2069643D227369642D42314246453833452D343637382D343637322D414446422D45423231433234394442424222206E616D653D22E68E92E995BFE5AEA1E689B9223E3C2F757365725461736B3E0A202020203C73657175656E6365466C6F772069643D227369642D44373032423934442D353938462D343632342D394633372D4634343033323336413331362220736F757263655265663D227369642D31463541364145332D363141372D344135442D424437342D44323841444245364534314222207461726765745265663D227369642D42314246453833452D343637382D343637322D414446422D454232314332343944424242223E3C2F73657175656E6365466C6F773E0A202020203C757365725461736B2069643D227369642D41364439383739462D334541452D344639412D393137312D38364245333530393043333822206E616D653D22E680BBE58FB8E4BBA4E5AEA1E689B9223E3C2F757365725461736B3E0A202020203C73657175656E6365466C6F772069643D227369642D32384539433232302D313535342D343237312D393233312D4634463232463236303441352220736F757263655265663D227369642D42314246453833452D343637382D343637322D414446422D45423231433234394442424222207461726765745265663D227369642D41364439383739462D334541452D344639412D393137312D383642453335303930433338223E3C2F73657175656E6365466C6F773E0A202020203C757365725461736B2069643D227369642D30413839393632432D343943342D344237322D423446372D31383634433331343336443822206E616D653D22E7BB84E995BFE5AEA1E689B92220666C6F7761626C653A61737369676E65653D2231303637323436383735383030303030303031223E0A2020202020203C657874656E73696F6E456C656D656E74733E0A20202020202020203C6D6F64656C65723A61637469766974692D69646D2D61737369676E656520786D6C6E733A6D6F64656C65723D22687474703A2F2F666C6F7761626C652E6F72672F6D6F64656C6572223E3C215B43444154415B747275655D5D3E3C2F6D6F64656C65723A61637469766974692D69646D2D61737369676E65653E0A20202020202020203C6D6F64656C65723A61737369676E65652D696E666F2D656D61696C20786D6C6E733A6D6F64656C65723D22687474703A2F2F666C6F7761626C652E6F72672F6D6F64656C6572223E3C215B43444154415B726F6F744072656E72656E2E696F5D5D3E3C2F6D6F64656C65723A61737369676E65652D696E666F2D656D61696C3E0A20202020202020203C6D6F64656C65723A61737369676E65652D696E666F2D66697273746E616D6520786D6C6E733A6D6F64656C65723D22687474703A2F2F666C6F7761626C652E6F72672F6D6F64656C6572223E3C215B43444154415B61646D696E5D5D3E3C2F6D6F64656C65723A61737369676E65652D696E666F2D66697273746E616D653E0A20202020202020203C6D6F64656C65723A696E69746961746F722D63616E2D636F6D706C65746520786D6C6E733A6D6F64656C65723D22687474703A2F2F666C6F7761626C652E6F72672F6D6F64656C6572223E3C215B43444154415B66616C73655D5D3E3C2F6D6F64656C65723A696E69746961746F722D63616E2D636F6D706C6574653E0A2020202020203C2F657874656E73696F6E456C656D656E74733E0A202020203C2F757365725461736B3E0A202020203C73657175656E6365466C6F772069643D227369642D44363430363335432D394637382D343145302D413436432D4531364244313534323041342220736F757263655265663D227369642D31463541364145332D363141372D344135442D424437342D44323841444245364534314222207461726765745265663D227369642D30413839393632432D343943342D344237322D423446372D313836344333313433364438223E3C2F73657175656E6365466C6F773E0A20203C2F70726F636573733E0A20203C62706D6E64693A42504D4E4469616772616D2069643D2242504D4E4469616772616D5F4131223E0A202020203C62706D6E64693A42504D4E506C616E652062706D6E456C656D656E743D224131222069643D2242504D4E506C616E655F4131223E0A2020202020203C62706D6E64693A42504D4E53686170652062706D6E456C656D656E743D2273746172744576656E7431222069643D2242504D4E53686170655F73746172744576656E7431223E0A20202020202020203C6F6D6764633A426F756E6473206865696768743D2233302E30222077696474683D2233302E302220783D2239302E302220793D223135302E30223E3C2F6F6D6764633A426F756E64733E0A2020202020203C2F62706D6E64693A42504D4E53686170653E0A2020202020203C62706D6E64693A42504D4E53686170652062706D6E456C656D656E743D227369642D34434431344430332D353733322D343345342D394134432D354143424544453230363442222069643D2242504D4E53686170655F7369642D34434431344430332D353733322D343345342D394134432D354143424544453230363442223E0A20202020202020203C6F6D6764633A426F756E6473206865696768743D2238302E30222077696474683D223130302E302220783D223136352E302220793D223132302E30223E3C2F6F6D6764633A426F756E64733E0A2020202020203C2F62706D6E64693A42504D4E53686170653E0A2020202020203C62706D6E64693A42504D4E53686170652062706D6E456C656D656E743D227369642D31463541364145332D363141372D344135442D424437342D443238414442453645343142222069643D2242504D4E53686170655F7369642D31463541364145332D363141372D344135442D424437342D443238414442453645343142223E0A20202020202020203C6F6D6764633A426F756E6473206865696768743D2238302E30222077696474683D223130302E302220783D223238352E302220793D223132302E30223E3C2F6F6D6764633A426F756E64733E0A2020202020203C2F62706D6E64693A42504D4E53686170653E0A2020202020203C62706D6E64693A42504D4E53686170652062706D6E456C656D656E743D227369642D42314246453833452D343637382D343637322D414446422D454232314332343944424242222069643D2242504D4E53686170655F7369642D42314246453833452D343637382D343637322D414446422D454232314332343944424242223E0A20202020202020203C6F6D6764633A426F756E6473206865696768743D2238302E30222077696474683D223130302E302220783D223435352E302220793D223132352E30223E3C2F6F6D6764633A426F756E64733E0A2020202020203C2F62706D6E64693A42504D4E53686170653E0A2020202020203C62706D6E64693A42504D4E53686170652062706D6E456C656D656E743D227369642D41364439383739462D334541452D344639412D393137312D383642453335303930433338222069643D2242504D4E53686170655F7369642D41364439383739462D334541452D344639412D393137312D383642453335303930433338223E0A20202020202020203C6F6D6764633A426F756E6473206865696768743D2238302E30222077696474683D223130302E302220783D223630302E302220793D223132352E30223E3C2F6F6D6764633A426F756E64733E0A2020202020203C2F62706D6E64693A42504D4E53686170653E0A2020202020203C62706D6E64693A42504D4E53686170652062706D6E456C656D656E743D227369642D30413839393632432D343943342D344237322D423446372D313836344333313433364438222069643D2242504D4E53686170655F7369642D30413839393632432D343943342D344237322D423446372D313836344333313433364438223E0A20202020202020203C6F6D6764633A426F756E6473206865696768743D2238302E30222077696474683D223130302E302220783D223435352E302220793D223232352E30223E3C2F6F6D6764633A426F756E64733E0A2020202020203C2F62706D6E64693A42504D4E53686170653E0A2020202020203C62706D6E64693A42504D4E456467652062706D6E456C656D656E743D227369642D44373032423934442D353938462D343632342D394633372D463434303332333641333136222069643D2242504D4E456467655F7369642D44373032423934442D353938462D343632342D394633372D463434303332333641333136223E0A20202020202020203C6F6D6764693A776179706F696E7420783D223338342E39353030303030303030303030352220793D223136302E30223E3C2F6F6D6764693A776179706F696E743E0A20202020202020203C6F6D6764693A776179706F696E7420783D223432372E352220793D223136302E30223E3C2F6F6D6764693A776179706F696E743E0A20202020202020203C6F6D6764693A776179706F696E7420783D223432372E352220793D223136352E30223E3C2F6F6D6764693A776179706F696E743E0A20202020202020203C6F6D6764693A776179706F696E7420783D223435352E302220793D223136352E30223E3C2F6F6D6764693A776179706F696E743E0A2020202020203C2F62706D6E64693A42504D4E456467653E0A2020202020203C62706D6E64693A42504D4E456467652062706D6E456C656D656E743D227369642D30443443324238332D373230352D343937352D384531452D384442353132383239323934222069643D2242504D4E456467655F7369642D30443443324238332D373230352D343937352D384531452D384442353132383239323934223E0A20202020202020203C6F6D6764693A776179706F696E7420783D223131392E39343939383730323932363837332220793D223136352E30223E3C2F6F6D6764693A776179706F696E743E0A20202020202020203C6F6D6764693A776179706F696E7420783D223134322E352220793D223136352E30223E3C2F6F6D6764693A776179706F696E743E0A20202020202020203C6F6D6764693A776179706F696E7420783D223134322E352220793D223136302E30223E3C2F6F6D6764693A776179706F696E743E0A20202020202020203C6F6D6764693A776179706F696E7420783D223136342E39393939393939393939383630322220793D223136302E30223E3C2F6F6D6764693A776179706F696E743E0A2020202020203C2F62706D6E64693A42504D4E456467653E0A2020202020203C62706D6E64693A42504D4E456467652062706D6E456C656D656E743D227369642D32384539433232302D313535342D343237312D393233312D463446323246323630344135222069643D2242504D4E456467655F7369642D32384539433232302D313535342D343237312D393233312D463446323246323630344135223E0A20202020202020203C6F6D6764693A776179706F696E7420783D223535342E393439393939393939393930372220793D223136352E30223E3C2F6F6D6764693A776179706F696E743E0A20202020202020203C6F6D6764693A776179706F696E7420783D223539392E393939393939393939393830372220793D223136352E30223E3C2F6F6D6764693A776179706F696E743E0A2020202020203C2F62706D6E64693A42504D4E456467653E0A2020202020203C62706D6E64693A42504D4E456467652062706D6E456C656D656E743D227369642D32434146354230452D423434332D344246412D414638382D323132413232373037324133222069643D2242504D4E456467655F7369642D32434146354230452D423434332D344246412D414638382D323132413232373037324133223E0A20202020202020203C6F6D6764693A776179706F696E7420783D223236342E393439393939393939393735362220793D223136302E30223E3C2F6F6D6764693A776179706F696E743E0A20202020202020203C6F6D6764693A776179706F696E7420783D223238342E39393939393939393939373739342220793D223136302E30223E3C2F6F6D6764693A776179706F696E743E0A2020202020203C2F62706D6E64693A42504D4E456467653E0A2020202020203C62706D6E64693A42504D4E456467652062706D6E456C656D656E743D227369642D44363430363335432D394637382D343145302D413436432D453136424431353432304134222069643D2242504D4E456467655F7369642D44363430363335432D394637382D343145302D413436432D453136424431353432304134223E0A20202020202020203C6F6D6764693A776179706F696E7420783D223338342E39343939393939393939383639372220793D223136302E30223E3C2F6F6D6764693A776179706F696E743E0A20202020202020203C6F6D6764693A776179706F696E7420783D223432302E302220793D223136302E30223E3C2F6F6D6764693A776179706F696E743E0A20202020202020203C6F6D6764693A776179706F696E7420783D223432302E302220793D223236352E30223E3C2F6F6D6764693A776179706F696E743E0A20202020202020203C6F6D6764693A776179706F696E7420783D223435342E39393939393939393939353534332220793D223236352E30223E3C2F6F6D6764693A776179706F696E743E0A2020202020203C2F62706D6E64693A42504D4E456467653E0A202020203C2F62706D6E64693A42504D4E506C616E653E0A20203C2F62706D6E64693A42504D4E4469616772616D3E0A3C2F646566696E6974696F6E733E, 0);
INSERT INTO `act_ge_bytearray` VALUES ('ee01945b-7d2a-11e9-bbda-1adfe5f2fe72', 1, '请假流程.A1.png', 'edee5a79-7d2a-11e9-bbda-1adfe5f2fe72', 0x89504E470D0A1A0A0000000D49484452000002C60000013B0806000000DE8C47EF00001DE14944415478DAEDDD099055C5B907F0A8C4DD728F6B34FAE252A546AD18638C2696D1444BACA7A584B0181128C65DC40D15373406B54862F95C302E09F1B9C605D1A8CC80C8222886288244F1B18823303C15D40C1093F4BB5F57CED4B08C8A0FE6DE3BF3FB557579B719C6E96FFAFC6F9FEE73BFF215000000000000000000000000000000000000000000000000000000000000000000000000000000000000000000000000000000000000000000000000000000000000000000000000000000000000000000000000000000000000000000000000000000000000000000000000000000000000000000000000000000000000000000000000000000000000000000000000000000000000000000000000000000000000000000000000000000000000000000000000000000000000000000000000000000000000000000000000000000000000000000000000000000000000000000000000000000000000000000000000000000000000000000000000000000000000000000000000000000000000000000000000000000000000000000000000000000000000000000000000000000000000000000000000000000000000000000000000000000000000A05D4A2975983973E62313274EFCE7C89123536D6DADD6CAADAEAE2E8D1933E67F4BADBBFED5BF00409944681A3B766C6A686848CB962DD3CAD4162E5C985E78E185C5A51075B2FED5BF004019C44CA2D05431E169596D6DED74FDAB7F01803288D3EB424BE5B45270FA54FFEA5F00A00C620DA4C05251C129E95FFD0B00547030FE64D1BC3473D2BD695ADDC0DCE2763C26ECB48D60AC7F05E372B249D4265135A486A06A82F1C71FD6A7A9CF5D915E7BFAA2E55A3C16CF093CD51D8CF5AF605C6E3689DA24AA86D410544D309E3BEDC9954253D1DE9D36DC6050E5C158FF0AC6E56693A84DA26A480D41D504E3E9CFDFD062708AE70C04D51D8CF5AF605C6E3689DA24AA86D410544D309E5A7B758BC1299E3308547730D6BF8271358C439A3A55436A0804638389FED5BFC6219B44D5A91A5243502983490C1E2D05A778CE2050DDC158FF3A5854C3386493A83A55436A082A62309931FEBF5A0C4EF19C41A0BA83B1FE75B0A88671C8265175AA86D41054C460F27EFD943475C4552BBFCB2E3D16CF1904AA3B18EB5F078B6A18876C1255A76A480D41450C26D166BD3274A581241E3300B48D0FF8D0BF0E16953E0E590BAF4ED5901A82CA08C64B97A6192FDEBEF269F6D263F19C41A0CA83B1FE75B0106A34C158DF1BEBE0F30793D890F0D6F85B5A1C4CE2399B16AA3718EB5F078B6A09353689AA5335A486A07C83C9D2A569DE8C51E9F5672F6B7120295ABC265E6B76B18A82B1FE75B0A8B2506393A83A55436A08CA32987CDE2CA2D9C5EA0EC6FAD7C1A21A438D4DA2EA540DA92128CB60F24566113F6B76D1A050D9C158FF3A585463A8B149549DAA21350465194CBE6C682A9A41A1B283B1FE75B0A8CA506393A83A55436A082AE55DB6D6B62FD7A6395854F2386493A83A55436A0804638389FED5BFED7B1CB249549DAA21350482B1C144FFEADFF63E0ED924AA4ED5901A02C1D8602218EB5FE3904DA2EA540DA921108C35C158FF1A876C1255A76A480D8160AC09C6FAD738A4A95335A486C060A209C6FAD738A4A95335A486C060A209C6FAD738A43ED4A91A52436030D10463FD6B1C52A7EA540DA921CA2AA5B4E19429536A7EFFFBDFBF3068D0A0C5E79E7BEEA73D7AF4483FFBD9CF52F7EEDDFF75C619672CBBFCF2CB67DE70C30DF795DA5E0E489A60AC39581887D4A91AD28C756D2E103FFAE8A343AFBDF6DA4FFBF6ED9B860C1992264E9C98EAEBEBD392254B5288FF363434A43FFFF9CFA9149CD379E79DF7AFF3CF3F7F769F3E7D7A3B206982B1E660611C52A76A4833D655BD5200EE79DD75D72DBDE8A28B72E8FDC73FFE91BEA8575F7D35F5EFDFFF1F353535D33B75EAF44D07244D30D61C2CD4A93A55439AB1AE1A67893B0C1B366CD4E9A79F9E860F1FBE5A817845CF3EFB6CEAD9B367635B993D369808C69A83857148138C35635D3B0AC5A3478F7EF99C73CE496FBDF5565A1366CF9E9D4A21BBB177EFDE6739206982B1E660A14ED5A91AD28C755521668A2314C79AE13529BE5F9F3E7D3EEED2A54BF74AFCFF2EFD5CB5A57698C1A46D0E26FAD7C14230D6D4A91A5243AC9658531CCB27D6D44CF1AA668E7FFEF39F7F580A287B57DAFF7B5C5D235A04A8CE9D3B1F6230695B8389FE75B0108C3575AA86D410ABB38462C38103072E8B35C56BD3D34F3FDDD8AD5BB709951A8C9BB5675635C36830A9EE60AC7F1D2C04634D9DAA2135C4E77AFCF1C7FF3BAE3EF1F7BFFF3DAD6D679E79E6FC4A5B52B18AE0D434C3D83C40194CDA4C30D6BF0E1682B126186B6A8855CF16C7758AE3926CADE1B5D75E5B5669B3C62D05A7E6338C710ADE60D2B682B1FE75B0108C35C15853432C273ED12E36DCFD7F2ECBB6BA7AF6EC39BF1446BE51A690FBA55BB90693975E7A293536367EA1D77EF0C10769DEBC79ABF5FDC78F1F9F6EBEF9E6169F9F3E7D7A7AFCF1C7F3EDC99327A777DF7D372D5DBA34FF5C0B162C28DB60D256FAF79D77DE49BFFDED6FD3C2850BF3FDF7DF7F3FFF5E63D36A7C98CEC71F7FAC7F2BBCAD89B1CB2651A1460DA9212A407CCCF35D77DD955AD3AF7FFDEB574B07930BD756305E83617A52E7CE9D3B1E71C4111DCA35984438DA68A38DD295575E99EFEFBEFBEE69DB6DB76D6A3BEDB4D372AFEFD7AF5FDA669B6D967BECC5175F4C871F7E787AFBEDB7F3FD091326A4B3CF3E3B3EA530B7BDF7DE3B7E677159BDA6C7E2F9F8BA78FDEDB7DF9EB6D8628B7C7BD75D774DD75F7F7DBEBDFEFAEBA7FBEFBFBF9A678CCBDABFD11F8F3EFA68BAF1C61BF3EFFFB6DB6E4B0F3CF040EAD6AD5BBE5FB4E80BFD5BFEB34A6B72CCF9AC3AB54954A851436A88321A3468D0E2F898E7D6543A20CF2EFDF10EAFE060BC5C602AE7603270E0C0B4F5D65B37CDDCEDB0C30EA9A6A6263DF4D043E9820B2E485B6EB9E572AF8F00BDE38E3BE6DB53A74E4DA79E7A6A5A77DD75D301071CD01484E26B23289506CFDC8E3FFEF8B4DF7EFBA5934E3AA9E9B175D6592787A298353CF3CC33D3669B6D969E79E699B4D75E7BA59B6EBA297F9F8D37DE383DF6D863E98D37DE58ED59CC3207E38AE8DF3FFCE10FB9FFA22FB6DB6EBBB4C9269BE4FB279E78620EBAA3478FCECF4570D5BFED2718DB242AD4A8213544199D7BEEB99FC641AF35CD9F3FBFA1F4073BB70283F184D22072C28A81A95C83497CB4760496380D7ED86187A5214386E45074FEF9E7A7112346A4010306AC148CAFBAEAAAFC9A98798CC0B4DB6EBBA53823B064C992A6D7BCFCF2CBE9E8A38FCE7F8C757575F9FB47901A3A7468BE1F8F1F7BECB139689D75D65939204590DA77DF7D7370EADFBF7F9A366D5A7EFC9E7BEE49FBECB34F9E8DAC82605C51FD1BEDF2CB2F4FDFFDEE77D3DFFEF6B7FC0628FA2A82EA31C71C93FBE56B5FFB5AFAE8A38FF46FFB0CC636890A356A480DD1DA7AF4E8910FAAAD29FEBDD21FEB920A0AC6AB9C412C77708AD9C008341D3A74C8A7B5274D9A944351DC8FE515F158118C639D6A8499D21B9D3CFB18EB462310C5636FBEF9666E717BCE9C39F9F5BD7BF7CE5F1F33D0716A3EFE9D589A11F737D86083FC7CF173DC79E79D39B4C5ED084EF1DA3DF6D82307A798E5DC73CF3DF35AD80A0EC615D9BFB1F6374268F46504DEF8BDFEEA57BF4A3FFDE94FD38F7EF4A3B4CB2EBBA44B2FBD54FFB6F3606C93A850A386D410ADFC87540E95BE11A61282D3EBAFBF9EAEB9E69A1C548ACD53118CEFB8E38E7CFBE1871F6E0AC6B1ACA2F9BAD496DAC5175F9C5F1F3380071E78605EE31A6B4AE3B90848717FFFFDF76F9A218C4D58F17C84F138C51FC12966AA238045708A53F84518F391D0ABD762ADEFF6DB6F9FC36AD122BC1E7AE8A1E9C73FFE710EC81150172D5AA47F2B3C18B7662B47A889375DCDD79B8F1D3B363DFFFCF379F94DBC61B709B8BA5A6BD4D0279F7C92CF5015F7631371F4719C1D5B9335396BD6ACAAAF2DC1B8C29C7AEAA9FF6AED19E3C6C6C6F96B6BC6786D6AED03D2534F3D95B6DA6AABB4E9A69BA6A38E3A2A5D7BEDB539181F79E49129AE2412A7DB8B601C07A1F863BEF0C20B73D88ADBF1812D45A88EFB11708A3FF208469B6FBE793AE49043F2A9F2785D04A9B81F8F17C1E9B4D34ECBCFC5ECE3ADB7DEBACA35A86DE55D7639024704DEBE7DFB36B5B83A45B19422AE4E117D114B68F46FE506E35698ED2BFB26E0A8C158D655DC8F0DA2279F7C72FAF6B7BFDD7456C326E08A9E316EF51A7AF0C10797DB231167C3E2FE9FFEF4A7E57E7731CEC498D4528B336A11B29B7FEF2953A6E44984F87E510B454D15ADDA6A4B30AE30A580B5ACB5D718BFF7DE7B6FAEAD35C66D2918C7C168E79D77CE21E9924B2E49B1493282F141071D943A75EA9467165B5A635CDCEFD8B1631E40E21D71F3D7C500116B4A637D6A1CD862D0183C7870BEDF7C4D69BCD38EF0D6FC54FB8AC129AEA670CB2DB708C65FA2C560FCFDEF7F3F078D582F1CB3C445308EE77FF2939FA45EBD7AE9DFF6198C2B6293685CE33E42442CABF9CD6F7E930E3EF8E01C7A6313E7F7BEF7BD3C46C51BAE5816649368C505E3B2D45004D7E89F7813FFAD6F7D2B87E2E22A4AF1782CFD8AD7C51BFAE8DF3FFEF18F2BB5471E7924C5078F458D34FFDE63C68CC9B5F5F5AF7F3DCF48C7F7FDC637BE916BA4784DB5D596605C61AEB8E28A19AD7D558AE79E7BEE4F6BEBAA146D2918C7A99CB8B66DCC1CC76C62FCB1B6B49462C503529C7E8F19C5F89963AD6A0C4831A014AF8B35A6118662263A0E743188C406BFB81F8F7FD61AD4086AF1B3148346CC0E4550178C57BF45FFDD77DF7DF976F7EEDD53E9209607E998598BD9B8F81DC79B22FDDBAE8271456D122D1D23F259AB0812B1C4276A23368CC69BB908C6F1585C72F089279EB049B4728271596BA8982D8E374CF1C6BF6831A6C5E311408BD7FEE0073FC8B3C2D18F458BFB1164E3185704E39933673605DA98C98DB01D01F817BFF8457E4D3C1EFFEF7FFDEB5FABAEB604E30A531AE4EE6AEDEB189706CDA7D7D6758CDB52301E346850FE638D3FE83815147FB4B1712AFE486346314E8DC74127DE55175F533C16AF5B6FBDF5D2B061C3D28C1933F21F7B7CAF629DD5B871E3D2A851A39AD60BC6BF51ACD58AFFCF625627FE7BCA29A7E419A238FD1403567C9F18A08A251E71EAE9B2CB2E138CBF64308EBE8ADF65ACF38D19E31880236C5C77DD75B9BF9AAF71D3BF6D3A1857E426D168BFFBDDEFF29BA798E18B7129DE6CC5329C08C61190A30E6366D826D1B2D76945D450CCF646FFC45AF3E68F47BFC7E3CF3DF75CD363B156FDC9279FCC4B2C8A16934171E5A5E6C1B867CF9EB9564E38E184FCA62BC6A5A2C5FD3826C698585CF7BD9A6A4B30AE3003060CF88F5221FDB3153FF96E49D7AE5DFF676D7DF25D5B0AC6B1F92E668767CF9E9DEFC7AC4CAC318D205CB4380D1E6B438BAF8903521CB0621672FEFCF94D8F2F5EBC38CFE2347FAC6871BDDC1814E274D18ACFDD7DF7DD79B6E78C33CEC89BB2E2A058ACE78A9FE7B8E38ECB03D6DCB97305E32FD1E24D4EFC1EE3E01001237ECF31631CC17855AFD7BF6D371857729DC6EC5CB14133F63844C0883770118CE30D54DC8FDAB149D4B1ACF98C71D4479CA92A5A71F6AAF98CF12BAFBCB2CA1A8933D9CD8371BC298B6BBFC7F78EFA58B1C56BE32C5A315655536D09C615A85FBF7E6FC73AB2565A46715FE92033B61A7F4F2E71D3B62F71A37F5DC248305EF59BB1AFFC7B83669C568E19DFEF7CE73BF92C42049F784356BCD62651C7B2E21AFCBFFCE52FF39BEBB8EE7EF45DD451DC8FC79BEF8978EDB5D7F2F3512771FBDFBFCF1C989B07E368F106BE98F58D3367B12EB8B8A24FBC2EF6E534DF67512DB5251857A05EBD7A752ABDD3FFB415668D3FECDAB5EBE42E5DBA74178C35C158138C2BBF4E63BD66CCF0C65987D80C5A2CEF8A2578118C638D7BCC064668B149D4B1AC08B031BB1B1BC5AFBEFAEAF4CD6F7E33D749EC9989A55BB16E7DC5601CB3B6D1EFD1AF2D05E3E62D96EA34FF3EB1E421CE8055636D09C615AAA6A6664ABC635B9B623D73CC167FDEFA27C158138C35C1B872EAB458631CEBD6E3CA14B14633667D2318C7D28AB894E4BDF7DE6B93A86359AE8BE893987D8D4FEE8C40F9D65B6FE51A8AC01C7DFAD5AF7EB5E9CA147FF9CB5F9AF6D1C4128768116823307F91601CB3D3B1142D667C9B07E36AAA2DC1B842C59ADF9E3D7B364601AF0D53A64C1956FA37E675E9D265EF6AFD1D094E82B12618B7B7712866EE623366CCF8C626A9D8301AF7E3B9382D1DEB3157FC1A9B44DBEFB12CCE2EC4EC6D2C9B89250E114AE3CA3A31431BFD1BFB23A29662B94DF1411D7126225E5F7C8FD87817B3B87165890D37DC7095FF4E7C8FA8BDE2FBC6A52FE33271C5F3D5545B827105EBDEBD7BB79A9A9ABF353434ACD1505C2AF8715DBB769D53AD4B280427C158138CDBEB38145710886BD1C62C70CCFAC565B78A4D9EF1D1E5F1E99C36893A96355F671ED7212E366DC646E21FFEF087396046D88D4BF6C559838F3EFAE83397EFC42501E35AFD71759E55BD26CE3EC465D5E2FBACAA9EAAA9B604E30AD7AD5BB79E7DFAF4F9784DCD1CC74C7184E2CE9D3BF7AFF6DF8DE024186B82B17148138C35C1B89D2985D89F75EFDE7DF1134F3CF1C9FF6343DE8783070FBE37964F945A8FB6F07B319808C69A606C1CD204634D306E8762CD71D7AE5D47D6D4D4CC9F3C7972E3EA5CA778C488110F9482F5A4D86857CD6B8A0D2682B1E66021186B82B1A686687E40383902728F1E3D1A060D1A346DDCB87173EAEBEBE7C53AA1D0D8D838FFBDF7DE7BB3AEAEEEA9ABAFBEFA996EDDBACD8C401CB3C4D57AF509838960AC395808C69A60ACA9215A540ABC3B77E9D2A56FE900F148A9CD2AB525FFFE4CF6F8EFDC521B1E1FF35C8D9F6867303198E85F070BC158138C35350406138389FE75B0108C35C158534360303198E85F070BC158138C35350406138389FE75B0108C35C158534360303198E85F070BC158138C35350406138389FE75B0108C35C158534360303198E85F070BC158138C35350406138389FE75B0108C35C158DFA9213098184CF4AF838560AC09C66A480D81C1C460A27F1D2C04634DA851436A080C260613FDEB6021186B428D1A524360303198E85FFD2B186B428D1A524360303198E85FFD2B186B428D1A524360303198E85FFD2B186B428D1A524360303198E85FFD2B186B428D1A524360303198E85FFD2B186B428D1A524360303198E85FFD2B186B428D1A5243B0168D1C39D21F71E5B425A5C1E453FDAB7F05634DA851436A08CA60CC9831F31A1A1AFC215740ABAFAF7FB034984CD7BFFA5730D6841A35A486A00C468D1AF59FA3478F5EB460C182467FCCE59B498CD054575737A7D44ED6BFFA5730D6841A35A486A04C4A07EB8EA5229E14A779A398B5566FF17B9FBEB64293FE6DDBFD2B186B428D1A52430020186B428D1A524300D07682B14DA23689AA2135040082F1576C12B549540DA92100108C339B446D1255436A080004E37FB349D4265135A486004030060000C118000004630000108C01004030060000C118000004630000108C01004030060000C118000004630000108C01004030060000C118000004630000108C01004030060000C118000004630000108CBFAC9452879933673E3271E2C47F8E1C3932D5D6D66AADDCEAEAEAD2983163FEB7D4BAFBEB000004E33289503C76ECD8D4D0D090962D5BA695A92D5CB830BDF0C20B8B4B21F9647F210080605C0631532C14574C385E565B5B3BDD5F0800201897412C9F104A2BA79582F1A7FE420000C1B80C628DAB405A51C1D8C64C004030AEE460FCC9A27969E6A47BD3B4BA81B9C5ED784C98158C0100DA4D30FEF8C3FA34F5B92BD26B4F5FB45C8BC7E23981563006006817C178EEB427570AC5457B77DA708156300600681FC178FAF337B4188CE33981563006006817C1786AEDD52D06E3784EA0158C01000463C158300600682FC138AE42D152308EE7045AC11800A05D04E319E3FFABC5601CCF09B482310040BB08C6EFD74F4953475CB5F2328AD263F19C402B180300B48B601C6DD62B43570AC6F198302B180300B49F60BC74699AF1E2ED2B2FA3283D16CF09B4823100409B0FC6F1C9766F8DBFA5C535C6F19C4FBF138C0100DA6E305EBA34CD9B312ABDFEEC652D86E2A2C56BE2B5668F0563008036158C3F6F96D8ECB1600C00D02E82F1179925FEACD96301573006006813C1F8CB86E2A209B8823100409B08C69A600C0020186B8231008060AC09C6000082B12618030008C69A600C0020180BA482310080602C180BC6000082B1602C18030008C682B1600C0020180BC682310080602C180BC6000082B1602C18030008C682B1600C0020180BC6823100407B0BC65DBA74A92DB5C30463C11800A05D07E3F837A24540EEDCB9F32182B1600C00D0AE8371B3F6CCAA66900563C11800A0BD05E3A619E4E6015930168C0100DA65306E3E831C4B2C0463C11800A0ACC1B8525AB982F14B2FBD941A1B1BBFD06B3FF8E083346FDEBCD5FAFEE3C78F4F37DF7C738BCF4F9F3E3D3DFEF8E3F9F6E4C993D3BBEFBE9B962E5D9A7FAE050B1608C60000ED207C4FEADCB973C7238E38A243BCAE1CC1B8A1A1216DB4D146E9CA2BAFCCF777DF7DF7B4EDB6DB36B59D76DA69B9D7F7EBD72F6DB3CD36CB3DF6E28B2FA6C30F3F3CBDFDF6DBF9FE840913D2D9679F9DCE3BEFBCDCF6DE7BEF0898E9F4D34F6F7A2C9E8FAF8BD7DF7EFBED698B2DB6C8B777DD75D774FDF5D7E7DBEBAFBF7EBAFFFEFB05630080361C8C970BC4857204E3810307A6ADB7DEBA696676871D7648353535E9A1871E4A175C7041DA72CB2D977B7D04E81D77DC31DF9E3A756A3AF5D453D3BAEBAE9B0E38E080A6A01B5F1B41B84B972EB91D7FFCF169BFFDF64B279D7452D363EBACB34E0EBD312B7CE69967A6CD36DB2C3DF3CC3369AFBDF64A37DD7453FE3E1B6FBC717AECB1C7D21B6FBCB1DAB3D4823100406507E309A55078C28A81B85CC1F8D5575FCD813496391C76D86169C8902139F49E7FFEF969C4881169C080012B05E3ABAEBA2ABFE681071EC88178B7DD764B77DD75575AB26449D36B5E7EF9E574F4D147E76059575797BF7F04E5A14387E6FBF1F8B1C71E9B83F459679D95037004E57DF7DD3707E3FEFDFBA769D3A6E5C7EFB9E79EB4CF3EFBE4D966C11800A0FA83F12A6788CB1D8C63B637026B870E1DF2B285499326E5D01BF76379453C5604E377DE792787D573CF3D376DB7DD76795D7004DE78ECCD37DFCC2D6ECF993327BFBE77EFDEF9EB63063A965EC4BF134B33E2FE061B6C909F2F7E8E3BEFBC33CF5AC7ED08C6F1DA3DF6D82307E34D36D924EDB9E79EA9BEBE5E300600682F5A3B18BFFEFAEBE99A6BAEC941B4D81C17C1F88E3BEEC8B71F7EF8E1A6601CCB2AE2759FD72EBEF8E2FCFA98E13DF0C003D3A38F3E9AD70CC7731180E3FEFEFBEFDF34031C9BECE2F908E3279E78620EC631531D013B82712CD128C2B6600C002018AF95F6D4534FA5ADB6DA2A6DBAE9A6E9A8A38E4AD75E7B6D0EC6471E79643AE79C73D231C71CD3148C638D6F5C2DE2C20B2F4CDB6FBF7DBE3D7CF8F0A6501DF723C0166B9523F86EBEF9E6E990430EC94B21E2751194E37E3C5E04E3D34E3B2D3F17B3CBB7DE7AEB2AD718DB7C07002018AFD5166B8A77DE79E71C802FB9E4923471E2C41C8C0F3AE8A0D4A953A774E8A187B6B8C6B8B8DFB163C7BC44229656347F5D04DF58331CEB8F2FBDF4D21C7E070F1E9CEF375F331C97728BD9E8E64B29560CC6B7DD765BBAE5965B04630000C178EDB458C6B070E1C23C73DCB76FDF1C485B5A4AB1E25529162D5A94678CE367DE65975DF265DDC68C19D3F4BA58431C613766A20F3EF8E01C8C63835FDC8FC73F6B8D71AF5EBDF2CF5204E3B8445C0475C1180040305E2B6DD0A041F96A10115AE35AC331C31B1BE3624637669163E9435C79E2A28B2E6AFA9AE2B178DD7AEBAD97860D1B9666CC9891036D7CAF62ADF2B871E3D2A851A3F2EDB163C7E67F63D6AC594D81B3B8B45BFCF794534EC91BF4E2FAC6B1E92FBE4F5CD2AD58E211D736BEECB2CB04630000C178ED6DBE8BD9E1D9B367E7FB37DE78635E431C41B868B1CC21D6FE165F1357A58875C1F7DD775F9A3F7F7ED3E38B172FCECB2C9A3F56B4D1A347E719E1B81EF18ACFDD7DF7DDF9926F679C7146DE741761BDF8A090F8798E3BEEB8D4B367CF3477EE5CC118004030D66CBE0300108C35C118004030D604630000C158138C010004634D300600108C35C118004030D604630000C15820158C01000463C1583006004030168C0100108C056300000463C1180000C1583006004030168C0100108C056300000463C1180000C1583006004030168C0100108C056300000463C1180000C1583006004030168C0100108C056300000463C1180000C1583006004030168C0100F832468E1C2990564E5B520AC69FAA4A008032183366CCBC868606A1B4025A7D7DFD83A5603C5D55020094C1A851A3FE73F4E8D18B162C58D0289C966FA63842715D5DDD9C523B595502009449298C75ACADAD9D14A7F1638DABD6EA2D7EEFD38562000000000000000000000000000000000000000000000000800AF17F9721658F8DAEA2C70000000049454E44AE426082, 1);
INSERT INTO `act_ge_bytearray` VALUES ('f3fdd023-716a-11e9-9cda-befa298f3cc7', 1, 'source', NULL, 0x7B226964223A2263616E766173222C227265736F757263654964223A2263616E766173222C227374656E63696C736574223A7B226E616D657370616365223A22687474703A2F2F62336D6E2E6F72672F7374656E63696C7365742F62706D6E322E3023227D7D, NULL);
COMMIT;

-- ----------------------------
-- Table structure for act_ge_property
-- ----------------------------
DROP TABLE IF EXISTS `act_ge_property`;
CREATE TABLE `act_ge_property` (
  `NAME_` varchar(64) COLLATE utf8_bin NOT NULL,
  `VALUE_` varchar(300) COLLATE utf8_bin DEFAULT NULL,
  `REV_` int(11) DEFAULT NULL,
  PRIMARY KEY (`NAME_`)
) ENGINE=InnoDB DEFAULT CHARSET=utf8 COLLATE=utf8_bin;

-- ----------------------------
-- Records of act_ge_property
-- ----------------------------
BEGIN;
INSERT INTO `act_ge_property` VALUES ('cfg.execution-related-entities-count', 'true', 1);
INSERT INTO `act_ge_property` VALUES ('cfg.task-related-entities-count', 'true', 1);
INSERT INTO `act_ge_property` VALUES ('common.schema.version', '6.4.0.0', 1);
INSERT INTO `act_ge_property` VALUES ('identitylink.schema.version', '6.4.0.0', 1);
INSERT INTO `act_ge_property` VALUES ('job.schema.version', '6.4.0.0', 1);
INSERT INTO `act_ge_property` VALUES ('next.dbid', '1', 1);
INSERT INTO `act_ge_property` VALUES ('schema.history', 'create(6.3.2.0)', 1);
INSERT INTO `act_ge_property` VALUES ('schema.version', '6.4.0.0', 1);
INSERT INTO `act_ge_property` VALUES ('task.schema.version', '6.4.0.0', 1);
INSERT INTO `act_ge_property` VALUES ('variable.schema.version', '6.4.0.0', 1);
COMMIT;

-- ----------------------------
-- Table structure for act_hi_actinst
-- ----------------------------
DROP TABLE IF EXISTS `act_hi_actinst`;
CREATE TABLE `act_hi_actinst` (
  `ID_` varchar(64) COLLATE utf8_bin NOT NULL,
  `REV_` int(11) DEFAULT '1',
  `PROC_DEF_ID_` varchar(64) COLLATE utf8_bin NOT NULL,
  `PROC_INST_ID_` varchar(64) COLLATE utf8_bin NOT NULL,
  `EXECUTION_ID_` varchar(64) COLLATE utf8_bin NOT NULL,
  `ACT_ID_` varchar(255) COLLATE utf8_bin NOT NULL,
  `TASK_ID_` varchar(64) COLLATE utf8_bin DEFAULT NULL,
  `CALL_PROC_INST_ID_` varchar(64) COLLATE utf8_bin DEFAULT NULL,
  `ACT_NAME_` varchar(255) COLLATE utf8_bin DEFAULT NULL,
  `ACT_TYPE_` varchar(255) COLLATE utf8_bin NOT NULL,
  `ASSIGNEE_` varchar(255) COLLATE utf8_bin DEFAULT NULL,
  `START_TIME_` datetime(3) NOT NULL,
  `END_TIME_` datetime(3) DEFAULT NULL,
  `DURATION_` bigint(20) DEFAULT NULL,
  `DELETE_REASON_` varchar(4000) COLLATE utf8_bin DEFAULT NULL,
  `TENANT_ID_` varchar(255) COLLATE utf8_bin DEFAULT '',
  PRIMARY KEY (`ID_`),
  KEY `ACT_IDX_HI_ACT_INST_START` (`START_TIME_`),
  KEY `ACT_IDX_HI_ACT_INST_END` (`END_TIME_`),
  KEY `ACT_IDX_HI_ACT_INST_PROCINST` (`PROC_INST_ID_`,`ACT_ID_`),
  KEY `ACT_IDX_HI_ACT_INST_EXEC` (`EXECUTION_ID_`,`ACT_ID_`)
) ENGINE=InnoDB DEFAULT CHARSET=utf8 COLLATE=utf8_bin;

-- ----------------------------
-- Records of act_hi_actinst
-- ----------------------------
BEGIN;
INSERT INTO `act_hi_actinst` VALUES ('0576cc41-7c75-11e9-b4d7-1adfe5f2fe72', 1, 'A1:3:06625a24-7c74-11e9-b4d7-1adfe5f2fe72', '0576cc3f-7c75-11e9-b4d7-1adfe5f2fe72', '0576cc40-7c75-11e9-b4d7-1adfe5f2fe72', 'startEvent1', NULL, NULL, NULL, 'startEvent', NULL, '2019-05-22 17:36:05.620', '2019-05-22 17:36:05.621', 1, NULL, '');
INSERT INTO `act_hi_actinst` VALUES ('0576f252-7c75-11e9-b4d7-1adfe5f2fe72', 2, 'A1:3:06625a24-7c74-11e9-b4d7-1adfe5f2fe72', '0576cc3f-7c75-11e9-b4d7-1adfe5f2fe72', '0576cc40-7c75-11e9-b4d7-1adfe5f2fe72', 'sid-4CD14D03-5732-43E4-9A4C-5ACBEDE2064B', '0576f253-7c75-11e9-b4d7-1adfe5f2fe72', NULL, '组长审批', 'userTask', NULL, '2019-05-22 17:36:05.621', '2019-05-23 17:07:11.558', 84665937, 'process instance deleted', '');
INSERT INTO `act_hi_actinst` VALUES ('16ac6ece-7c5e-11e9-9acd-1adfe5f2fe72', 1, 'A1:1:9023b91d-7ada-11e9-8a3c-1adfe5f2fe72', '16aa72fc-7c5e-11e9-9acd-1adfe5f2fe72', '16ab5d5d-7c5e-11e9-9acd-1adfe5f2fe72', 'startEvent1', NULL, NULL, NULL, 'startEvent', NULL, '2019-05-22 14:51:56.068', '2019-05-22 14:51:56.079', 11, NULL, '');
INSERT INTO `act_hi_actinst` VALUES ('17e4c86c-7d3c-11e9-baed-1adfe5f2fe72', 1, 'A1:9:12746b19-7d3c-11e9-baed-1adfe5f2fe72', '17e4c86a-7d3c-11e9-baed-1adfe5f2fe72', '17e4c86b-7d3c-11e9-baed-1adfe5f2fe72', 'startEvent1', NULL, NULL, NULL, 'startEvent', NULL, '2019-05-23 17:21:06.389', '2019-05-23 17:21:06.390', 1, NULL, '');
INSERT INTO `act_hi_actinst` VALUES ('17e4ef7d-7d3c-11e9-baed-1adfe5f2fe72', 1, 'A1:9:12746b19-7d3c-11e9-baed-1adfe5f2fe72', '17e4c86a-7d3c-11e9-baed-1adfe5f2fe72', '17e4c86b-7d3c-11e9-baed-1adfe5f2fe72', 'sid-4CD14D03-5732-43E4-9A4C-5ACBEDE2064B', '17e4ef7e-7d3c-11e9-baed-1adfe5f2fe72', NULL, '组长审批', 'userTask', 'yanghuimin', '2019-05-23 17:21:06.390', NULL, NULL, NULL, '');
INSERT INTO `act_hi_actinst` VALUES ('22c946b5-7c73-11e9-b4d7-1adfe5f2fe72', 1, 'A1:1:9023b91d-7ada-11e9-8a3c-1adfe5f2fe72', '2185ca33-7c73-11e9-b4d7-1adfe5f2fe72', '224dfc34-7c73-11e9-b4d7-1adfe5f2fe72', 'startEvent1', NULL, NULL, NULL, 'startEvent', NULL, '2019-05-22 17:22:35.824', '2019-05-22 17:22:36.887', 1063, NULL, '');
INSERT INTO `act_hi_actinst` VALUES ('4957b252-7d3a-11e9-baed-1adfe5f2fe72', 1, 'A1:6:95313b28-7d39-11e9-baed-1adfe5f2fe72', '4957b250-7d3a-11e9-baed-1adfe5f2fe72', '4957b251-7d3a-11e9-baed-1adfe5f2fe72', 'startEvent1', NULL, NULL, NULL, 'startEvent', NULL, '2019-05-23 17:08:10.357', '2019-05-23 17:08:10.358', 1, NULL, '');
INSERT INTO `act_hi_actinst` VALUES ('4957d963-7d3a-11e9-baed-1adfe5f2fe72', 1, 'A1:6:95313b28-7d39-11e9-baed-1adfe5f2fe72', '4957b250-7d3a-11e9-baed-1adfe5f2fe72', '4957b251-7d3a-11e9-baed-1adfe5f2fe72', 'sid-4CD14D03-5732-43E4-9A4C-5ACBEDE2064B', '4957d964-7d3a-11e9-baed-1adfe5f2fe72', NULL, '组长审批', 'userTask', '1067246875800000001', '2019-05-23 17:08:10.358', NULL, NULL, NULL, '');
INSERT INTO `act_hi_actinst` VALUES ('5956ab56-7c79-11e9-b4d7-1adfe5f2fe72', 1, 'A1:3:06625a24-7c74-11e9-b4d7-1adfe5f2fe72', '5956ab54-7c79-11e9-b4d7-1adfe5f2fe72', '5956ab55-7c79-11e9-b4d7-1adfe5f2fe72', 'startEvent1', NULL, NULL, NULL, 'startEvent', NULL, '2019-05-22 18:07:04.325', '2019-05-22 18:07:04.326', 1, NULL, '');
INSERT INTO `act_hi_actinst` VALUES ('5956d267-7c79-11e9-b4d7-1adfe5f2fe72', 2, 'A1:3:06625a24-7c74-11e9-b4d7-1adfe5f2fe72', '5956ab54-7c79-11e9-b4d7-1adfe5f2fe72', '5956ab55-7c79-11e9-b4d7-1adfe5f2fe72', 'sid-4CD14D03-5732-43E4-9A4C-5ACBEDE2064B', '5956d268-7c79-11e9-b4d7-1adfe5f2fe72', NULL, '组长审批', 'userTask', NULL, '2019-05-22 18:07:04.326', '2019-05-23 17:07:14.773', 82810447, 'process instance deleted', '');
INSERT INTO `act_hi_actinst` VALUES ('5a169f05-81bb-11e9-ad39-00ff13372156', 1, 'A1:10:de17f5c4-7d3d-11e9-baed-1adfe5f2fe72', '5a0f24f3-81bb-11e9-ad39-00ff13372156', '5a128054-81bb-11e9-ad39-00ff13372156', 'startEvent1', NULL, NULL, NULL, 'startEvent', NULL, '2019-05-29 10:42:08.181', '2019-05-29 10:42:08.191', 10, NULL, '');
INSERT INTO `act_hi_actinst` VALUES ('5a198536-81bb-11e9-ad39-00ff13372156', 1, 'A1:10:de17f5c4-7d3d-11e9-baed-1adfe5f2fe72', '5a0f24f3-81bb-11e9-ad39-00ff13372156', '5a128054-81bb-11e9-ad39-00ff13372156', 'sid-4CD14D03-5732-43E4-9A4C-5ACBEDE2064B', '5a26f2b7-81bb-11e9-ad39-00ff13372156', NULL, '组长审批', 'userTask', 'admin', '2019-05-29 10:42:08.200', NULL, NULL, NULL, '');
INSERT INTO `act_hi_actinst` VALUES ('68af49a6-7d04-11e9-9d57-1adfe5f2fe72', 1, 'A1:3:06625a24-7c74-11e9-b4d7-1adfe5f2fe72', '68af2294-7d04-11e9-9d57-1adfe5f2fe72', '68af49a5-7d04-11e9-9d57-1adfe5f2fe72', 'startEvent1', NULL, NULL, NULL, 'startEvent', NULL, '2019-05-23 10:42:30.117', '2019-05-23 10:42:30.117', 0, NULL, '');
INSERT INTO `act_hi_actinst` VALUES ('68af49a7-7d04-11e9-9d57-1adfe5f2fe72', 2, 'A1:3:06625a24-7c74-11e9-b4d7-1adfe5f2fe72', '68af2294-7d04-11e9-9d57-1adfe5f2fe72', '68af49a5-7d04-11e9-9d57-1adfe5f2fe72', 'sid-4CD14D03-5732-43E4-9A4C-5ACBEDE2064B', '68af70b8-7d04-11e9-9d57-1adfe5f2fe72', NULL, '组长审批', 'userTask', NULL, '2019-05-23 10:42:30.117', '2019-05-23 17:07:41.124', 23111007, 'process instance deleted', '');
INSERT INTO `act_hi_actinst` VALUES ('6a8e42db-7d04-11e9-9d57-1adfe5f2fe72', 1, 'A1:3:06625a24-7c74-11e9-b4d7-1adfe5f2fe72', '6a8e1bc9-7d04-11e9-9d57-1adfe5f2fe72', '6a8e42da-7d04-11e9-9d57-1adfe5f2fe72', 'startEvent1', NULL, NULL, NULL, 'startEvent', NULL, '2019-05-23 10:42:33.256', '2019-05-23 10:42:33.256', 0, NULL, '');
INSERT INTO `act_hi_actinst` VALUES ('6a8e42dc-7d04-11e9-9d57-1adfe5f2fe72', 2, 'A1:3:06625a24-7c74-11e9-b4d7-1adfe5f2fe72', '6a8e1bc9-7d04-11e9-9d57-1adfe5f2fe72', '6a8e42da-7d04-11e9-9d57-1adfe5f2fe72', 'sid-4CD14D03-5732-43E4-9A4C-5ACBEDE2064B', '6a8e69ed-7d04-11e9-9d57-1adfe5f2fe72', NULL, '组长审批', 'userTask', NULL, '2019-05-23 10:42:33.256', '2019-05-23 17:07:37.810', 23104554, 'process instance deleted', '');
INSERT INTO `act_hi_actinst` VALUES ('6e7141dc-7c73-11e9-b4d7-1adfe5f2fe72', 1, 'A1:2:4e1039a9-7c73-11e9-b4d7-1adfe5f2fe72', '6e69047a-7c73-11e9-b4d7-1adfe5f2fe72', '6e6cadfb-7c73-11e9-b4d7-1adfe5f2fe72', 'startEvent1', NULL, NULL, NULL, 'startEvent', NULL, '2019-05-22 17:24:42.753', '2019-05-22 17:24:42.776', 23, NULL, '');
INSERT INTO `act_hi_actinst` VALUES ('6f7173cd-7c73-11e9-b4d7-1adfe5f2fe72', 2, 'A1:2:4e1039a9-7c73-11e9-b4d7-1adfe5f2fe72', '6e69047a-7c73-11e9-b4d7-1adfe5f2fe72', '6e6cadfb-7c73-11e9-b4d7-1adfe5f2fe72', 'sid-4CD14D03-5732-43E4-9A4C-5ACBEDE2064B', '6f74a81e-7c73-11e9-b4d7-1adfe5f2fe72', NULL, NULL, 'userTask', NULL, '2019-05-22 17:24:44.432', '2019-05-23 17:07:33.962', 85369530, 'process instance deleted', '');
INSERT INTO `act_hi_actinst` VALUES ('7687bb2d-7d3b-11e9-baed-1adfe5f2fe72', 1, 'A1:7:6cb2cb3a-7d3b-11e9-baed-1adfe5f2fe72', '7687941b-7d3b-11e9-baed-1adfe5f2fe72', '7687941c-7d3b-11e9-baed-1adfe5f2fe72', 'startEvent1', NULL, NULL, NULL, 'startEvent', NULL, '2019-05-23 17:16:35.666', '2019-05-23 17:16:35.666', 0, NULL, '');
INSERT INTO `act_hi_actinst` VALUES ('7687bb2e-7d3b-11e9-baed-1adfe5f2fe72', 1, 'A1:7:6cb2cb3a-7d3b-11e9-baed-1adfe5f2fe72', '7687941b-7d3b-11e9-baed-1adfe5f2fe72', '7687941c-7d3b-11e9-baed-1adfe5f2fe72', 'sid-4CD14D03-5732-43E4-9A4C-5ACBEDE2064B', '7687bb2f-7d3b-11e9-baed-1adfe5f2fe72', NULL, '组长审批', 'userTask', '1067246875800000001', '2019-05-23 17:16:35.666', NULL, NULL, NULL, '');
INSERT INTO `act_hi_actinst` VALUES ('a0dc80a1-7d03-11e9-9d57-1adfe5f2fe72', 1, 'A1:3:06625a24-7c74-11e9-b4d7-1adfe5f2fe72', 'a0daf9ff-7d03-11e9-9d57-1adfe5f2fe72', 'a0dbe460-7d03-11e9-9d57-1adfe5f2fe72', 'startEvent1', NULL, NULL, NULL, 'startEvent', NULL, '2019-05-23 10:36:54.869', '2019-05-23 10:36:54.873', 4, NULL, '');
INSERT INTO `act_hi_actinst` VALUES ('a0dde032-7d03-11e9-9d57-1adfe5f2fe72', 2, 'A1:3:06625a24-7c74-11e9-b4d7-1adfe5f2fe72', 'a0daf9ff-7d03-11e9-9d57-1adfe5f2fe72', 'a0dbe460-7d03-11e9-9d57-1adfe5f2fe72', 'sid-4CD14D03-5732-43E4-9A4C-5ACBEDE2064B', 'a0e3ac93-7d03-11e9-9d57-1adfe5f2fe72', NULL, '组长审批', 'userTask', NULL, '2019-05-23 10:36:54.878', '2019-05-23 17:07:31.020', 23436142, 'process instance deleted', '');
INSERT INTO `act_hi_actinst` VALUES ('a402b7fb-7d39-11e9-baed-1adfe5f2fe72', 1, 'A1:6:95313b28-7d39-11e9-baed-1adfe5f2fe72', 'a401cd99-7d39-11e9-baed-1adfe5f2fe72', 'a4021bba-7d39-11e9-baed-1adfe5f2fe72', 'startEvent1', NULL, NULL, NULL, 'startEvent', NULL, '2019-05-23 17:03:32.977', '2019-05-23 17:03:32.981', 4, NULL, '');
INSERT INTO `act_hi_actinst` VALUES ('a404178c-7d39-11e9-baed-1adfe5f2fe72', 2, 'A1:6:95313b28-7d39-11e9-baed-1adfe5f2fe72', 'a401cd99-7d39-11e9-baed-1adfe5f2fe72', 'a4021bba-7d39-11e9-baed-1adfe5f2fe72', 'sid-4CD14D03-5732-43E4-9A4C-5ACBEDE2064B', 'a40995cd-7d39-11e9-baed-1adfe5f2fe72', NULL, '组长审批', 'userTask', '1067246875800000001', '2019-05-23 17:03:32.985', '2019-05-23 17:07:27.706', 234721, 'process instance deleted', '');
INSERT INTO `act_hi_actinst` VALUES ('cc9de157-7c74-11e9-b4d7-1adfe5f2fe72', 1, 'A1:3:06625a24-7c74-11e9-b4d7-1adfe5f2fe72', 'cc9dba45-7c74-11e9-b4d7-1adfe5f2fe72', 'cc9de156-7c74-11e9-b4d7-1adfe5f2fe72', 'startEvent1', NULL, NULL, NULL, 'startEvent', NULL, '2019-05-22 17:34:30.246', '2019-05-22 17:34:30.246', 0, NULL, '');
INSERT INTO `act_hi_actinst` VALUES ('cc9de158-7c74-11e9-b4d7-1adfe5f2fe72', 2, 'A1:3:06625a24-7c74-11e9-b4d7-1adfe5f2fe72', 'cc9dba45-7c74-11e9-b4d7-1adfe5f2fe72', 'cc9de156-7c74-11e9-b4d7-1adfe5f2fe72', 'sid-4CD14D03-5732-43E4-9A4C-5ACBEDE2064B', 'ccb735b9-7c74-11e9-b4d7-1adfe5f2fe72', NULL, '组长审批', 'userTask', NULL, '2019-05-22 17:34:30.246', '2019-05-23 17:07:24.132', 84773886, 'process instance deleted', '');
INSERT INTO `act_hi_actinst` VALUES ('cfd390ec-7c74-11e9-b4d7-1adfe5f2fe72', 1, 'A1:3:06625a24-7c74-11e9-b4d7-1adfe5f2fe72', 'cfd390ea-7c74-11e9-b4d7-1adfe5f2fe72', 'cfd390eb-7c74-11e9-b4d7-1adfe5f2fe72', 'startEvent1', NULL, NULL, NULL, 'startEvent', NULL, '2019-05-22 17:34:35.631', '2019-05-22 17:34:35.631', 0, NULL, '');
INSERT INTO `act_hi_actinst` VALUES ('cfd3b7fd-7c74-11e9-b4d7-1adfe5f2fe72', 2, 'A1:3:06625a24-7c74-11e9-b4d7-1adfe5f2fe72', 'cfd390ea-7c74-11e9-b4d7-1adfe5f2fe72', 'cfd390eb-7c74-11e9-b4d7-1adfe5f2fe72', 'sid-4CD14D03-5732-43E4-9A4C-5ACBEDE2064B', 'cfd3b7fe-7c74-11e9-b4d7-1adfe5f2fe72', NULL, '组长审批', 'userTask', NULL, '2019-05-22 17:34:35.632', '2019-05-23 17:07:20.540', 84764908, 'process instance deleted', '');
INSERT INTO `act_hi_actinst` VALUES ('ea558147-7d3d-11e9-baed-1adfe5f2fe72', 1, 'A1:10:de17f5c4-7d3d-11e9-baed-1adfe5f2fe72', 'ea555a35-7d3d-11e9-baed-1adfe5f2fe72', 'ea555a36-7d3d-11e9-baed-1adfe5f2fe72', 'startEvent1', NULL, NULL, NULL, 'startEvent', NULL, '2019-05-23 17:34:08.946', '2019-05-23 17:34:08.946', 0, NULL, '');
INSERT INTO `act_hi_actinst` VALUES ('ea558148-7d3d-11e9-baed-1adfe5f2fe72', 1, 'A1:10:de17f5c4-7d3d-11e9-baed-1adfe5f2fe72', 'ea555a35-7d3d-11e9-baed-1adfe5f2fe72', 'ea555a36-7d3d-11e9-baed-1adfe5f2fe72', 'sid-4CD14D03-5732-43E4-9A4C-5ACBEDE2064B', 'ea558149-7d3d-11e9-baed-1adfe5f2fe72', NULL, '组长审批', 'userTask', 'admin', '2019-05-23 17:34:08.946', NULL, NULL, NULL, '');
COMMIT;

-- ----------------------------
-- Table structure for act_hi_attachment
-- ----------------------------
DROP TABLE IF EXISTS `act_hi_attachment`;
CREATE TABLE `act_hi_attachment` (
  `ID_` varchar(64) COLLATE utf8_bin NOT NULL,
  `REV_` int(11) DEFAULT NULL,
  `USER_ID_` varchar(255) COLLATE utf8_bin DEFAULT NULL,
  `NAME_` varchar(255) COLLATE utf8_bin DEFAULT NULL,
  `DESCRIPTION_` varchar(4000) COLLATE utf8_bin DEFAULT NULL,
  `TYPE_` varchar(255) COLLATE utf8_bin DEFAULT NULL,
  `TASK_ID_` varchar(64) COLLATE utf8_bin DEFAULT NULL,
  `PROC_INST_ID_` varchar(64) COLLATE utf8_bin DEFAULT NULL,
  `URL_` varchar(4000) COLLATE utf8_bin DEFAULT NULL,
  `CONTENT_ID_` varchar(64) COLLATE utf8_bin DEFAULT NULL,
  `TIME_` datetime(3) DEFAULT NULL,
  PRIMARY KEY (`ID_`)
) ENGINE=InnoDB DEFAULT CHARSET=utf8 COLLATE=utf8_bin;

-- ----------------------------
-- Table structure for act_hi_comment
-- ----------------------------
DROP TABLE IF EXISTS `act_hi_comment`;
CREATE TABLE `act_hi_comment` (
  `ID_` varchar(64) COLLATE utf8_bin NOT NULL,
  `TYPE_` varchar(255) COLLATE utf8_bin DEFAULT NULL,
  `TIME_` datetime(3) NOT NULL,
  `USER_ID_` varchar(255) COLLATE utf8_bin DEFAULT NULL,
  `TASK_ID_` varchar(64) COLLATE utf8_bin DEFAULT NULL,
  `PROC_INST_ID_` varchar(64) COLLATE utf8_bin DEFAULT NULL,
  `ACTION_` varchar(255) COLLATE utf8_bin DEFAULT NULL,
  `MESSAGE_` varchar(4000) COLLATE utf8_bin DEFAULT NULL,
  `FULL_MSG_` longblob,
  PRIMARY KEY (`ID_`)
) ENGINE=InnoDB DEFAULT CHARSET=utf8 COLLATE=utf8_bin;

-- ----------------------------
-- Table structure for act_hi_detail
-- ----------------------------
DROP TABLE IF EXISTS `act_hi_detail`;
CREATE TABLE `act_hi_detail` (
  `ID_` varchar(64) COLLATE utf8_bin NOT NULL,
  `TYPE_` varchar(255) COLLATE utf8_bin NOT NULL,
  `PROC_INST_ID_` varchar(64) COLLATE utf8_bin DEFAULT NULL,
  `EXECUTION_ID_` varchar(64) COLLATE utf8_bin DEFAULT NULL,
  `TASK_ID_` varchar(64) COLLATE utf8_bin DEFAULT NULL,
  `ACT_INST_ID_` varchar(64) COLLATE utf8_bin DEFAULT NULL,
  `NAME_` varchar(255) COLLATE utf8_bin NOT NULL,
  `VAR_TYPE_` varchar(255) COLLATE utf8_bin DEFAULT NULL,
  `REV_` int(11) DEFAULT NULL,
  `TIME_` datetime(3) NOT NULL,
  `BYTEARRAY_ID_` varchar(64) COLLATE utf8_bin DEFAULT NULL,
  `DOUBLE_` double DEFAULT NULL,
  `LONG_` bigint(20) DEFAULT NULL,
  `TEXT_` varchar(4000) COLLATE utf8_bin DEFAULT NULL,
  `TEXT2_` varchar(4000) COLLATE utf8_bin DEFAULT NULL,
  PRIMARY KEY (`ID_`),
  KEY `ACT_IDX_HI_DETAIL_PROC_INST` (`PROC_INST_ID_`),
  KEY `ACT_IDX_HI_DETAIL_ACT_INST` (`ACT_INST_ID_`),
  KEY `ACT_IDX_HI_DETAIL_TIME` (`TIME_`),
  KEY `ACT_IDX_HI_DETAIL_NAME` (`NAME_`),
  KEY `ACT_IDX_HI_DETAIL_TASK_ID` (`TASK_ID_`)
) ENGINE=InnoDB DEFAULT CHARSET=utf8 COLLATE=utf8_bin;

-- ----------------------------
-- Table structure for act_hi_identitylink
-- ----------------------------
DROP TABLE IF EXISTS `act_hi_identitylink`;
CREATE TABLE `act_hi_identitylink` (
  `ID_` varchar(64) COLLATE utf8_bin NOT NULL,
  `GROUP_ID_` varchar(255) COLLATE utf8_bin DEFAULT NULL,
  `TYPE_` varchar(255) COLLATE utf8_bin DEFAULT NULL,
  `USER_ID_` varchar(255) COLLATE utf8_bin DEFAULT NULL,
  `TASK_ID_` varchar(64) COLLATE utf8_bin DEFAULT NULL,
  `CREATE_TIME_` datetime(3) DEFAULT NULL,
  `PROC_INST_ID_` varchar(64) COLLATE utf8_bin DEFAULT NULL,
  `SCOPE_ID_` varchar(255) COLLATE utf8_bin DEFAULT NULL,
  `SCOPE_TYPE_` varchar(255) COLLATE utf8_bin DEFAULT NULL,
  `SCOPE_DEFINITION_ID_` varchar(255) COLLATE utf8_bin DEFAULT NULL,
  PRIMARY KEY (`ID_`),
  KEY `ACT_IDX_HI_IDENT_LNK_USER` (`USER_ID_`),
  KEY `ACT_IDX_HI_IDENT_LNK_SCOPE` (`SCOPE_ID_`,`SCOPE_TYPE_`),
  KEY `ACT_IDX_HI_IDENT_LNK_SCOPE_DEF` (`SCOPE_DEFINITION_ID_`,`SCOPE_TYPE_`),
  KEY `ACT_IDX_HI_IDENT_LNK_TASK` (`TASK_ID_`),
  KEY `ACT_IDX_HI_IDENT_LNK_PROCINST` (`PROC_INST_ID_`)
) ENGINE=InnoDB DEFAULT CHARSET=utf8 COLLATE=utf8_bin;

-- ----------------------------
-- Records of act_hi_identitylink
-- ----------------------------
BEGIN;
INSERT INTO `act_hi_identitylink` VALUES ('17e5168f-7d3c-11e9-baed-1adfe5f2fe72', NULL, 'assignee', 'yanghuimin', '17e4ef7e-7d3c-11e9-baed-1adfe5f2fe72', '2019-05-23 17:21:06.391', NULL, NULL, NULL, NULL);
INSERT INTO `act_hi_identitylink` VALUES ('17e51690-7d3c-11e9-baed-1adfe5f2fe72', NULL, 'participant', 'yanghuimin', NULL, '2019-05-23 17:21:06.391', '17e4c86a-7d3c-11e9-baed-1adfe5f2fe72', NULL, NULL, NULL);
INSERT INTO `act_hi_identitylink` VALUES ('4957d965-7d3a-11e9-baed-1adfe5f2fe72', NULL, 'assignee', '1067246875800000001', '4957d964-7d3a-11e9-baed-1adfe5f2fe72', '2019-05-23 17:08:10.358', NULL, NULL, NULL, NULL);
INSERT INTO `act_hi_identitylink` VALUES ('4957d966-7d3a-11e9-baed-1adfe5f2fe72', NULL, 'participant', '1067246875800000001', NULL, '2019-05-23 17:08:10.358', '4957b250-7d3a-11e9-baed-1adfe5f2fe72', NULL, NULL, NULL);
INSERT INTO `act_hi_identitylink` VALUES ('5a278ef8-81bb-11e9-ad39-00ff13372156', NULL, 'assignee', 'admin', '5a26f2b7-81bb-11e9-ad39-00ff13372156', '2019-05-29 10:42:08.292', NULL, NULL, NULL, NULL);
INSERT INTO `act_hi_identitylink` VALUES ('5a280429-81bb-11e9-ad39-00ff13372156', NULL, 'participant', 'admin', NULL, '2019-05-29 10:42:08.297', '5a0f24f3-81bb-11e9-ad39-00ff13372156', NULL, NULL, NULL);
INSERT INTO `act_hi_identitylink` VALUES ('7687e240-7d3b-11e9-baed-1adfe5f2fe72', NULL, 'assignee', '1067246875800000001', '7687bb2f-7d3b-11e9-baed-1adfe5f2fe72', '2019-05-23 17:16:35.667', NULL, NULL, NULL, NULL);
INSERT INTO `act_hi_identitylink` VALUES ('7687e241-7d3b-11e9-baed-1adfe5f2fe72', NULL, 'participant', '1067246875800000001', NULL, '2019-05-23 17:16:35.667', '7687941b-7d3b-11e9-baed-1adfe5f2fe72', NULL, NULL, NULL);
INSERT INTO `act_hi_identitylink` VALUES ('a40a0afe-7d39-11e9-baed-1adfe5f2fe72', NULL, 'assignee', '1067246875800000001', 'a40995cd-7d39-11e9-baed-1adfe5f2fe72', '2019-05-23 17:03:33.024', NULL, NULL, NULL, NULL);
INSERT INTO `act_hi_identitylink` VALUES ('a40aa73f-7d39-11e9-baed-1adfe5f2fe72', NULL, 'participant', '1067246875800000001', NULL, '2019-05-23 17:03:33.029', 'a401cd99-7d39-11e9-baed-1adfe5f2fe72', NULL, NULL, NULL);
INSERT INTO `act_hi_identitylink` VALUES ('ea55a85a-7d3d-11e9-baed-1adfe5f2fe72', NULL, 'assignee', 'admin', 'ea558149-7d3d-11e9-baed-1adfe5f2fe72', '2019-05-23 17:34:08.947', NULL, NULL, NULL, NULL);
INSERT INTO `act_hi_identitylink` VALUES ('ea55a85b-7d3d-11e9-baed-1adfe5f2fe72', NULL, 'participant', 'admin', NULL, '2019-05-23 17:34:08.947', 'ea555a35-7d3d-11e9-baed-1adfe5f2fe72', NULL, NULL, NULL);
COMMIT;

-- ----------------------------
-- Table structure for act_hi_procinst
-- ----------------------------
DROP TABLE IF EXISTS `act_hi_procinst`;
CREATE TABLE `act_hi_procinst` (
  `ID_` varchar(64) COLLATE utf8_bin NOT NULL,
  `REV_` int(11) DEFAULT '1',
  `PROC_INST_ID_` varchar(64) COLLATE utf8_bin NOT NULL,
  `BUSINESS_KEY_` varchar(255) COLLATE utf8_bin DEFAULT NULL,
  `PROC_DEF_ID_` varchar(64) COLLATE utf8_bin NOT NULL,
  `START_TIME_` datetime(3) NOT NULL,
  `END_TIME_` datetime(3) DEFAULT NULL,
  `DURATION_` bigint(20) DEFAULT NULL,
  `START_USER_ID_` varchar(255) COLLATE utf8_bin DEFAULT NULL,
  `START_ACT_ID_` varchar(255) COLLATE utf8_bin DEFAULT NULL,
  `END_ACT_ID_` varchar(255) COLLATE utf8_bin DEFAULT NULL,
  `SUPER_PROCESS_INSTANCE_ID_` varchar(64) COLLATE utf8_bin DEFAULT NULL,
  `DELETE_REASON_` varchar(4000) COLLATE utf8_bin DEFAULT NULL,
  `TENANT_ID_` varchar(255) COLLATE utf8_bin DEFAULT '',
  `NAME_` varchar(255) COLLATE utf8_bin DEFAULT NULL,
  `CALLBACK_ID_` varchar(255) COLLATE utf8_bin DEFAULT NULL,
  `CALLBACK_TYPE_` varchar(255) COLLATE utf8_bin DEFAULT NULL,
  PRIMARY KEY (`ID_`),
  UNIQUE KEY `PROC_INST_ID_` (`PROC_INST_ID_`),
  KEY `ACT_IDX_HI_PRO_INST_END` (`END_TIME_`),
  KEY `ACT_IDX_HI_PRO_I_BUSKEY` (`BUSINESS_KEY_`)
) ENGINE=InnoDB DEFAULT CHARSET=utf8 COLLATE=utf8_bin;

-- ----------------------------
-- Records of act_hi_procinst
-- ----------------------------
BEGIN;
INSERT INTO `act_hi_procinst` VALUES ('0576cc3f-7c75-11e9-b4d7-1adfe5f2fe72', 2, '0576cc3f-7c75-11e9-b4d7-1adfe5f2fe72', NULL, 'A1:3:06625a24-7c74-11e9-b4d7-1adfe5f2fe72', '2019-05-22 17:36:05.620', '2019-05-23 17:07:11.700', 84666080, NULL, 'startEvent1', NULL, NULL, 'process instance deleted', '', NULL, NULL, NULL);
INSERT INTO `act_hi_procinst` VALUES ('16aa72fc-7c5e-11e9-9acd-1adfe5f2fe72', 1, '16aa72fc-7c5e-11e9-9acd-1adfe5f2fe72', NULL, 'A1:1:9023b91d-7ada-11e9-8a3c-1adfe5f2fe72', '2019-05-22 14:51:56.055', '2019-05-22 14:51:56.119', 64, NULL, 'startEvent1', 'startEvent1', NULL, NULL, '', NULL, NULL, NULL);
INSERT INTO `act_hi_procinst` VALUES ('17e4c86a-7d3c-11e9-baed-1adfe5f2fe72', 1, '17e4c86a-7d3c-11e9-baed-1adfe5f2fe72', NULL, 'A1:9:12746b19-7d3c-11e9-baed-1adfe5f2fe72', '2019-05-23 17:21:06.389', NULL, NULL, NULL, 'startEvent1', NULL, NULL, NULL, '', NULL, NULL, NULL);
INSERT INTO `act_hi_procinst` VALUES ('2185ca33-7c73-11e9-b4d7-1adfe5f2fe72', 1, '2185ca33-7c73-11e9-b4d7-1adfe5f2fe72', NULL, 'A1:1:9023b91d-7ada-11e9-8a3c-1adfe5f2fe72', '2019-05-22 17:22:33.699', '2019-05-22 17:22:39.232', 5533, NULL, 'startEvent1', 'startEvent1', NULL, NULL, '', NULL, NULL, NULL);
INSERT INTO `act_hi_procinst` VALUES ('4957b250-7d3a-11e9-baed-1adfe5f2fe72', 1, '4957b250-7d3a-11e9-baed-1adfe5f2fe72', NULL, 'A1:6:95313b28-7d39-11e9-baed-1adfe5f2fe72', '2019-05-23 17:08:10.357', NULL, NULL, NULL, 'startEvent1', NULL, NULL, NULL, '', NULL, NULL, NULL);
INSERT INTO `act_hi_procinst` VALUES ('5956ab54-7c79-11e9-b4d7-1adfe5f2fe72', 2, '5956ab54-7c79-11e9-b4d7-1adfe5f2fe72', NULL, 'A1:3:06625a24-7c74-11e9-b4d7-1adfe5f2fe72', '2019-05-22 18:07:04.325', '2019-05-23 17:07:14.912', 82810587, NULL, 'startEvent1', NULL, NULL, 'process instance deleted', '', NULL, NULL, NULL);
INSERT INTO `act_hi_procinst` VALUES ('5a0f24f3-81bb-11e9-ad39-00ff13372156', 1, '5a0f24f3-81bb-11e9-ad39-00ff13372156', NULL, 'A1:10:de17f5c4-7d3d-11e9-baed-1adfe5f2fe72', '2019-05-29 10:42:08.131', NULL, NULL, NULL, 'startEvent1', NULL, NULL, NULL, '', NULL, NULL, NULL);
INSERT INTO `act_hi_procinst` VALUES ('68af2294-7d04-11e9-9d57-1adfe5f2fe72', 2, '68af2294-7d04-11e9-9d57-1adfe5f2fe72', NULL, 'A1:3:06625a24-7c74-11e9-b4d7-1adfe5f2fe72', '2019-05-23 10:42:30.116', '2019-05-23 17:07:41.243', 23111127, NULL, 'startEvent1', NULL, NULL, 'process instance deleted', '', NULL, NULL, NULL);
INSERT INTO `act_hi_procinst` VALUES ('6a8e1bc9-7d04-11e9-9d57-1adfe5f2fe72', 2, '6a8e1bc9-7d04-11e9-9d57-1adfe5f2fe72', NULL, 'A1:3:06625a24-7c74-11e9-b4d7-1adfe5f2fe72', '2019-05-23 10:42:33.255', '2019-05-23 17:07:37.908', 23104653, NULL, 'startEvent1', NULL, NULL, 'process instance deleted', '', NULL, NULL, NULL);
INSERT INTO `act_hi_procinst` VALUES ('6e69047a-7c73-11e9-b4d7-1adfe5f2fe72', 2, '6e69047a-7c73-11e9-b4d7-1adfe5f2fe72', NULL, 'A1:2:4e1039a9-7c73-11e9-b4d7-1adfe5f2fe72', '2019-05-22 17:24:42.695', '2019-05-23 17:07:34.062', 85371367, NULL, 'startEvent1', NULL, NULL, 'process instance deleted', '', NULL, NULL, NULL);
INSERT INTO `act_hi_procinst` VALUES ('7687941b-7d3b-11e9-baed-1adfe5f2fe72', 1, '7687941b-7d3b-11e9-baed-1adfe5f2fe72', NULL, 'A1:7:6cb2cb3a-7d3b-11e9-baed-1adfe5f2fe72', '2019-05-23 17:16:35.665', NULL, NULL, NULL, 'startEvent1', NULL, NULL, NULL, '', NULL, NULL, NULL);
INSERT INTO `act_hi_procinst` VALUES ('a0daf9ff-7d03-11e9-9d57-1adfe5f2fe72', 2, 'a0daf9ff-7d03-11e9-9d57-1adfe5f2fe72', NULL, 'A1:3:06625a24-7c74-11e9-b4d7-1adfe5f2fe72', '2019-05-23 10:36:54.858', '2019-05-23 17:07:31.118', 23436260, NULL, 'startEvent1', NULL, NULL, 'process instance deleted', '', NULL, NULL, NULL);
INSERT INTO `act_hi_procinst` VALUES ('a401cd99-7d39-11e9-baed-1adfe5f2fe72', 2, 'a401cd99-7d39-11e9-baed-1adfe5f2fe72', NULL, 'A1:6:95313b28-7d39-11e9-baed-1adfe5f2fe72', '2019-05-23 17:03:32.969', '2019-05-23 17:07:27.875', 234906, NULL, 'startEvent1', NULL, NULL, 'process instance deleted', '', NULL, NULL, NULL);
INSERT INTO `act_hi_procinst` VALUES ('cc9dba45-7c74-11e9-b4d7-1adfe5f2fe72', 2, 'cc9dba45-7c74-11e9-b4d7-1adfe5f2fe72', NULL, 'A1:3:06625a24-7c74-11e9-b4d7-1adfe5f2fe72', '2019-05-22 17:34:30.245', '2019-05-23 17:07:24.270', 84774025, NULL, 'startEvent1', NULL, NULL, 'process instance deleted', '', NULL, NULL, NULL);
INSERT INTO `act_hi_procinst` VALUES ('cfd390ea-7c74-11e9-b4d7-1adfe5f2fe72', 2, 'cfd390ea-7c74-11e9-b4d7-1adfe5f2fe72', NULL, 'A1:3:06625a24-7c74-11e9-b4d7-1adfe5f2fe72', '2019-05-22 17:34:35.631', '2019-05-23 17:07:20.688', 84765057, NULL, 'startEvent1', NULL, NULL, 'process instance deleted', '', NULL, NULL, NULL);
INSERT INTO `act_hi_procinst` VALUES ('ea555a35-7d3d-11e9-baed-1adfe5f2fe72', 1, 'ea555a35-7d3d-11e9-baed-1adfe5f2fe72', NULL, 'A1:10:de17f5c4-7d3d-11e9-baed-1adfe5f2fe72', '2019-05-23 17:34:08.945', NULL, NULL, NULL, 'startEvent1', NULL, NULL, NULL, '', NULL, NULL, NULL);
COMMIT;

-- ----------------------------
-- Table structure for act_hi_taskinst
-- ----------------------------
DROP TABLE IF EXISTS `act_hi_taskinst`;
CREATE TABLE `act_hi_taskinst` (
  `ID_` varchar(64) COLLATE utf8_bin NOT NULL,
  `REV_` int(11) DEFAULT '1',
  `PROC_DEF_ID_` varchar(64) COLLATE utf8_bin DEFAULT NULL,
  `TASK_DEF_ID_` varchar(64) COLLATE utf8_bin DEFAULT NULL,
  `TASK_DEF_KEY_` varchar(255) COLLATE utf8_bin DEFAULT NULL,
  `PROC_INST_ID_` varchar(64) COLLATE utf8_bin DEFAULT NULL,
  `EXECUTION_ID_` varchar(64) COLLATE utf8_bin DEFAULT NULL,
  `SCOPE_ID_` varchar(255) COLLATE utf8_bin DEFAULT NULL,
  `SUB_SCOPE_ID_` varchar(255) COLLATE utf8_bin DEFAULT NULL,
  `SCOPE_TYPE_` varchar(255) COLLATE utf8_bin DEFAULT NULL,
  `SCOPE_DEFINITION_ID_` varchar(255) COLLATE utf8_bin DEFAULT NULL,
  `NAME_` varchar(255) COLLATE utf8_bin DEFAULT NULL,
  `PARENT_TASK_ID_` varchar(64) COLLATE utf8_bin DEFAULT NULL,
  `DESCRIPTION_` varchar(4000) COLLATE utf8_bin DEFAULT NULL,
  `OWNER_` varchar(255) COLLATE utf8_bin DEFAULT NULL,
  `ASSIGNEE_` varchar(255) COLLATE utf8_bin DEFAULT NULL,
  `START_TIME_` datetime(3) NOT NULL,
  `CLAIM_TIME_` datetime(3) DEFAULT NULL,
  `END_TIME_` datetime(3) DEFAULT NULL,
  `DURATION_` bigint(20) DEFAULT NULL,
  `DELETE_REASON_` varchar(4000) COLLATE utf8_bin DEFAULT NULL,
  `PRIORITY_` int(11) DEFAULT NULL,
  `DUE_DATE_` datetime(3) DEFAULT NULL,
  `FORM_KEY_` varchar(255) COLLATE utf8_bin DEFAULT NULL,
  `CATEGORY_` varchar(255) COLLATE utf8_bin DEFAULT NULL,
  `TENANT_ID_` varchar(255) COLLATE utf8_bin DEFAULT '',
  `LAST_UPDATED_TIME_` datetime(3) DEFAULT NULL,
  PRIMARY KEY (`ID_`),
  KEY `ACT_IDX_HI_TASK_SCOPE` (`SCOPE_ID_`,`SCOPE_TYPE_`),
  KEY `ACT_IDX_HI_TASK_SUB_SCOPE` (`SUB_SCOPE_ID_`,`SCOPE_TYPE_`),
  KEY `ACT_IDX_HI_TASK_SCOPE_DEF` (`SCOPE_DEFINITION_ID_`,`SCOPE_TYPE_`),
  KEY `ACT_IDX_HI_TASK_INST_PROCINST` (`PROC_INST_ID_`)
) ENGINE=InnoDB DEFAULT CHARSET=utf8 COLLATE=utf8_bin;

-- ----------------------------
-- Records of act_hi_taskinst
-- ----------------------------
BEGIN;
INSERT INTO `act_hi_taskinst` VALUES ('0576f253-7c75-11e9-b4d7-1adfe5f2fe72', 2, 'A1:3:06625a24-7c74-11e9-b4d7-1adfe5f2fe72', NULL, 'sid-4CD14D03-5732-43E4-9A4C-5ACBEDE2064B', '0576cc3f-7c75-11e9-b4d7-1adfe5f2fe72', '0576cc40-7c75-11e9-b4d7-1adfe5f2fe72', NULL, NULL, NULL, NULL, '组长审批', NULL, NULL, NULL, NULL, '2019-05-22 17:36:05.621', NULL, '2019-05-23 17:07:11.499', 84665878, 'process instance deleted', 50, NULL, NULL, NULL, '', '2019-05-23 17:07:11.499');
INSERT INTO `act_hi_taskinst` VALUES ('17e4ef7e-7d3c-11e9-baed-1adfe5f2fe72', 1, 'A1:9:12746b19-7d3c-11e9-baed-1adfe5f2fe72', NULL, 'sid-4CD14D03-5732-43E4-9A4C-5ACBEDE2064B', '17e4c86a-7d3c-11e9-baed-1adfe5f2fe72', '17e4c86b-7d3c-11e9-baed-1adfe5f2fe72', NULL, NULL, NULL, NULL, '组长审批', NULL, NULL, NULL, 'yanghuimin', '2019-05-23 17:21:06.390', NULL, NULL, NULL, NULL, 50, NULL, NULL, NULL, '', '2019-05-23 17:21:06.391');
INSERT INTO `act_hi_taskinst` VALUES ('4957d964-7d3a-11e9-baed-1adfe5f2fe72', 1, 'A1:6:95313b28-7d39-11e9-baed-1adfe5f2fe72', NULL, 'sid-4CD14D03-5732-43E4-9A4C-5ACBEDE2064B', '4957b250-7d3a-11e9-baed-1adfe5f2fe72', '4957b251-7d3a-11e9-baed-1adfe5f2fe72', NULL, NULL, NULL, NULL, '组长审批', NULL, NULL, NULL, '1067246875800000001', '2019-05-23 17:08:10.358', NULL, NULL, NULL, NULL, 50, NULL, NULL, NULL, '', '2019-05-23 17:08:10.358');
INSERT INTO `act_hi_taskinst` VALUES ('5956d268-7c79-11e9-b4d7-1adfe5f2fe72', 2, 'A1:3:06625a24-7c74-11e9-b4d7-1adfe5f2fe72', NULL, 'sid-4CD14D03-5732-43E4-9A4C-5ACBEDE2064B', '5956ab54-7c79-11e9-b4d7-1adfe5f2fe72', '5956ab55-7c79-11e9-b4d7-1adfe5f2fe72', NULL, NULL, NULL, NULL, '组长审批', NULL, NULL, NULL, NULL, '2019-05-22 18:07:04.326', NULL, '2019-05-23 17:07:14.722', 82810396, 'process instance deleted', 50, NULL, NULL, NULL, '', '2019-05-23 17:07:14.722');
INSERT INTO `act_hi_taskinst` VALUES ('5a26f2b7-81bb-11e9-ad39-00ff13372156', 1, 'A1:10:de17f5c4-7d3d-11e9-baed-1adfe5f2fe72', NULL, 'sid-4CD14D03-5732-43E4-9A4C-5ACBEDE2064B', '5a0f24f3-81bb-11e9-ad39-00ff13372156', '5a128054-81bb-11e9-ad39-00ff13372156', NULL, NULL, NULL, NULL, '组长审批', NULL, NULL, NULL, 'admin', '2019-05-29 10:42:08.292', NULL, NULL, NULL, NULL, 50, NULL, NULL, NULL, '', '2019-05-29 10:42:08.292');
INSERT INTO `act_hi_taskinst` VALUES ('68af70b8-7d04-11e9-9d57-1adfe5f2fe72', 2, 'A1:3:06625a24-7c74-11e9-b4d7-1adfe5f2fe72', NULL, 'sid-4CD14D03-5732-43E4-9A4C-5ACBEDE2064B', '68af2294-7d04-11e9-9d57-1adfe5f2fe72', '68af49a5-7d04-11e9-9d57-1adfe5f2fe72', NULL, NULL, NULL, NULL, '组长审批', NULL, NULL, NULL, NULL, '2019-05-23 10:42:30.118', NULL, '2019-05-23 17:07:41.089', 23110971, 'process instance deleted', 50, NULL, NULL, NULL, '', '2019-05-23 17:07:41.089');
INSERT INTO `act_hi_taskinst` VALUES ('6a8e69ed-7d04-11e9-9d57-1adfe5f2fe72', 2, 'A1:3:06625a24-7c74-11e9-b4d7-1adfe5f2fe72', NULL, 'sid-4CD14D03-5732-43E4-9A4C-5ACBEDE2064B', '6a8e1bc9-7d04-11e9-9d57-1adfe5f2fe72', '6a8e42da-7d04-11e9-9d57-1adfe5f2fe72', NULL, NULL, NULL, NULL, '组长审批', NULL, NULL, NULL, NULL, '2019-05-23 10:42:33.257', NULL, '2019-05-23 17:07:37.770', 23104513, 'process instance deleted', 50, NULL, NULL, NULL, '', '2019-05-23 17:07:37.770');
INSERT INTO `act_hi_taskinst` VALUES ('6f74a81e-7c73-11e9-b4d7-1adfe5f2fe72', 2, 'A1:2:4e1039a9-7c73-11e9-b4d7-1adfe5f2fe72', NULL, 'sid-4CD14D03-5732-43E4-9A4C-5ACBEDE2064B', '6e69047a-7c73-11e9-b4d7-1adfe5f2fe72', '6e6cadfb-7c73-11e9-b4d7-1adfe5f2fe72', NULL, NULL, NULL, NULL, NULL, NULL, NULL, NULL, NULL, '2019-05-22 17:24:45.594', NULL, '2019-05-23 17:07:33.925', 85368331, 'process instance deleted', 50, NULL, NULL, NULL, '', '2019-05-23 17:07:33.925');
INSERT INTO `act_hi_taskinst` VALUES ('7687bb2f-7d3b-11e9-baed-1adfe5f2fe72', 1, 'A1:7:6cb2cb3a-7d3b-11e9-baed-1adfe5f2fe72', NULL, 'sid-4CD14D03-5732-43E4-9A4C-5ACBEDE2064B', '7687941b-7d3b-11e9-baed-1adfe5f2fe72', '7687941c-7d3b-11e9-baed-1adfe5f2fe72', NULL, NULL, NULL, NULL, '组长审批', NULL, NULL, NULL, '1067246875800000001', '2019-05-23 17:16:35.666', NULL, NULL, NULL, NULL, 50, NULL, NULL, NULL, '', '2019-05-23 17:16:35.667');
INSERT INTO `act_hi_taskinst` VALUES ('a0e3ac93-7d03-11e9-9d57-1adfe5f2fe72', 2, 'A1:3:06625a24-7c74-11e9-b4d7-1adfe5f2fe72', NULL, 'sid-4CD14D03-5732-43E4-9A4C-5ACBEDE2064B', 'a0daf9ff-7d03-11e9-9d57-1adfe5f2fe72', 'a0dbe460-7d03-11e9-9d57-1adfe5f2fe72', NULL, NULL, NULL, NULL, '组长审批', NULL, NULL, NULL, NULL, '2019-05-23 10:36:54.919', NULL, '2019-05-23 17:07:30.984', 23436065, 'process instance deleted', 50, NULL, NULL, NULL, '', '2019-05-23 17:07:30.984');
INSERT INTO `act_hi_taskinst` VALUES ('a40995cd-7d39-11e9-baed-1adfe5f2fe72', 2, 'A1:6:95313b28-7d39-11e9-baed-1adfe5f2fe72', NULL, 'sid-4CD14D03-5732-43E4-9A4C-5ACBEDE2064B', 'a401cd99-7d39-11e9-baed-1adfe5f2fe72', 'a4021bba-7d39-11e9-baed-1adfe5f2fe72', NULL, NULL, NULL, NULL, '组长审批', NULL, NULL, NULL, '1067246875800000001', '2019-05-23 17:03:33.023', NULL, '2019-05-23 17:07:27.653', 234630, 'process instance deleted', 50, NULL, NULL, NULL, '', '2019-05-23 17:07:27.653');
INSERT INTO `act_hi_taskinst` VALUES ('ccb735b9-7c74-11e9-b4d7-1adfe5f2fe72', 2, 'A1:3:06625a24-7c74-11e9-b4d7-1adfe5f2fe72', NULL, 'sid-4CD14D03-5732-43E4-9A4C-5ACBEDE2064B', 'cc9dba45-7c74-11e9-b4d7-1adfe5f2fe72', 'cc9de156-7c74-11e9-b4d7-1adfe5f2fe72', NULL, NULL, NULL, NULL, '组长审批', NULL, NULL, NULL, NULL, '2019-05-22 17:34:30.412', NULL, '2019-05-23 17:07:24.083', 84773671, 'process instance deleted', 50, NULL, NULL, NULL, '', '2019-05-23 17:07:24.083');
INSERT INTO `act_hi_taskinst` VALUES ('cfd3b7fe-7c74-11e9-b4d7-1adfe5f2fe72', 2, 'A1:3:06625a24-7c74-11e9-b4d7-1adfe5f2fe72', NULL, 'sid-4CD14D03-5732-43E4-9A4C-5ACBEDE2064B', 'cfd390ea-7c74-11e9-b4d7-1adfe5f2fe72', 'cfd390eb-7c74-11e9-b4d7-1adfe5f2fe72', NULL, NULL, NULL, NULL, '组长审批', NULL, NULL, NULL, NULL, '2019-05-22 17:34:35.632', NULL, '2019-05-23 17:07:20.491', 84764859, 'process instance deleted', 50, NULL, NULL, NULL, '', '2019-05-23 17:07:20.491');
INSERT INTO `act_hi_taskinst` VALUES ('ea558149-7d3d-11e9-baed-1adfe5f2fe72', 1, 'A1:10:de17f5c4-7d3d-11e9-baed-1adfe5f2fe72', NULL, 'sid-4CD14D03-5732-43E4-9A4C-5ACBEDE2064B', 'ea555a35-7d3d-11e9-baed-1adfe5f2fe72', 'ea555a36-7d3d-11e9-baed-1adfe5f2fe72', NULL, NULL, NULL, NULL, '组长审批', NULL, NULL, NULL, 'admin', '2019-05-23 17:34:08.947', NULL, NULL, NULL, NULL, 50, NULL, NULL, NULL, '', '2019-05-23 17:34:08.947');
COMMIT;

-- ----------------------------
-- Table structure for act_hi_varinst
-- ----------------------------
DROP TABLE IF EXISTS `act_hi_varinst`;
CREATE TABLE `act_hi_varinst` (
  `ID_` varchar(64) COLLATE utf8_bin NOT NULL,
  `REV_` int(11) DEFAULT '1',
  `PROC_INST_ID_` varchar(64) COLLATE utf8_bin DEFAULT NULL,
  `EXECUTION_ID_` varchar(64) COLLATE utf8_bin DEFAULT NULL,
  `TASK_ID_` varchar(64) COLLATE utf8_bin DEFAULT NULL,
  `NAME_` varchar(255) COLLATE utf8_bin NOT NULL,
  `VAR_TYPE_` varchar(100) COLLATE utf8_bin DEFAULT NULL,
  `SCOPE_ID_` varchar(255) COLLATE utf8_bin DEFAULT NULL,
  `SUB_SCOPE_ID_` varchar(255) COLLATE utf8_bin DEFAULT NULL,
  `SCOPE_TYPE_` varchar(255) COLLATE utf8_bin DEFAULT NULL,
  `BYTEARRAY_ID_` varchar(64) COLLATE utf8_bin DEFAULT NULL,
  `DOUBLE_` double DEFAULT NULL,
  `LONG_` bigint(20) DEFAULT NULL,
  `TEXT_` varchar(4000) COLLATE utf8_bin DEFAULT NULL,
  `TEXT2_` varchar(4000) COLLATE utf8_bin DEFAULT NULL,
  `CREATE_TIME_` datetime(3) DEFAULT NULL,
  `LAST_UPDATED_TIME_` datetime(3) DEFAULT NULL,
  PRIMARY KEY (`ID_`),
  KEY `ACT_IDX_HI_PROCVAR_NAME_TYPE` (`NAME_`,`VAR_TYPE_`),
  KEY `ACT_IDX_HI_VAR_SCOPE_ID_TYPE` (`SCOPE_ID_`,`SCOPE_TYPE_`),
  KEY `ACT_IDX_HI_VAR_SUB_ID_TYPE` (`SUB_SCOPE_ID_`,`SCOPE_TYPE_`),
  KEY `ACT_IDX_HI_PROCVAR_PROC_INST` (`PROC_INST_ID_`),
  KEY `ACT_IDX_HI_PROCVAR_TASK_ID` (`TASK_ID_`),
  KEY `ACT_IDX_HI_PROCVAR_EXE` (`EXECUTION_ID_`)
) ENGINE=InnoDB DEFAULT CHARSET=utf8 COLLATE=utf8_bin;

-- ----------------------------
-- Table structure for act_id_bytearray
-- ----------------------------
DROP TABLE IF EXISTS `act_id_bytearray`;
CREATE TABLE `act_id_bytearray` (
  `ID_` varchar(64) COLLATE utf8_bin NOT NULL,
  `REV_` int(11) DEFAULT NULL,
  `NAME_` varchar(255) COLLATE utf8_bin DEFAULT NULL,
  `BYTES_` longblob,
  PRIMARY KEY (`ID_`)
) ENGINE=InnoDB DEFAULT CHARSET=utf8 COLLATE=utf8_bin;

-- ----------------------------
-- Table structure for act_id_group
-- ----------------------------
DROP TABLE IF EXISTS `act_id_group`;
CREATE TABLE `act_id_group` (
  `ID_` varchar(64) COLLATE utf8_bin NOT NULL,
  `REV_` int(11) DEFAULT NULL,
  `NAME_` varchar(255) COLLATE utf8_bin DEFAULT NULL,
  `TYPE_` varchar(255) COLLATE utf8_bin DEFAULT NULL,
  PRIMARY KEY (`ID_`)
) ENGINE=InnoDB DEFAULT CHARSET=utf8 COLLATE=utf8_bin;

-- ----------------------------
-- Table structure for act_id_info
-- ----------------------------
DROP TABLE IF EXISTS `act_id_info`;
CREATE TABLE `act_id_info` (
  `ID_` varchar(64) COLLATE utf8_bin NOT NULL,
  `REV_` int(11) DEFAULT NULL,
  `USER_ID_` varchar(64) COLLATE utf8_bin DEFAULT NULL,
  `TYPE_` varchar(64) COLLATE utf8_bin DEFAULT NULL,
  `KEY_` varchar(255) COLLATE utf8_bin DEFAULT NULL,
  `VALUE_` varchar(255) COLLATE utf8_bin DEFAULT NULL,
  `PASSWORD_` longblob,
  `PARENT_ID_` varchar(255) COLLATE utf8_bin DEFAULT NULL,
  PRIMARY KEY (`ID_`)
) ENGINE=InnoDB DEFAULT CHARSET=utf8 COLLATE=utf8_bin;

-- ----------------------------
-- Table structure for act_id_membership
-- ----------------------------
DROP TABLE IF EXISTS `act_id_membership`;
CREATE TABLE `act_id_membership` (
  `USER_ID_` varchar(64) COLLATE utf8_bin NOT NULL,
  `GROUP_ID_` varchar(64) COLLATE utf8_bin NOT NULL,
  PRIMARY KEY (`USER_ID_`,`GROUP_ID_`),
  KEY `ACT_FK_MEMB_GROUP` (`GROUP_ID_`),
  CONSTRAINT `ACT_FK_MEMB_GROUP` FOREIGN KEY (`GROUP_ID_`) REFERENCES `act_id_group` (`ID_`),
  CONSTRAINT `ACT_FK_MEMB_USER` FOREIGN KEY (`USER_ID_`) REFERENCES `act_id_user` (`ID_`)
) ENGINE=InnoDB DEFAULT CHARSET=utf8 COLLATE=utf8_bin;

-- ----------------------------
-- Table structure for act_id_priv
-- ----------------------------
DROP TABLE IF EXISTS `act_id_priv`;
CREATE TABLE `act_id_priv` (
  `ID_` varchar(64) COLLATE utf8_bin NOT NULL,
  `NAME_` varchar(255) COLLATE utf8_bin NOT NULL,
  PRIMARY KEY (`ID_`),
  UNIQUE KEY `ACT_UNIQ_PRIV_NAME` (`NAME_`)
) ENGINE=InnoDB DEFAULT CHARSET=utf8 COLLATE=utf8_bin;

-- ----------------------------
-- Table structure for act_id_priv_mapping
-- ----------------------------
DROP TABLE IF EXISTS `act_id_priv_mapping`;
CREATE TABLE `act_id_priv_mapping` (
  `ID_` varchar(64) COLLATE utf8_bin NOT NULL,
  `PRIV_ID_` varchar(64) COLLATE utf8_bin NOT NULL,
  `USER_ID_` varchar(255) COLLATE utf8_bin DEFAULT NULL,
  `GROUP_ID_` varchar(255) COLLATE utf8_bin DEFAULT NULL,
  PRIMARY KEY (`ID_`),
  KEY `ACT_FK_PRIV_MAPPING` (`PRIV_ID_`),
  KEY `ACT_IDX_PRIV_USER` (`USER_ID_`),
  KEY `ACT_IDX_PRIV_GROUP` (`GROUP_ID_`),
  CONSTRAINT `ACT_FK_PRIV_MAPPING` FOREIGN KEY (`PRIV_ID_`) REFERENCES `act_id_priv` (`ID_`)
) ENGINE=InnoDB DEFAULT CHARSET=utf8 COLLATE=utf8_bin;

-- ----------------------------
-- Table structure for act_id_property
-- ----------------------------
DROP TABLE IF EXISTS `act_id_property`;
CREATE TABLE `act_id_property` (
  `NAME_` varchar(64) COLLATE utf8_bin NOT NULL,
  `VALUE_` varchar(300) COLLATE utf8_bin DEFAULT NULL,
  `REV_` int(11) DEFAULT NULL,
  PRIMARY KEY (`NAME_`)
) ENGINE=InnoDB DEFAULT CHARSET=utf8 COLLATE=utf8_bin;

-- ----------------------------
-- Records of act_id_property
-- ----------------------------
BEGIN;
INSERT INTO `act_id_property` VALUES ('schema.version', '6.4.0.0', 1);
COMMIT;

-- ----------------------------
-- Table structure for act_id_token
-- ----------------------------
DROP TABLE IF EXISTS `act_id_token`;
CREATE TABLE `act_id_token` (
  `ID_` varchar(64) COLLATE utf8_bin NOT NULL,
  `REV_` int(11) DEFAULT NULL,
  `TOKEN_VALUE_` varchar(255) COLLATE utf8_bin DEFAULT NULL,
  `TOKEN_DATE_` timestamp(3) NOT NULL DEFAULT CURRENT_TIMESTAMP(3) ON UPDATE CURRENT_TIMESTAMP(3),
  `IP_ADDRESS_` varchar(255) COLLATE utf8_bin DEFAULT NULL,
  `USER_AGENT_` varchar(255) COLLATE utf8_bin DEFAULT NULL,
  `USER_ID_` varchar(255) COLLATE utf8_bin DEFAULT NULL,
  `TOKEN_DATA_` varchar(2000) COLLATE utf8_bin DEFAULT NULL,
  PRIMARY KEY (`ID_`)
) ENGINE=InnoDB DEFAULT CHARSET=utf8 COLLATE=utf8_bin;

-- ----------------------------
-- Table structure for act_id_user
-- ----------------------------
DROP TABLE IF EXISTS `act_id_user`;
CREATE TABLE `act_id_user` (
  `ID_` varchar(64) COLLATE utf8_bin NOT NULL,
  `REV_` int(11) DEFAULT NULL,
  `FIRST_` varchar(255) COLLATE utf8_bin DEFAULT NULL,
  `LAST_` varchar(255) COLLATE utf8_bin DEFAULT NULL,
  `DISPLAY_NAME_` varchar(255) COLLATE utf8_bin DEFAULT NULL,
  `EMAIL_` varchar(255) COLLATE utf8_bin DEFAULT NULL,
  `PWD_` varchar(255) COLLATE utf8_bin DEFAULT NULL,
  `PICTURE_ID_` varchar(64) COLLATE utf8_bin DEFAULT NULL,
  `TENANT_ID_` varchar(255) COLLATE utf8_bin DEFAULT '',
  PRIMARY KEY (`ID_`)
) ENGINE=InnoDB DEFAULT CHARSET=utf8 COLLATE=utf8_bin;

-- ----------------------------
-- Table structure for act_procdef_info
-- ----------------------------
DROP TABLE IF EXISTS `act_procdef_info`;
CREATE TABLE `act_procdef_info` (
  `ID_` varchar(64) COLLATE utf8_bin NOT NULL,
  `PROC_DEF_ID_` varchar(64) COLLATE utf8_bin NOT NULL,
  `REV_` int(11) DEFAULT NULL,
  `INFO_JSON_ID_` varchar(64) COLLATE utf8_bin DEFAULT NULL,
  PRIMARY KEY (`ID_`),
  UNIQUE KEY `ACT_UNIQ_INFO_PROCDEF` (`PROC_DEF_ID_`),
  KEY `ACT_IDX_INFO_PROCDEF` (`PROC_DEF_ID_`),
  KEY `ACT_FK_INFO_JSON_BA` (`INFO_JSON_ID_`),
  CONSTRAINT `ACT_FK_INFO_JSON_BA` FOREIGN KEY (`INFO_JSON_ID_`) REFERENCES `act_ge_bytearray` (`ID_`),
  CONSTRAINT `ACT_FK_INFO_PROCDEF` FOREIGN KEY (`PROC_DEF_ID_`) REFERENCES `act_re_procdef` (`ID_`)
) ENGINE=InnoDB DEFAULT CHARSET=utf8 COLLATE=utf8_bin;

-- ----------------------------
-- Table structure for act_re_deployment
-- ----------------------------
DROP TABLE IF EXISTS `act_re_deployment`;
CREATE TABLE `act_re_deployment` (
  `ID_` varchar(64) COLLATE utf8_bin NOT NULL,
  `NAME_` varchar(255) COLLATE utf8_bin DEFAULT NULL,
  `CATEGORY_` varchar(255) COLLATE utf8_bin DEFAULT NULL,
  `KEY_` varchar(255) COLLATE utf8_bin DEFAULT NULL,
  `TENANT_ID_` varchar(255) COLLATE utf8_bin DEFAULT '',
  `DEPLOY_TIME_` timestamp(3) NULL DEFAULT NULL,
  `DERIVED_FROM_` varchar(64) COLLATE utf8_bin DEFAULT NULL,
  `DERIVED_FROM_ROOT_` varchar(64) COLLATE utf8_bin DEFAULT NULL,
  `PARENT_DEPLOYMENT_ID_` varchar(255) COLLATE utf8_bin DEFAULT NULL,
  `ENGINE_VERSION_` varchar(255) COLLATE utf8_bin DEFAULT NULL,
  PRIMARY KEY (`ID_`)
) ENGINE=InnoDB DEFAULT CHARSET=utf8 COLLATE=utf8_bin;

-- ----------------------------
-- Records of act_re_deployment
-- ----------------------------
BEGIN;
INSERT INTO `act_re_deployment` VALUES ('062948c1-7c74-11e9-b4d7-1adfe5f2fe72', '请假流程', NULL, 'A1', '', '2019-05-22 17:28:57.293', NULL, NULL, NULL, NULL);
INSERT INTO `act_re_deployment` VALUES ('1262b7d6-7d3c-11e9-baed-1adfe5f2fe72', '请假流程', NULL, 'A1', '', '2019-05-23 17:20:57.147', NULL, NULL, NULL, NULL);
INSERT INTO `act_re_deployment` VALUES ('4de46eb6-7c73-11e9-b4d7-1adfe5f2fe72', '请假流程', NULL, 'A1', '', '2019-05-22 17:23:48.141', NULL, NULL, NULL, NULL);
INSERT INTO `act_re_deployment` VALUES ('6c95cd57-7d3b-11e9-baed-1adfe5f2fe72', '请假流程', NULL, 'A1', '', '2019-05-23 17:16:18.981', NULL, NULL, NULL, NULL);
INSERT INTO `act_re_deployment` VALUES ('9017f94a-7ada-11e9-8a3c-1adfe5f2fe72', '请假流程', NULL, 'A1', '', '2019-05-20 16:37:55.046', NULL, NULL, NULL, NULL);
INSERT INTO `act_re_deployment` VALUES ('9176b862-7d3b-11e9-baed-1adfe5f2fe72', '请假流程', NULL, 'A1', '', '2019-05-23 17:17:20.853', NULL, NULL, NULL, NULL);
INSERT INTO `act_re_deployment` VALUES ('93923125-7d39-11e9-baed-1adfe5f2fe72', '请假流程', NULL, 'A1', '', '2019-05-23 17:03:05.395', NULL, NULL, NULL, NULL);
INSERT INTO `act_re_deployment` VALUES ('aa1f0a15-7d2a-11e9-bbda-1adfe5f2fe72', '请假流程', NULL, 'A1', '', '2019-05-23 15:16:20.776', NULL, NULL, NULL, NULL);
INSERT INTO `act_re_deployment` VALUES ('de0705d1-7d3d-11e9-baed-1adfe5f2fe72', '请假流程', NULL, 'A1', '', '2019-05-23 17:33:48.299', NULL, NULL, NULL, NULL);
INSERT INTO `act_re_deployment` VALUES ('edee5a79-7d2a-11e9-bbda-1adfe5f2fe72', '请假流程', NULL, 'A1', '', '2019-05-23 15:18:14.543', NULL, NULL, NULL, NULL);
COMMIT;

-- ----------------------------
-- Table structure for act_re_model
-- ----------------------------
DROP TABLE IF EXISTS `act_re_model`;
CREATE TABLE `act_re_model` (
  `ID_` varchar(64) COLLATE utf8_bin NOT NULL,
  `REV_` int(11) DEFAULT NULL,
  `NAME_` varchar(255) COLLATE utf8_bin DEFAULT NULL,
  `KEY_` varchar(255) COLLATE utf8_bin DEFAULT NULL,
  `CATEGORY_` varchar(255) COLLATE utf8_bin DEFAULT NULL,
  `CREATE_TIME_` timestamp(3) NULL DEFAULT NULL,
  `LAST_UPDATE_TIME_` timestamp(3) NULL DEFAULT NULL,
  `VERSION_` int(11) DEFAULT NULL,
  `META_INFO_` varchar(4000) COLLATE utf8_bin DEFAULT NULL,
  `DEPLOYMENT_ID_` varchar(64) COLLATE utf8_bin DEFAULT NULL,
  `EDITOR_SOURCE_VALUE_ID_` varchar(64) COLLATE utf8_bin DEFAULT NULL,
  `EDITOR_SOURCE_EXTRA_VALUE_ID_` varchar(64) COLLATE utf8_bin DEFAULT NULL,
  `TENANT_ID_` varchar(255) COLLATE utf8_bin DEFAULT '',
  PRIMARY KEY (`ID_`),
  KEY `ACT_FK_MODEL_SOURCE` (`EDITOR_SOURCE_VALUE_ID_`),
  KEY `ACT_FK_MODEL_SOURCE_EXTRA` (`EDITOR_SOURCE_EXTRA_VALUE_ID_`),
  KEY `ACT_FK_MODEL_DEPLOYMENT` (`DEPLOYMENT_ID_`),
  CONSTRAINT `ACT_FK_MODEL_DEPLOYMENT` FOREIGN KEY (`DEPLOYMENT_ID_`) REFERENCES `act_re_deployment` (`ID_`),
  CONSTRAINT `ACT_FK_MODEL_SOURCE` FOREIGN KEY (`EDITOR_SOURCE_VALUE_ID_`) REFERENCES `act_ge_bytearray` (`ID_`),
  CONSTRAINT `ACT_FK_MODEL_SOURCE_EXTRA` FOREIGN KEY (`EDITOR_SOURCE_EXTRA_VALUE_ID_`) REFERENCES `act_ge_bytearray` (`ID_`)
) ENGINE=InnoDB DEFAULT CHARSET=utf8 COLLATE=utf8_bin;

-- ----------------------------
-- Records of act_re_model
-- ----------------------------
BEGIN;
INSERT INTO `act_re_model` VALUES ('0657665f-7189-11e9-bfea-befa298f3cc7', 2, '3', '4', NULL, '2019-05-08 20:01:34.230', '2019-05-08 20:01:49.290', 1, '{\"name\":\"3\",\"description\":\"5\",\"revision\":1}', NULL, '0f502720-7189-11e9-bfea-befa298f3cc7', NULL, '');
INSERT INTO `act_re_model` VALUES ('3cef544b-712f-11e9-b070-befa298f3cc7', 2, '1', '1', NULL, '2019-05-08 09:18:51.123', '2019-05-08 09:18:51.234', 1, '{\"name\":\"1\",\"description\":\"1\",\"revision\":1}', NULL, '3d00443c-712f-11e9-b070-befa298f3cc7', NULL, '');
INSERT INTO `act_re_model` VALUES ('51eb8358-7206-11e9-8696-befa298f3cc7', 3, '1.bpmn20.xml', 'a1', 'http://flowable.org/test', '2019-05-09 10:58:28.127', '2019-05-20 16:31:57.829', 1, '{\"name\":\"1\",\"revision\":1,\"description\":\"1\"}', NULL, '51f7b859-7206-11e9-8696-befa298f3cc7', NULL, '');
INSERT INTO `act_re_model` VALUES ('a7e57bbe-7208-11e9-8696-befa298f3cc7', 3, '23454.bpmn20.xml', 'a3434', 'http://www.flowable.org/processdef', '2019-05-09 11:15:11.356', '2019-05-20 16:31:07.892', 1, '{\"name\":\"23454\",\"revision\":1,\"description\":\"44\"}', NULL, 'a97a9aaf-7208-11e9-8696-befa298f3cc7', NULL, '');
INSERT INTO `act_re_model` VALUES ('bfccb968-7610-11e9-82da-1adfe5f2fe72', 3, '23454.bpmn20.xml', 'a3434', 'http://www.flowable.org/processdef', '2019-05-14 14:23:12.092', '2019-05-20 16:31:07.892', 2, '{\"name\":\"23454\",\"revision\":2,\"description\":\"44\"}', NULL, 'bfe43909-7610-11e9-82da-1adfe5f2fe72', NULL, '');
INSERT INTO `act_re_model` VALUES ('de7dee11-81b1-11e9-ad39-00ff13372156', 2, '请假流程.bpmn20.xml', 'A1', '123456', '2019-05-29 09:34:15.349', '2019-05-29 09:34:15.650', 1, '{\"name\":\"请假流程\",\"revision\":1,\"description\":\"请假流程\"}', 'de0705d1-7d3d-11e9-baed-1adfe5f2fe72', 'deabb4d2-81b1-11e9-ad39-00ff13372156', NULL, '');
INSERT INTO `act_re_model` VALUES ('f3eabd52-716a-11e9-9cda-befa298f3cc7', 2, '2', '2', NULL, '2019-05-08 16:26:18.422', '2019-05-08 16:26:18.548', 1, '{\"name\":\"2\",\"description\":\"2\",\"revision\":1}', NULL, 'f3fdd023-716a-11e9-9cda-befa298f3cc7', NULL, '');
COMMIT;

-- ----------------------------
-- Table structure for act_re_procdef
-- ----------------------------
DROP TABLE IF EXISTS `act_re_procdef`;
CREATE TABLE `act_re_procdef` (
  `ID_` varchar(64) COLLATE utf8_bin NOT NULL,
  `REV_` int(11) DEFAULT NULL,
  `CATEGORY_` varchar(255) COLLATE utf8_bin DEFAULT NULL,
  `NAME_` varchar(255) COLLATE utf8_bin DEFAULT NULL,
  `KEY_` varchar(255) COLLATE utf8_bin NOT NULL,
  `VERSION_` int(11) NOT NULL,
  `DEPLOYMENT_ID_` varchar(64) COLLATE utf8_bin DEFAULT NULL,
  `RESOURCE_NAME_` varchar(4000) COLLATE utf8_bin DEFAULT NULL,
  `DGRM_RESOURCE_NAME_` varchar(4000) COLLATE utf8_bin DEFAULT NULL,
  `DESCRIPTION_` varchar(4000) COLLATE utf8_bin DEFAULT NULL,
  `HAS_START_FORM_KEY_` tinyint(4) DEFAULT NULL,
  `HAS_GRAPHICAL_NOTATION_` tinyint(4) DEFAULT NULL,
  `SUSPENSION_STATE_` int(11) DEFAULT NULL,
  `TENANT_ID_` varchar(255) COLLATE utf8_bin DEFAULT '',
  `ENGINE_VERSION_` varchar(255) COLLATE utf8_bin DEFAULT NULL,
  `DERIVED_FROM_` varchar(64) COLLATE utf8_bin DEFAULT NULL,
  `DERIVED_FROM_ROOT_` varchar(64) COLLATE utf8_bin DEFAULT NULL,
  `DERIVED_VERSION_` int(11) NOT NULL DEFAULT '0',
  PRIMARY KEY (`ID_`),
  UNIQUE KEY `ACT_UNIQ_PROCDEF` (`KEY_`,`VERSION_`,`DERIVED_VERSION_`,`TENANT_ID_`)
) ENGINE=InnoDB DEFAULT CHARSET=utf8 COLLATE=utf8_bin;

-- ----------------------------
-- Records of act_re_procdef
-- ----------------------------
BEGIN;
INSERT INTO `act_re_procdef` VALUES ('A1:10:de17f5c4-7d3d-11e9-baed-1adfe5f2fe72', 2, '123456', '请假流程', 'A1', 10, 'de0705d1-7d3d-11e9-baed-1adfe5f2fe72', '请假流程.bpmn20.xml', '请假流程.A1.png', '请假流程', 0, 1, 1, '', NULL, NULL, NULL, 0);
INSERT INTO `act_re_procdef` VALUES ('A1:1:9023b91d-7ada-11e9-8a3c-1adfe5f2fe72', 2, '123456', '请假流程', 'A1', 1, '9017f94a-7ada-11e9-8a3c-1adfe5f2fe72', '请假流程.bpmn20.xml', '请假流程.A1.png', '请假流程', 0, 1, 1, '', NULL, NULL, NULL, 0);
INSERT INTO `act_re_procdef` VALUES ('A1:2:4e1039a9-7c73-11e9-b4d7-1adfe5f2fe72', 2, '123456', '请假流程', 'A1', 2, '4de46eb6-7c73-11e9-b4d7-1adfe5f2fe72', '请假流程.bpmn20.xml', '请假流程.A1.png', '请假流程', 0, 1, 1, '', NULL, NULL, NULL, 0);
INSERT INTO `act_re_procdef` VALUES ('A1:3:06625a24-7c74-11e9-b4d7-1adfe5f2fe72', 2, '123456', '请假流程', 'A1', 3, '062948c1-7c74-11e9-b4d7-1adfe5f2fe72', '请假流程.bpmn20.xml', '请假流程.A1.png', '请假流程', 0, 1, 1, '', NULL, NULL, NULL, 0);
INSERT INTO `act_re_procdef` VALUES ('A1:4:aa5d99b8-7d2a-11e9-bbda-1adfe5f2fe72', 2, '123456', '请假流程', 'A1', 4, 'aa1f0a15-7d2a-11e9-bbda-1adfe5f2fe72', '请假流程.bpmn20.xml', '请假流程.A1.png', '请假流程', 0, 1, 1, '', NULL, NULL, NULL, 0);
INSERT INTO `act_re_procdef` VALUES ('A1:5:ee04537c-7d2a-11e9-bbda-1adfe5f2fe72', 2, '123456', '请假流程', 'A1', 5, 'edee5a79-7d2a-11e9-bbda-1adfe5f2fe72', '请假流程.bpmn20.xml', '请假流程.A1.png', '请假流程', 0, 1, 1, '', NULL, NULL, NULL, 0);
INSERT INTO `act_re_procdef` VALUES ('A1:6:95313b28-7d39-11e9-baed-1adfe5f2fe72', 2, '123456', '请假流程', 'A1', 6, '93923125-7d39-11e9-baed-1adfe5f2fe72', '请假流程.bpmn20.xml', '请假流程.A1.png', '请假流程', 0, 1, 1, '', NULL, NULL, NULL, 0);
INSERT INTO `act_re_procdef` VALUES ('A1:7:6cb2cb3a-7d3b-11e9-baed-1adfe5f2fe72', 2, '123456', '请假流程', 'A1', 7, '6c95cd57-7d3b-11e9-baed-1adfe5f2fe72', '请假流程.bpmn20.xml', '请假流程.A1.png', '请假流程', 0, 1, 1, '', NULL, NULL, NULL, 0);
INSERT INTO `act_re_procdef` VALUES ('A1:8:918b03b5-7d3b-11e9-baed-1adfe5f2fe72', 2, '123456', '请假流程', 'A1', 8, '9176b862-7d3b-11e9-baed-1adfe5f2fe72', '请假流程.bpmn20.xml', '请假流程.A1.png', '请假流程', 0, 1, 1, '', NULL, NULL, NULL, 0);
INSERT INTO `act_re_procdef` VALUES ('A1:9:12746b19-7d3c-11e9-baed-1adfe5f2fe72', 2, '123456', '请假流程', 'A1', 9, '1262b7d6-7d3c-11e9-baed-1adfe5f2fe72', '请假流程.bpmn20.xml', '请假流程.A1.png', '请假流程', 0, 1, 1, '', NULL, NULL, NULL, 0);
COMMIT;

-- ----------------------------
-- Table structure for act_ru_deadletter_job
-- ----------------------------
DROP TABLE IF EXISTS `act_ru_deadletter_job`;
CREATE TABLE `act_ru_deadletter_job` (
  `ID_` varchar(64) COLLATE utf8_bin NOT NULL,
  `REV_` int(11) DEFAULT NULL,
  `TYPE_` varchar(255) COLLATE utf8_bin NOT NULL,
  `EXCLUSIVE_` tinyint(1) DEFAULT NULL,
  `EXECUTION_ID_` varchar(64) COLLATE utf8_bin DEFAULT NULL,
  `PROCESS_INSTANCE_ID_` varchar(64) COLLATE utf8_bin DEFAULT NULL,
  `PROC_DEF_ID_` varchar(64) COLLATE utf8_bin DEFAULT NULL,
  `SCOPE_ID_` varchar(255) COLLATE utf8_bin DEFAULT NULL,
  `SUB_SCOPE_ID_` varchar(255) COLLATE utf8_bin DEFAULT NULL,
  `SCOPE_TYPE_` varchar(255) COLLATE utf8_bin DEFAULT NULL,
  `SCOPE_DEFINITION_ID_` varchar(255) COLLATE utf8_bin DEFAULT NULL,
  `EXCEPTION_STACK_ID_` varchar(64) COLLATE utf8_bin DEFAULT NULL,
  `EXCEPTION_MSG_` varchar(4000) COLLATE utf8_bin DEFAULT NULL,
  `DUEDATE_` timestamp(3) NULL DEFAULT NULL,
  `REPEAT_` varchar(255) COLLATE utf8_bin DEFAULT NULL,
  `HANDLER_TYPE_` varchar(255) COLLATE utf8_bin DEFAULT NULL,
  `HANDLER_CFG_` varchar(4000) COLLATE utf8_bin DEFAULT NULL,
  `CUSTOM_VALUES_ID_` varchar(64) COLLATE utf8_bin DEFAULT NULL,
  `CREATE_TIME_` timestamp(3) NULL DEFAULT NULL,
  `TENANT_ID_` varchar(255) COLLATE utf8_bin DEFAULT '',
  PRIMARY KEY (`ID_`),
  KEY `ACT_IDX_DEADLETTER_JOB_EXCEPTION_STACK_ID` (`EXCEPTION_STACK_ID_`),
  KEY `ACT_IDX_DEADLETTER_JOB_CUSTOM_VALUES_ID` (`CUSTOM_VALUES_ID_`),
  KEY `ACT_IDX_DJOB_SCOPE` (`SCOPE_ID_`,`SCOPE_TYPE_`),
  KEY `ACT_IDX_DJOB_SUB_SCOPE` (`SUB_SCOPE_ID_`,`SCOPE_TYPE_`),
  KEY `ACT_IDX_DJOB_SCOPE_DEF` (`SCOPE_DEFINITION_ID_`,`SCOPE_TYPE_`),
  KEY `ACT_FK_DEADLETTER_JOB_EXECUTION` (`EXECUTION_ID_`),
  KEY `ACT_FK_DEADLETTER_JOB_PROCESS_INSTANCE` (`PROCESS_INSTANCE_ID_`),
  KEY `ACT_FK_DEADLETTER_JOB_PROC_DEF` (`PROC_DEF_ID_`),
  CONSTRAINT `ACT_FK_DEADLETTER_JOB_CUSTOM_VALUES` FOREIGN KEY (`CUSTOM_VALUES_ID_`) REFERENCES `act_ge_bytearray` (`ID_`),
  CONSTRAINT `ACT_FK_DEADLETTER_JOB_EXCEPTION` FOREIGN KEY (`EXCEPTION_STACK_ID_`) REFERENCES `act_ge_bytearray` (`ID_`),
  CONSTRAINT `ACT_FK_DEADLETTER_JOB_EXECUTION` FOREIGN KEY (`EXECUTION_ID_`) REFERENCES `act_ru_execution` (`ID_`),
  CONSTRAINT `ACT_FK_DEADLETTER_JOB_PROCESS_INSTANCE` FOREIGN KEY (`PROCESS_INSTANCE_ID_`) REFERENCES `act_ru_execution` (`ID_`),
  CONSTRAINT `ACT_FK_DEADLETTER_JOB_PROC_DEF` FOREIGN KEY (`PROC_DEF_ID_`) REFERENCES `act_re_procdef` (`ID_`)
) ENGINE=InnoDB DEFAULT CHARSET=utf8 COLLATE=utf8_bin;

-- ----------------------------
-- Table structure for act_ru_event_subscr
-- ----------------------------
DROP TABLE IF EXISTS `act_ru_event_subscr`;
CREATE TABLE `act_ru_event_subscr` (
  `ID_` varchar(64) COLLATE utf8_bin NOT NULL,
  `REV_` int(11) DEFAULT NULL,
  `EVENT_TYPE_` varchar(255) COLLATE utf8_bin NOT NULL,
  `EVENT_NAME_` varchar(255) COLLATE utf8_bin DEFAULT NULL,
  `EXECUTION_ID_` varchar(64) COLLATE utf8_bin DEFAULT NULL,
  `PROC_INST_ID_` varchar(64) COLLATE utf8_bin DEFAULT NULL,
  `ACTIVITY_ID_` varchar(64) COLLATE utf8_bin DEFAULT NULL,
  `CONFIGURATION_` varchar(255) COLLATE utf8_bin DEFAULT NULL,
  `CREATED_` timestamp(3) NOT NULL DEFAULT CURRENT_TIMESTAMP(3),
  `PROC_DEF_ID_` varchar(64) COLLATE utf8_bin DEFAULT NULL,
  `TENANT_ID_` varchar(255) COLLATE utf8_bin DEFAULT '',
  PRIMARY KEY (`ID_`),
  KEY `ACT_IDX_EVENT_SUBSCR_CONFIG_` (`CONFIGURATION_`),
  KEY `ACT_FK_EVENT_EXEC` (`EXECUTION_ID_`),
  CONSTRAINT `ACT_FK_EVENT_EXEC` FOREIGN KEY (`EXECUTION_ID_`) REFERENCES `act_ru_execution` (`ID_`)
) ENGINE=InnoDB DEFAULT CHARSET=utf8 COLLATE=utf8_bin;

-- ----------------------------
-- Table structure for act_ru_execution
-- ----------------------------
DROP TABLE IF EXISTS `act_ru_execution`;
CREATE TABLE `act_ru_execution` (
  `ID_` varchar(64) COLLATE utf8_bin NOT NULL,
  `REV_` int(11) DEFAULT NULL,
  `PROC_INST_ID_` varchar(64) COLLATE utf8_bin DEFAULT NULL,
  `BUSINESS_KEY_` varchar(255) COLLATE utf8_bin DEFAULT NULL,
  `PARENT_ID_` varchar(64) COLLATE utf8_bin DEFAULT NULL,
  `PROC_DEF_ID_` varchar(64) COLLATE utf8_bin DEFAULT NULL,
  `SUPER_EXEC_` varchar(64) COLLATE utf8_bin DEFAULT NULL,
  `ROOT_PROC_INST_ID_` varchar(64) COLLATE utf8_bin DEFAULT NULL,
  `ACT_ID_` varchar(255) COLLATE utf8_bin DEFAULT NULL,
  `IS_ACTIVE_` tinyint(4) DEFAULT NULL,
  `IS_CONCURRENT_` tinyint(4) DEFAULT NULL,
  `IS_SCOPE_` tinyint(4) DEFAULT NULL,
  `IS_EVENT_SCOPE_` tinyint(4) DEFAULT NULL,
  `IS_MI_ROOT_` tinyint(4) DEFAULT NULL,
  `SUSPENSION_STATE_` int(11) DEFAULT NULL,
  `CACHED_ENT_STATE_` int(11) DEFAULT NULL,
  `TENANT_ID_` varchar(255) COLLATE utf8_bin DEFAULT '',
  `NAME_` varchar(255) COLLATE utf8_bin DEFAULT NULL,
  `START_ACT_ID_` varchar(255) COLLATE utf8_bin DEFAULT NULL,
  `START_TIME_` datetime(3) DEFAULT NULL,
  `START_USER_ID_` varchar(255) COLLATE utf8_bin DEFAULT NULL,
  `LOCK_TIME_` timestamp(3) NULL DEFAULT NULL,
  `IS_COUNT_ENABLED_` tinyint(4) DEFAULT NULL,
  `EVT_SUBSCR_COUNT_` int(11) DEFAULT NULL,
  `TASK_COUNT_` int(11) DEFAULT NULL,
  `JOB_COUNT_` int(11) DEFAULT NULL,
  `TIMER_JOB_COUNT_` int(11) DEFAULT NULL,
  `SUSP_JOB_COUNT_` int(11) DEFAULT NULL,
  `DEADLETTER_JOB_COUNT_` int(11) DEFAULT NULL,
  `VAR_COUNT_` int(11) DEFAULT NULL,
  `ID_LINK_COUNT_` int(11) DEFAULT NULL,
  `CALLBACK_ID_` varchar(255) COLLATE utf8_bin DEFAULT NULL,
  `CALLBACK_TYPE_` varchar(255) COLLATE utf8_bin DEFAULT NULL,
  PRIMARY KEY (`ID_`),
  KEY `ACT_IDX_EXEC_BUSKEY` (`BUSINESS_KEY_`),
  KEY `ACT_IDC_EXEC_ROOT` (`ROOT_PROC_INST_ID_`),
  KEY `ACT_FK_EXE_PROCINST` (`PROC_INST_ID_`),
  KEY `ACT_FK_EXE_PARENT` (`PARENT_ID_`),
  KEY `ACT_FK_EXE_SUPER` (`SUPER_EXEC_`),
  KEY `ACT_FK_EXE_PROCDEF` (`PROC_DEF_ID_`),
  CONSTRAINT `ACT_FK_EXE_PARENT` FOREIGN KEY (`PARENT_ID_`) REFERENCES `act_ru_execution` (`ID_`) ON DELETE CASCADE,
  CONSTRAINT `ACT_FK_EXE_PROCDEF` FOREIGN KEY (`PROC_DEF_ID_`) REFERENCES `act_re_procdef` (`ID_`),
  CONSTRAINT `ACT_FK_EXE_PROCINST` FOREIGN KEY (`PROC_INST_ID_`) REFERENCES `act_ru_execution` (`ID_`) ON DELETE CASCADE ON UPDATE CASCADE,
  CONSTRAINT `ACT_FK_EXE_SUPER` FOREIGN KEY (`SUPER_EXEC_`) REFERENCES `act_ru_execution` (`ID_`) ON DELETE CASCADE
) ENGINE=InnoDB DEFAULT CHARSET=utf8 COLLATE=utf8_bin;

-- ----------------------------
-- Records of act_ru_execution
-- ----------------------------
BEGIN;
INSERT INTO `act_ru_execution` VALUES ('17e4c86a-7d3c-11e9-baed-1adfe5f2fe72', 1, '17e4c86a-7d3c-11e9-baed-1adfe5f2fe72', NULL, NULL, 'A1:9:12746b19-7d3c-11e9-baed-1adfe5f2fe72', NULL, '17e4c86a-7d3c-11e9-baed-1adfe5f2fe72', NULL, 1, 0, 1, 0, 0, 1, NULL, '', NULL, 'startEvent1', '2019-05-23 17:21:06.389', NULL, NULL, 1, 0, 0, 0, 0, 0, 0, 0, 0, NULL, NULL);
INSERT INTO `act_ru_execution` VALUES ('17e4c86b-7d3c-11e9-baed-1adfe5f2fe72', 1, '17e4c86a-7d3c-11e9-baed-1adfe5f2fe72', NULL, '17e4c86a-7d3c-11e9-baed-1adfe5f2fe72', 'A1:9:12746b19-7d3c-11e9-baed-1adfe5f2fe72', NULL, '17e4c86a-7d3c-11e9-baed-1adfe5f2fe72', 'sid-4CD14D03-5732-43E4-9A4C-5ACBEDE2064B', 1, 0, 0, 0, 0, 1, NULL, '', NULL, NULL, '2019-05-23 17:21:06.389', NULL, NULL, 1, 0, 1, 0, 0, 0, 0, 0, 0, NULL, NULL);
INSERT INTO `act_ru_execution` VALUES ('4957b250-7d3a-11e9-baed-1adfe5f2fe72', 1, '4957b250-7d3a-11e9-baed-1adfe5f2fe72', NULL, NULL, 'A1:6:95313b28-7d39-11e9-baed-1adfe5f2fe72', NULL, '4957b250-7d3a-11e9-baed-1adfe5f2fe72', NULL, 1, 0, 1, 0, 0, 1, NULL, '', NULL, 'startEvent1', '2019-05-23 17:08:10.357', NULL, NULL, 1, 0, 0, 0, 0, 0, 0, 0, 0, NULL, NULL);
INSERT INTO `act_ru_execution` VALUES ('4957b251-7d3a-11e9-baed-1adfe5f2fe72', 1, '4957b250-7d3a-11e9-baed-1adfe5f2fe72', NULL, '4957b250-7d3a-11e9-baed-1adfe5f2fe72', 'A1:6:95313b28-7d39-11e9-baed-1adfe5f2fe72', NULL, '4957b250-7d3a-11e9-baed-1adfe5f2fe72', 'sid-4CD14D03-5732-43E4-9A4C-5ACBEDE2064B', 1, 0, 0, 0, 0, 1, NULL, '', NULL, NULL, '2019-05-23 17:08:10.357', NULL, NULL, 1, 0, 1, 0, 0, 0, 0, 0, 0, NULL, NULL);
INSERT INTO `act_ru_execution` VALUES ('5a0f24f3-81bb-11e9-ad39-00ff13372156', 1, '5a0f24f3-81bb-11e9-ad39-00ff13372156', NULL, NULL, 'A1:10:de17f5c4-7d3d-11e9-baed-1adfe5f2fe72', NULL, '5a0f24f3-81bb-11e9-ad39-00ff13372156', NULL, 1, 0, 1, 0, 0, 1, NULL, '', NULL, 'startEvent1', '2019-05-29 10:42:08.131', NULL, NULL, 1, 0, 0, 0, 0, 0, 0, 0, 0, NULL, NULL);
INSERT INTO `act_ru_execution` VALUES ('5a128054-81bb-11e9-ad39-00ff13372156', 1, '5a0f24f3-81bb-11e9-ad39-00ff13372156', NULL, '5a0f24f3-81bb-11e9-ad39-00ff13372156', 'A1:10:de17f5c4-7d3d-11e9-baed-1adfe5f2fe72', NULL, '5a0f24f3-81bb-11e9-ad39-00ff13372156', 'sid-4CD14D03-5732-43E4-9A4C-5ACBEDE2064B', 1, 0, 0, 0, 0, 1, NULL, '', NULL, NULL, '2019-05-29 10:42:08.153', NULL, NULL, 1, 0, 1, 0, 0, 0, 0, 0, 0, NULL, NULL);
INSERT INTO `act_ru_execution` VALUES ('7687941b-7d3b-11e9-baed-1adfe5f2fe72', 1, '7687941b-7d3b-11e9-baed-1adfe5f2fe72', NULL, NULL, 'A1:7:6cb2cb3a-7d3b-11e9-baed-1adfe5f2fe72', NULL, '7687941b-7d3b-11e9-baed-1adfe5f2fe72', NULL, 1, 0, 1, 0, 0, 1, NULL, '', NULL, 'startEvent1', '2019-05-23 17:16:35.665', NULL, NULL, 1, 0, 0, 0, 0, 0, 0, 0, 0, NULL, NULL);
INSERT INTO `act_ru_execution` VALUES ('7687941c-7d3b-11e9-baed-1adfe5f2fe72', 1, '7687941b-7d3b-11e9-baed-1adfe5f2fe72', NULL, '7687941b-7d3b-11e9-baed-1adfe5f2fe72', 'A1:7:6cb2cb3a-7d3b-11e9-baed-1adfe5f2fe72', NULL, '7687941b-7d3b-11e9-baed-1adfe5f2fe72', 'sid-4CD14D03-5732-43E4-9A4C-5ACBEDE2064B', 1, 0, 0, 0, 0, 1, NULL, '', NULL, NULL, '2019-05-23 17:16:35.665', NULL, NULL, 1, 0, 1, 0, 0, 0, 0, 0, 0, NULL, NULL);
INSERT INTO `act_ru_execution` VALUES ('ea555a35-7d3d-11e9-baed-1adfe5f2fe72', 1, 'ea555a35-7d3d-11e9-baed-1adfe5f2fe72', NULL, NULL, 'A1:10:de17f5c4-7d3d-11e9-baed-1adfe5f2fe72', NULL, 'ea555a35-7d3d-11e9-baed-1adfe5f2fe72', NULL, 1, 0, 1, 0, 0, 1, NULL, '', NULL, 'startEvent1', '2019-05-23 17:34:08.945', NULL, NULL, 1, 0, 0, 0, 0, 0, 0, 0, 0, NULL, NULL);
INSERT INTO `act_ru_execution` VALUES ('ea555a36-7d3d-11e9-baed-1adfe5f2fe72', 1, 'ea555a35-7d3d-11e9-baed-1adfe5f2fe72', NULL, 'ea555a35-7d3d-11e9-baed-1adfe5f2fe72', 'A1:10:de17f5c4-7d3d-11e9-baed-1adfe5f2fe72', NULL, 'ea555a35-7d3d-11e9-baed-1adfe5f2fe72', 'sid-4CD14D03-5732-43E4-9A4C-5ACBEDE2064B', 1, 0, 0, 0, 0, 1, NULL, '', NULL, NULL, '2019-05-23 17:34:08.945', NULL, NULL, 1, 0, 1, 0, 0, 0, 0, 0, 0, NULL, NULL);
COMMIT;

-- ----------------------------
-- Table structure for act_ru_history_job
-- ----------------------------
DROP TABLE IF EXISTS `act_ru_history_job`;
CREATE TABLE `act_ru_history_job` (
  `ID_` varchar(64) COLLATE utf8_bin NOT NULL,
  `REV_` int(11) DEFAULT NULL,
  `LOCK_EXP_TIME_` timestamp(3) NULL DEFAULT NULL,
  `LOCK_OWNER_` varchar(255) COLLATE utf8_bin DEFAULT NULL,
  `RETRIES_` int(11) DEFAULT NULL,
  `EXCEPTION_STACK_ID_` varchar(64) COLLATE utf8_bin DEFAULT NULL,
  `EXCEPTION_MSG_` varchar(4000) COLLATE utf8_bin DEFAULT NULL,
  `HANDLER_TYPE_` varchar(255) COLLATE utf8_bin DEFAULT NULL,
  `HANDLER_CFG_` varchar(4000) COLLATE utf8_bin DEFAULT NULL,
  `CUSTOM_VALUES_ID_` varchar(64) COLLATE utf8_bin DEFAULT NULL,
  `ADV_HANDLER_CFG_ID_` varchar(64) COLLATE utf8_bin DEFAULT NULL,
  `CREATE_TIME_` timestamp(3) NULL DEFAULT NULL,
  `SCOPE_TYPE_` varchar(255) COLLATE utf8_bin DEFAULT NULL,
  `TENANT_ID_` varchar(255) COLLATE utf8_bin DEFAULT '',
  PRIMARY KEY (`ID_`)
) ENGINE=InnoDB DEFAULT CHARSET=utf8 COLLATE=utf8_bin;

-- ----------------------------
-- Table structure for act_ru_identitylink
-- ----------------------------
DROP TABLE IF EXISTS `act_ru_identitylink`;
CREATE TABLE `act_ru_identitylink` (
  `ID_` varchar(64) COLLATE utf8_bin NOT NULL,
  `REV_` int(11) DEFAULT NULL,
  `GROUP_ID_` varchar(255) COLLATE utf8_bin DEFAULT NULL,
  `TYPE_` varchar(255) COLLATE utf8_bin DEFAULT NULL,
  `USER_ID_` varchar(255) COLLATE utf8_bin DEFAULT NULL,
  `TASK_ID_` varchar(64) COLLATE utf8_bin DEFAULT NULL,
  `PROC_INST_ID_` varchar(64) COLLATE utf8_bin DEFAULT NULL,
  `PROC_DEF_ID_` varchar(64) COLLATE utf8_bin DEFAULT NULL,
  `SCOPE_ID_` varchar(255) COLLATE utf8_bin DEFAULT NULL,
  `SCOPE_TYPE_` varchar(255) COLLATE utf8_bin DEFAULT NULL,
  `SCOPE_DEFINITION_ID_` varchar(255) COLLATE utf8_bin DEFAULT NULL,
  PRIMARY KEY (`ID_`),
  KEY `ACT_IDX_IDENT_LNK_USER` (`USER_ID_`),
  KEY `ACT_IDX_IDENT_LNK_GROUP` (`GROUP_ID_`),
  KEY `ACT_IDX_IDENT_LNK_SCOPE` (`SCOPE_ID_`,`SCOPE_TYPE_`),
  KEY `ACT_IDX_IDENT_LNK_SCOPE_DEF` (`SCOPE_DEFINITION_ID_`,`SCOPE_TYPE_`),
  KEY `ACT_IDX_ATHRZ_PROCEDEF` (`PROC_DEF_ID_`),
  KEY `ACT_FK_TSKASS_TASK` (`TASK_ID_`),
  KEY `ACT_FK_IDL_PROCINST` (`PROC_INST_ID_`),
  CONSTRAINT `ACT_FK_ATHRZ_PROCEDEF` FOREIGN KEY (`PROC_DEF_ID_`) REFERENCES `act_re_procdef` (`ID_`),
  CONSTRAINT `ACT_FK_IDL_PROCINST` FOREIGN KEY (`PROC_INST_ID_`) REFERENCES `act_ru_execution` (`ID_`),
  CONSTRAINT `ACT_FK_TSKASS_TASK` FOREIGN KEY (`TASK_ID_`) REFERENCES `act_ru_task` (`ID_`)
) ENGINE=InnoDB DEFAULT CHARSET=utf8 COLLATE=utf8_bin;

-- ----------------------------
-- Records of act_ru_identitylink
-- ----------------------------
BEGIN;
INSERT INTO `act_ru_identitylink` VALUES ('17e51690-7d3c-11e9-baed-1adfe5f2fe72', 1, NULL, 'participant', 'yanghuimin', NULL, '17e4c86a-7d3c-11e9-baed-1adfe5f2fe72', NULL, NULL, NULL, NULL);
INSERT INTO `act_ru_identitylink` VALUES ('4957d966-7d3a-11e9-baed-1adfe5f2fe72', 1, NULL, 'participant', '1067246875800000001', NULL, '4957b250-7d3a-11e9-baed-1adfe5f2fe72', NULL, NULL, NULL, NULL);
INSERT INTO `act_ru_identitylink` VALUES ('5a280429-81bb-11e9-ad39-00ff13372156', 1, NULL, 'participant', 'admin', NULL, '5a0f24f3-81bb-11e9-ad39-00ff13372156', NULL, NULL, NULL, NULL);
INSERT INTO `act_ru_identitylink` VALUES ('7687e241-7d3b-11e9-baed-1adfe5f2fe72', 1, NULL, 'participant', '1067246875800000001', NULL, '7687941b-7d3b-11e9-baed-1adfe5f2fe72', NULL, NULL, NULL, NULL);
INSERT INTO `act_ru_identitylink` VALUES ('ea55a85b-7d3d-11e9-baed-1adfe5f2fe72', 1, NULL, 'participant', 'admin', NULL, 'ea555a35-7d3d-11e9-baed-1adfe5f2fe72', NULL, NULL, NULL, NULL);
COMMIT;

-- ----------------------------
-- Table structure for act_ru_job
-- ----------------------------
DROP TABLE IF EXISTS `act_ru_job`;
CREATE TABLE `act_ru_job` (
  `ID_` varchar(64) COLLATE utf8_bin NOT NULL,
  `REV_` int(11) DEFAULT NULL,
  `TYPE_` varchar(255) COLLATE utf8_bin NOT NULL,
  `LOCK_EXP_TIME_` timestamp(3) NULL DEFAULT NULL,
  `LOCK_OWNER_` varchar(255) COLLATE utf8_bin DEFAULT NULL,
  `EXCLUSIVE_` tinyint(1) DEFAULT NULL,
  `EXECUTION_ID_` varchar(64) COLLATE utf8_bin DEFAULT NULL,
  `PROCESS_INSTANCE_ID_` varchar(64) COLLATE utf8_bin DEFAULT NULL,
  `PROC_DEF_ID_` varchar(64) COLLATE utf8_bin DEFAULT NULL,
  `SCOPE_ID_` varchar(255) COLLATE utf8_bin DEFAULT NULL,
  `SUB_SCOPE_ID_` varchar(255) COLLATE utf8_bin DEFAULT NULL,
  `SCOPE_TYPE_` varchar(255) COLLATE utf8_bin DEFAULT NULL,
  `SCOPE_DEFINITION_ID_` varchar(255) COLLATE utf8_bin DEFAULT NULL,
  `RETRIES_` int(11) DEFAULT NULL,
  `EXCEPTION_STACK_ID_` varchar(64) COLLATE utf8_bin DEFAULT NULL,
  `EXCEPTION_MSG_` varchar(4000) COLLATE utf8_bin DEFAULT NULL,
  `DUEDATE_` timestamp(3) NULL DEFAULT NULL,
  `REPEAT_` varchar(255) COLLATE utf8_bin DEFAULT NULL,
  `HANDLER_TYPE_` varchar(255) COLLATE utf8_bin DEFAULT NULL,
  `HANDLER_CFG_` varchar(4000) COLLATE utf8_bin DEFAULT NULL,
  `CUSTOM_VALUES_ID_` varchar(64) COLLATE utf8_bin DEFAULT NULL,
  `CREATE_TIME_` timestamp(3) NULL DEFAULT NULL,
  `TENANT_ID_` varchar(255) COLLATE utf8_bin DEFAULT '',
  PRIMARY KEY (`ID_`),
  KEY `ACT_IDX_JOB_EXCEPTION_STACK_ID` (`EXCEPTION_STACK_ID_`),
  KEY `ACT_IDX_JOB_CUSTOM_VALUES_ID` (`CUSTOM_VALUES_ID_`),
  KEY `ACT_IDX_JOB_SCOPE` (`SCOPE_ID_`,`SCOPE_TYPE_`),
  KEY `ACT_IDX_JOB_SUB_SCOPE` (`SUB_SCOPE_ID_`,`SCOPE_TYPE_`),
  KEY `ACT_IDX_JOB_SCOPE_DEF` (`SCOPE_DEFINITION_ID_`,`SCOPE_TYPE_`),
  KEY `ACT_FK_JOB_EXECUTION` (`EXECUTION_ID_`),
  KEY `ACT_FK_JOB_PROCESS_INSTANCE` (`PROCESS_INSTANCE_ID_`),
  KEY `ACT_FK_JOB_PROC_DEF` (`PROC_DEF_ID_`),
  CONSTRAINT `ACT_FK_JOB_CUSTOM_VALUES` FOREIGN KEY (`CUSTOM_VALUES_ID_`) REFERENCES `act_ge_bytearray` (`ID_`),
  CONSTRAINT `ACT_FK_JOB_EXCEPTION` FOREIGN KEY (`EXCEPTION_STACK_ID_`) REFERENCES `act_ge_bytearray` (`ID_`),
  CONSTRAINT `ACT_FK_JOB_EXECUTION` FOREIGN KEY (`EXECUTION_ID_`) REFERENCES `act_ru_execution` (`ID_`),
  CONSTRAINT `ACT_FK_JOB_PROCESS_INSTANCE` FOREIGN KEY (`PROCESS_INSTANCE_ID_`) REFERENCES `act_ru_execution` (`ID_`),
  CONSTRAINT `ACT_FK_JOB_PROC_DEF` FOREIGN KEY (`PROC_DEF_ID_`) REFERENCES `act_re_procdef` (`ID_`)
) ENGINE=InnoDB DEFAULT CHARSET=utf8 COLLATE=utf8_bin;

-- ----------------------------
-- Table structure for act_ru_suspended_job
-- ----------------------------
DROP TABLE IF EXISTS `act_ru_suspended_job`;
CREATE TABLE `act_ru_suspended_job` (
  `ID_` varchar(64) COLLATE utf8_bin NOT NULL,
  `REV_` int(11) DEFAULT NULL,
  `TYPE_` varchar(255) COLLATE utf8_bin NOT NULL,
  `EXCLUSIVE_` tinyint(1) DEFAULT NULL,
  `EXECUTION_ID_` varchar(64) COLLATE utf8_bin DEFAULT NULL,
  `PROCESS_INSTANCE_ID_` varchar(64) COLLATE utf8_bin DEFAULT NULL,
  `PROC_DEF_ID_` varchar(64) COLLATE utf8_bin DEFAULT NULL,
  `SCOPE_ID_` varchar(255) COLLATE utf8_bin DEFAULT NULL,
  `SUB_SCOPE_ID_` varchar(255) COLLATE utf8_bin DEFAULT NULL,
  `SCOPE_TYPE_` varchar(255) COLLATE utf8_bin DEFAULT NULL,
  `SCOPE_DEFINITION_ID_` varchar(255) COLLATE utf8_bin DEFAULT NULL,
  `RETRIES_` int(11) DEFAULT NULL,
  `EXCEPTION_STACK_ID_` varchar(64) COLLATE utf8_bin DEFAULT NULL,
  `EXCEPTION_MSG_` varchar(4000) COLLATE utf8_bin DEFAULT NULL,
  `DUEDATE_` timestamp(3) NULL DEFAULT NULL,
  `REPEAT_` varchar(255) COLLATE utf8_bin DEFAULT NULL,
  `HANDLER_TYPE_` varchar(255) COLLATE utf8_bin DEFAULT NULL,
  `HANDLER_CFG_` varchar(4000) COLLATE utf8_bin DEFAULT NULL,
  `CUSTOM_VALUES_ID_` varchar(64) COLLATE utf8_bin DEFAULT NULL,
  `CREATE_TIME_` timestamp(3) NULL DEFAULT NULL,
  `TENANT_ID_` varchar(255) COLLATE utf8_bin DEFAULT '',
  PRIMARY KEY (`ID_`),
  KEY `ACT_IDX_SUSPENDED_JOB_EXCEPTION_STACK_ID` (`EXCEPTION_STACK_ID_`),
  KEY `ACT_IDX_SUSPENDED_JOB_CUSTOM_VALUES_ID` (`CUSTOM_VALUES_ID_`),
  KEY `ACT_IDX_SJOB_SCOPE` (`SCOPE_ID_`,`SCOPE_TYPE_`),
  KEY `ACT_IDX_SJOB_SUB_SCOPE` (`SUB_SCOPE_ID_`,`SCOPE_TYPE_`),
  KEY `ACT_IDX_SJOB_SCOPE_DEF` (`SCOPE_DEFINITION_ID_`,`SCOPE_TYPE_`),
  KEY `ACT_FK_SUSPENDED_JOB_EXECUTION` (`EXECUTION_ID_`),
  KEY `ACT_FK_SUSPENDED_JOB_PROCESS_INSTANCE` (`PROCESS_INSTANCE_ID_`),
  KEY `ACT_FK_SUSPENDED_JOB_PROC_DEF` (`PROC_DEF_ID_`),
  CONSTRAINT `ACT_FK_SUSPENDED_JOB_CUSTOM_VALUES` FOREIGN KEY (`CUSTOM_VALUES_ID_`) REFERENCES `act_ge_bytearray` (`ID_`),
  CONSTRAINT `ACT_FK_SUSPENDED_JOB_EXCEPTION` FOREIGN KEY (`EXCEPTION_STACK_ID_`) REFERENCES `act_ge_bytearray` (`ID_`),
  CONSTRAINT `ACT_FK_SUSPENDED_JOB_EXECUTION` FOREIGN KEY (`EXECUTION_ID_`) REFERENCES `act_ru_execution` (`ID_`),
  CONSTRAINT `ACT_FK_SUSPENDED_JOB_PROCESS_INSTANCE` FOREIGN KEY (`PROCESS_INSTANCE_ID_`) REFERENCES `act_ru_execution` (`ID_`),
  CONSTRAINT `ACT_FK_SUSPENDED_JOB_PROC_DEF` FOREIGN KEY (`PROC_DEF_ID_`) REFERENCES `act_re_procdef` (`ID_`)
) ENGINE=InnoDB DEFAULT CHARSET=utf8 COLLATE=utf8_bin;

-- ----------------------------
-- Table structure for act_ru_task
-- ----------------------------
DROP TABLE IF EXISTS `act_ru_task`;
CREATE TABLE `act_ru_task` (
  `ID_` varchar(64) COLLATE utf8_bin NOT NULL,
  `REV_` int(11) DEFAULT NULL,
  `EXECUTION_ID_` varchar(64) COLLATE utf8_bin DEFAULT NULL,
  `PROC_INST_ID_` varchar(64) COLLATE utf8_bin DEFAULT NULL,
  `PROC_DEF_ID_` varchar(64) COLLATE utf8_bin DEFAULT NULL,
  `TASK_DEF_ID_` varchar(64) COLLATE utf8_bin DEFAULT NULL,
  `SCOPE_ID_` varchar(255) COLLATE utf8_bin DEFAULT NULL,
  `SUB_SCOPE_ID_` varchar(255) COLLATE utf8_bin DEFAULT NULL,
  `SCOPE_TYPE_` varchar(255) COLLATE utf8_bin DEFAULT NULL,
  `SCOPE_DEFINITION_ID_` varchar(255) COLLATE utf8_bin DEFAULT NULL,
  `NAME_` varchar(255) COLLATE utf8_bin DEFAULT NULL,
  `PARENT_TASK_ID_` varchar(64) COLLATE utf8_bin DEFAULT NULL,
  `DESCRIPTION_` varchar(4000) COLLATE utf8_bin DEFAULT NULL,
  `TASK_DEF_KEY_` varchar(255) COLLATE utf8_bin DEFAULT NULL,
  `OWNER_` varchar(255) COLLATE utf8_bin DEFAULT NULL,
  `ASSIGNEE_` varchar(255) COLLATE utf8_bin DEFAULT NULL,
  `DELEGATION_` varchar(64) COLLATE utf8_bin DEFAULT NULL,
  `PRIORITY_` int(11) DEFAULT NULL,
  `CREATE_TIME_` timestamp(3) NULL DEFAULT NULL,
  `DUE_DATE_` datetime(3) DEFAULT NULL,
  `CATEGORY_` varchar(255) COLLATE utf8_bin DEFAULT NULL,
  `SUSPENSION_STATE_` int(11) DEFAULT NULL,
  `TENANT_ID_` varchar(255) COLLATE utf8_bin DEFAULT '',
  `FORM_KEY_` varchar(255) COLLATE utf8_bin DEFAULT NULL,
  `CLAIM_TIME_` datetime(3) DEFAULT NULL,
  `IS_COUNT_ENABLED_` tinyint(4) DEFAULT NULL,
  `VAR_COUNT_` int(11) DEFAULT NULL,
  `ID_LINK_COUNT_` int(11) DEFAULT NULL,
  `SUB_TASK_COUNT_` int(11) DEFAULT NULL,
  PRIMARY KEY (`ID_`),
  KEY `ACT_IDX_TASK_CREATE` (`CREATE_TIME_`),
  KEY `ACT_IDX_TASK_SCOPE` (`SCOPE_ID_`,`SCOPE_TYPE_`),
  KEY `ACT_IDX_TASK_SUB_SCOPE` (`SUB_SCOPE_ID_`,`SCOPE_TYPE_`),
  KEY `ACT_IDX_TASK_SCOPE_DEF` (`SCOPE_DEFINITION_ID_`,`SCOPE_TYPE_`),
  KEY `ACT_FK_TASK_EXE` (`EXECUTION_ID_`),
  KEY `ACT_FK_TASK_PROCINST` (`PROC_INST_ID_`),
  KEY `ACT_FK_TASK_PROCDEF` (`PROC_DEF_ID_`),
  CONSTRAINT `ACT_FK_TASK_EXE` FOREIGN KEY (`EXECUTION_ID_`) REFERENCES `act_ru_execution` (`ID_`),
  CONSTRAINT `ACT_FK_TASK_PROCDEF` FOREIGN KEY (`PROC_DEF_ID_`) REFERENCES `act_re_procdef` (`ID_`),
  CONSTRAINT `ACT_FK_TASK_PROCINST` FOREIGN KEY (`PROC_INST_ID_`) REFERENCES `act_ru_execution` (`ID_`)
) ENGINE=InnoDB DEFAULT CHARSET=utf8 COLLATE=utf8_bin;

-- ----------------------------
-- Records of act_ru_task
-- ----------------------------
BEGIN;
INSERT INTO `act_ru_task` VALUES ('17e4ef7e-7d3c-11e9-baed-1adfe5f2fe72', 1, '17e4c86b-7d3c-11e9-baed-1adfe5f2fe72', '17e4c86a-7d3c-11e9-baed-1adfe5f2fe72', 'A1:9:12746b19-7d3c-11e9-baed-1adfe5f2fe72', NULL, NULL, NULL, NULL, NULL, '组长审批', NULL, NULL, 'sid-4CD14D03-5732-43E4-9A4C-5ACBEDE2064B', NULL, 'yanghuimin', NULL, 50, '2019-05-23 17:21:06.390', NULL, NULL, 1, '', NULL, NULL, 1, 0, 0, 0);
INSERT INTO `act_ru_task` VALUES ('4957d964-7d3a-11e9-baed-1adfe5f2fe72', 1, '4957b251-7d3a-11e9-baed-1adfe5f2fe72', '4957b250-7d3a-11e9-baed-1adfe5f2fe72', 'A1:6:95313b28-7d39-11e9-baed-1adfe5f2fe72', NULL, NULL, NULL, NULL, NULL, '组长审批', NULL, NULL, 'sid-4CD14D03-5732-43E4-9A4C-5ACBEDE2064B', NULL, '1067246875800000001', NULL, 50, '2019-05-23 17:08:10.358', NULL, NULL, 1, '', NULL, NULL, 1, 0, 0, 0);
INSERT INTO `act_ru_task` VALUES ('5a26f2b7-81bb-11e9-ad39-00ff13372156', 1, '5a128054-81bb-11e9-ad39-00ff13372156', '5a0f24f3-81bb-11e9-ad39-00ff13372156', 'A1:10:de17f5c4-7d3d-11e9-baed-1adfe5f2fe72', NULL, NULL, NULL, NULL, NULL, '组长审批', NULL, NULL, 'sid-4CD14D03-5732-43E4-9A4C-5ACBEDE2064B', NULL, 'admin', NULL, 50, '2019-05-29 10:42:08.200', NULL, NULL, 1, '', NULL, NULL, 1, 0, 0, 0);
INSERT INTO `act_ru_task` VALUES ('7687bb2f-7d3b-11e9-baed-1adfe5f2fe72', 1, '7687941c-7d3b-11e9-baed-1adfe5f2fe72', '7687941b-7d3b-11e9-baed-1adfe5f2fe72', 'A1:7:6cb2cb3a-7d3b-11e9-baed-1adfe5f2fe72', NULL, NULL, NULL, NULL, NULL, '组长审批', NULL, NULL, 'sid-4CD14D03-5732-43E4-9A4C-5ACBEDE2064B', NULL, '1067246875800000001', NULL, 50, '2019-05-23 17:16:35.666', NULL, NULL, 1, '', NULL, NULL, 1, 0, 0, 0);
INSERT INTO `act_ru_task` VALUES ('ea558149-7d3d-11e9-baed-1adfe5f2fe72', 1, 'ea555a36-7d3d-11e9-baed-1adfe5f2fe72', 'ea555a35-7d3d-11e9-baed-1adfe5f2fe72', 'A1:10:de17f5c4-7d3d-11e9-baed-1adfe5f2fe72', NULL, NULL, NULL, NULL, NULL, '组长审批', NULL, NULL, 'sid-4CD14D03-5732-43E4-9A4C-5ACBEDE2064B', NULL, 'admin', NULL, 50, '2019-05-23 17:34:08.946', NULL, NULL, 1, '', NULL, NULL, 1, 0, 0, 0);
COMMIT;

-- ----------------------------
-- Table structure for act_ru_timer_job
-- ----------------------------
DROP TABLE IF EXISTS `act_ru_timer_job`;
CREATE TABLE `act_ru_timer_job` (
  `ID_` varchar(64) COLLATE utf8_bin NOT NULL,
  `REV_` int(11) DEFAULT NULL,
  `TYPE_` varchar(255) COLLATE utf8_bin NOT NULL,
  `LOCK_EXP_TIME_` timestamp(3) NULL DEFAULT NULL,
  `LOCK_OWNER_` varchar(255) COLLATE utf8_bin DEFAULT NULL,
  `EXCLUSIVE_` tinyint(1) DEFAULT NULL,
  `EXECUTION_ID_` varchar(64) COLLATE utf8_bin DEFAULT NULL,
  `PROCESS_INSTANCE_ID_` varchar(64) COLLATE utf8_bin DEFAULT NULL,
  `PROC_DEF_ID_` varchar(64) COLLATE utf8_bin DEFAULT NULL,
  `SCOPE_ID_` varchar(255) COLLATE utf8_bin DEFAULT NULL,
  `SUB_SCOPE_ID_` varchar(255) COLLATE utf8_bin DEFAULT NULL,
  `SCOPE_TYPE_` varchar(255) COLLATE utf8_bin DEFAULT NULL,
  `SCOPE_DEFINITION_ID_` varchar(255) COLLATE utf8_bin DEFAULT NULL,
  `RETRIES_` int(11) DEFAULT NULL,
  `EXCEPTION_STACK_ID_` varchar(64) COLLATE utf8_bin DEFAULT NULL,
  `EXCEPTION_MSG_` varchar(4000) COLLATE utf8_bin DEFAULT NULL,
  `DUEDATE_` timestamp(3) NULL DEFAULT NULL,
  `REPEAT_` varchar(255) COLLATE utf8_bin DEFAULT NULL,
  `HANDLER_TYPE_` varchar(255) COLLATE utf8_bin DEFAULT NULL,
  `HANDLER_CFG_` varchar(4000) COLLATE utf8_bin DEFAULT NULL,
  `CUSTOM_VALUES_ID_` varchar(64) COLLATE utf8_bin DEFAULT NULL,
  `CREATE_TIME_` timestamp(3) NULL DEFAULT NULL,
  `TENANT_ID_` varchar(255) COLLATE utf8_bin DEFAULT '',
  PRIMARY KEY (`ID_`),
  KEY `ACT_IDX_TIMER_JOB_EXCEPTION_STACK_ID` (`EXCEPTION_STACK_ID_`),
  KEY `ACT_IDX_TIMER_JOB_CUSTOM_VALUES_ID` (`CUSTOM_VALUES_ID_`),
  KEY `ACT_IDX_TJOB_SCOPE` (`SCOPE_ID_`,`SCOPE_TYPE_`),
  KEY `ACT_IDX_TJOB_SUB_SCOPE` (`SUB_SCOPE_ID_`,`SCOPE_TYPE_`),
  KEY `ACT_IDX_TJOB_SCOPE_DEF` (`SCOPE_DEFINITION_ID_`,`SCOPE_TYPE_`),
  KEY `ACT_FK_TIMER_JOB_EXECUTION` (`EXECUTION_ID_`),
  KEY `ACT_FK_TIMER_JOB_PROCESS_INSTANCE` (`PROCESS_INSTANCE_ID_`),
  KEY `ACT_FK_TIMER_JOB_PROC_DEF` (`PROC_DEF_ID_`),
  CONSTRAINT `ACT_FK_TIMER_JOB_CUSTOM_VALUES` FOREIGN KEY (`CUSTOM_VALUES_ID_`) REFERENCES `act_ge_bytearray` (`ID_`),
  CONSTRAINT `ACT_FK_TIMER_JOB_EXCEPTION` FOREIGN KEY (`EXCEPTION_STACK_ID_`) REFERENCES `act_ge_bytearray` (`ID_`),
  CONSTRAINT `ACT_FK_TIMER_JOB_EXECUTION` FOREIGN KEY (`EXECUTION_ID_`) REFERENCES `act_ru_execution` (`ID_`),
  CONSTRAINT `ACT_FK_TIMER_JOB_PROCESS_INSTANCE` FOREIGN KEY (`PROCESS_INSTANCE_ID_`) REFERENCES `act_ru_execution` (`ID_`),
  CONSTRAINT `ACT_FK_TIMER_JOB_PROC_DEF` FOREIGN KEY (`PROC_DEF_ID_`) REFERENCES `act_re_procdef` (`ID_`)
) ENGINE=InnoDB DEFAULT CHARSET=utf8 COLLATE=utf8_bin;

-- ----------------------------
-- Table structure for act_ru_variable
-- ----------------------------
DROP TABLE IF EXISTS `act_ru_variable`;
CREATE TABLE `act_ru_variable` (
  `ID_` varchar(64) COLLATE utf8_bin NOT NULL,
  `REV_` int(11) DEFAULT NULL,
  `TYPE_` varchar(255) COLLATE utf8_bin NOT NULL,
  `NAME_` varchar(255) COLLATE utf8_bin NOT NULL,
  `EXECUTION_ID_` varchar(64) COLLATE utf8_bin DEFAULT NULL,
  `PROC_INST_ID_` varchar(64) COLLATE utf8_bin DEFAULT NULL,
  `TASK_ID_` varchar(64) COLLATE utf8_bin DEFAULT NULL,
  `SCOPE_ID_` varchar(255) COLLATE utf8_bin DEFAULT NULL,
  `SUB_SCOPE_ID_` varchar(255) COLLATE utf8_bin DEFAULT NULL,
  `SCOPE_TYPE_` varchar(255) COLLATE utf8_bin DEFAULT NULL,
  `BYTEARRAY_ID_` varchar(64) COLLATE utf8_bin DEFAULT NULL,
  `DOUBLE_` double DEFAULT NULL,
  `LONG_` bigint(20) DEFAULT NULL,
  `TEXT_` varchar(4000) COLLATE utf8_bin DEFAULT NULL,
  `TEXT2_` varchar(4000) COLLATE utf8_bin DEFAULT NULL,
  PRIMARY KEY (`ID_`),
  KEY `ACT_IDX_RU_VAR_SCOPE_ID_TYPE` (`SCOPE_ID_`,`SCOPE_TYPE_`),
  KEY `ACT_IDX_RU_VAR_SUB_ID_TYPE` (`SUB_SCOPE_ID_`,`SCOPE_TYPE_`),
  KEY `ACT_FK_VAR_BYTEARRAY` (`BYTEARRAY_ID_`),
  KEY `ACT_IDX_VARIABLE_TASK_ID` (`TASK_ID_`),
  KEY `ACT_FK_VAR_EXE` (`EXECUTION_ID_`),
  KEY `ACT_FK_VAR_PROCINST` (`PROC_INST_ID_`),
  CONSTRAINT `ACT_FK_VAR_BYTEARRAY` FOREIGN KEY (`BYTEARRAY_ID_`) REFERENCES `act_ge_bytearray` (`ID_`),
  CONSTRAINT `ACT_FK_VAR_EXE` FOREIGN KEY (`EXECUTION_ID_`) REFERENCES `act_ru_execution` (`ID_`),
  CONSTRAINT `ACT_FK_VAR_PROCINST` FOREIGN KEY (`PROC_INST_ID_`) REFERENCES `act_ru_execution` (`ID_`)
) ENGINE=InnoDB DEFAULT CHARSET=utf8 COLLATE=utf8_bin;

-- ----------------------------
-- Table structure for bpm_agent
-- ----------------------------
DROP TABLE IF EXISTS `bpm_agent`;
CREATE TABLE `bpm_agent` (
  `id` bigint(20) NOT NULL COMMENT 'id',
  `form_id` bigint(20) NOT NULL COMMENT '表单id',
  `user_id` bigint(20) NOT NULL COMMENT '用户id',
  `agent_id` bigint(20) NOT NULL COMMENT '代理人id',
  `start_date` datetime DEFAULT NULL COMMENT '开始时间',
  `end_date` datetime DEFAULT NULL COMMENT '截止时间',
  `remark` varchar(200) CHARACTER SET utf8mb4 DEFAULT NULL COMMENT '备注信息',
  `creator` varchar(64) DEFAULT NULL COMMENT '创建者',
  `create_date` datetime DEFAULT NULL COMMENT '创建时间',
  PRIMARY KEY (`id`)
) ENGINE=InnoDB DEFAULT CHARSET=utf8;

-- ----------------------------
-- Table structure for bpm_form_def
-- ----------------------------
DROP TABLE IF EXISTS `bpm_form_def`;
CREATE TABLE `bpm_form_def` (
  `id` bigint(20) NOT NULL COMMENT 'id',
  `name` varchar(50) NOT NULL COMMENT '表单名称',
  `type` varchar(100) DEFAULT NULL COMMENT '表单类型',
  `menu_Id` varchar(64) DEFAULT NULL COMMENT '菜单id',
  `url` varchar(200) DEFAULT NULL COMMENT '表单URL',
  `proc_key` varchar(255) CHARACTER SET utf8 COLLATE utf8_bin NOT NULL COMMENT '流程key',
  `proc_name` varchar(255) CHARACTER SET utf8 COLLATE utf8_bin DEFAULT NULL COMMENT '流程名称',
  `sort` int(10) unsigned DEFAULT NULL COMMENT '排序',
  `remark` varchar(200) CHARACTER SET utf8mb4 DEFAULT NULL COMMENT '备注信息',
  `creator` varchar(64) DEFAULT NULL COMMENT '创建者',
  `create_date` datetime DEFAULT NULL COMMENT '创建时间',
  `updater` varchar(64) DEFAULT NULL COMMENT '更新者',
  `update_date` datetime DEFAULT NULL COMMENT '更新时间',
  PRIMARY KEY (`id`) USING BTREE
) ENGINE=InnoDB DEFAULT CHARSET=utf8;

-- ----------------------------
-- Table structure for bpm_form_leave
-- ----------------------------
DROP TABLE IF EXISTS `bpm_form_leave`;
CREATE TABLE `bpm_form_leave` (
  `id` bigint(20) NOT NULL COMMENT 'id',
  `remark` varchar(50) NOT NULL COMMENT '备注',
  `status` tinyint(4) DEFAULT NULL COMMENT '状态  0：停用   1：正常',
  `creator` varchar(64) DEFAULT NULL COMMENT '创建者',
  `create_date` datetime DEFAULT NULL COMMENT '创建时间',
  `updater` varchar(64) DEFAULT NULL COMMENT '更新者',
  `update_date` datetime DEFAULT NULL COMMENT '更新时间',
  PRIMARY KEY (`id`) USING BTREE
) ENGINE=InnoDB DEFAULT CHARSET=utf8 COMMENT='请假申请表';

-- ----------------------------
-- Table structure for bpm_proc_biz
-- ----------------------------
DROP TABLE IF EXISTS `bpm_proc_biz`;
CREATE TABLE `bpm_proc_biz` (
  `id` bigint(20) NOT NULL COMMENT 'id',
  `form_id` bigint(20) NOT NULL COMMENT '表单id',
  `table_code` varchar(256) DEFAULT NULL COMMENT '表代码',
  `biz_id` bigint(20) NOT NULL COMMENT '业务id',
  `proc_ins_id` varchar(255) CHARACTER SET utf8 COLLATE utf8_bin DEFAULT NULL COMMENT '流程id',
  `remark` varchar(200) CHARACTER SET utf8mb4 DEFAULT NULL COMMENT '备注信息',
  `status` tinyint(4) NOT NULL DEFAULT '1' COMMENT '0草稿，1启动运行中，2结束',
  `status_time` datetime DEFAULT NULL COMMENT '状态产生时间',
  `creator` varchar(64) DEFAULT NULL COMMENT '创建者',
  `create_date` datetime DEFAULT NULL COMMENT '创建时间',
  `updater` varchar(64) DEFAULT NULL COMMENT '更新者',
  `update_date` datetime DEFAULT NULL COMMENT '更新时间',
  PRIMARY KEY (`id`),
  UNIQUE KEY `uq_bpm_biz_id` (`biz_id`) USING BTREE COMMENT '业务id唯一索引'
) ENGINE=InnoDB DEFAULT CHARSET=utf8;

-- ----------------------------
-- Table structure for mdm_company
-- ----------------------------
DROP TABLE IF EXISTS `mdm_company`;
CREATE TABLE `mdm_company` (
  `id` bigint(20) NOT NULL AUTO_INCREMENT,
  `company_code` varchar(64) NOT NULL COMMENT '公司编码',
  `company_name` varchar(64) DEFAULT NULL COMMENT '公司名称',
  `linkman` varchar(64) DEFAULT NULL COMMENT '联系人',
  `linkman_phone` varchar(64) DEFAULT NULL COMMENT '联系电话',
  `linkman_mobile` varchar(64) DEFAULT NULL COMMENT '联系人手机',
  `address` varchar(500) DEFAULT NULL COMMENT '地址',
  `PARENT_CODE` varchar(64) DEFAULT NULL COMMENT '父级编号',
  `PARENT_NAME` varchar(64) DEFAULT NULL COMMENT '上级名称',
  `PARENT_CODES` varchar(2000) DEFAULT NULL COMMENT '所有父级编号，使用,分割',
  `GROUP_CODE` varchar(256) DEFAULT NULL COMMENT '集团代码',
  `GROUP_NAME` varchar(256) DEFAULT NULL COMMENT '集团名称',
  `SORTS` int(11) DEFAULT NULL COMMENT '排序（升序）',
  `HASNEXT` char(1) DEFAULT NULL COMMENT '是否有下级节点',
  `SORT_GRADE` smallint(8) DEFAULT NULL COMMENT '级别',
  `alipay_account_num` varchar(64) DEFAULT NULL COMMENT '支付宝收款账号',
  `alipay_account_name` varchar(64) DEFAULT NULL COMMENT '支付宝收款账号名称',
  `wechat_account_num` varchar(64) DEFAULT NULL COMMENT '微信收款账号',
  `wechat_account_name` varchar(64) DEFAULT NULL COMMENT '微信收款账号名称',
  `merchant` varchar(64) DEFAULT NULL COMMENT '商户号',
  `PRIVATE_KEY` varchar(64) DEFAULT NULL COMMENT '秘钥',
  `store_Id` varchar(64) DEFAULT NULL COMMENT '门店账号',
  `shroff_account_num` varchar(64) DEFAULT NULL COMMENT '收款账号',
  `illustrate` varchar(255) DEFAULT NULL COMMENT '说明',
  `create_date` datetime NOT NULL COMMENT '创建时间',
  `creator` varchar(64) NOT NULL COMMENT '创建人',
  `update_date` datetime NOT NULL COMMENT '更新时间',
  `updater` varchar(64) NOT NULL COMMENT '更新人',
  `remarks` varchar(255) DEFAULT NULL COMMENT '备注',
  `status` char(1) NOT NULL DEFAULT '0' COMMENT '状态',
  PRIMARY KEY (`id`) USING BTREE,
  UNIQUE KEY `UK_company_company_code` (`company_code`) USING BTREE
) ENGINE=InnoDB AUTO_INCREMENT=1129279598576652291 DEFAULT CHARSET=utf8 COMMENT='公司';

-- ----------------------------
-- Records of mdm_company
-- ----------------------------
BEGIN;
INSERT INTO `mdm_company` VALUES (10001, '12050301', '云南弘美', '999', '999', '999', '999', '01', '', '0,', '11', '化妆品版块集团', 1, '0', 2, '201000179032819', '浙江金庄化妆品有限公司', '201000179032819', '浙江金庄化妆品有限公司', '1', '2', '3', NULL, NULL, '2018-07-24 15:46:20', 'xds', '2018-07-24 15:46:24', 'xds', NULL, '0');
INSERT INTO `mdm_company` VALUES (10002, '12050302', '四川弘方', NULL, NULL, NULL, NULL, '01', NULL, '0,', '11', '化妆品版块集团', 1, '0', 2, NULL, NULL, NULL, NULL, NULL, NULL, NULL, NULL, NULL, '2018-07-24 15:46:20', 'xds', '2018-07-24 15:46:24', 'xds', NULL, '0');
INSERT INTO `mdm_company` VALUES (10003, '12050305', '浙江金庄', NULL, NULL, NULL, NULL, '01', NULL, '0,', '11', '化妆品版块集团', 1, '0', 2, NULL, NULL, NULL, NULL, NULL, NULL, NULL, NULL, NULL, '2018-07-24 15:46:20', 'xds', '2018-07-24 15:46:24', 'xds', NULL, '0');
INSERT INTO `mdm_company` VALUES (10008, '01', '青岛金王', NULL, NULL, NULL, NULL, '0', NULL, NULL, '11', '化妆品版块集团', 0, '0', 1, NULL, NULL, NULL, NULL, NULL, NULL, NULL, NULL, NULL, '2018-07-31 17:57:35', 'nc', '2018-08-09 11:12:00', 'nc', NULL, '0');
INSERT INTO `mdm_company` VALUES (10009, '1208021', '浙江金庄化妆品有限公司', '33', '33', '33', 'ffff', '1208', '青岛金王产业链管理有限公司', '0,12050305,', '11', '化妆品版块集团', 2, '0', 3, '1202021719900201236', '浙江金庄化妆品有限公司', '201000179032819', '浙江金庄化妆品有限公司', 'miya', 'nbz9ww27sx4ou6dkr61mf63tth3s6e2d', 'M00607', NULL, NULL, '2018-07-31 18:54:51', 'nc', '2018-09-27 18:20:30', 'nc', NULL, '0');
INSERT INTO `mdm_company` VALUES (10010, '1208', '青岛金王产业链管理有限公司', NULL, NULL, NULL, NULL, '01', NULL, NULL, '11', '化妆品版块集团', NULL, NULL, NULL, NULL, NULL, NULL, NULL, NULL, NULL, NULL, NULL, NULL, '2018-09-12 09:44:31', 'nc', '2018-09-25 15:57:56', 'nc', NULL, '0');
INSERT INTO `mdm_company` VALUES (10014, 'cxl001', '化妆品测试公司', NULL, NULL, NULL, NULL, NULL, NULL, NULL, '11', '化妆品版块集团', NULL, NULL, NULL, NULL, NULL, NULL, NULL, NULL, NULL, NULL, NULL, NULL, '2018-09-13 11:11:55', 'nc', '2018-09-17 11:17:25', 'nc', NULL, '0');
INSERT INTO `mdm_company` VALUES (10015, '120101', '上海月沣化妆品有限公司', NULL, NULL, NULL, NULL, '01', NULL, NULL, '11', '化妆品版块集团', NULL, NULL, NULL, NULL, NULL, NULL, NULL, NULL, NULL, NULL, NULL, NULL, '2018-09-21 16:28:50', 'nc', '2018-09-25 09:43:33', 'nc', NULL, '0');
INSERT INTO `mdm_company` VALUES (10018, '12010106', '上海弘方化妆品有限公司', NULL, NULL, NULL, NULL, '120101', NULL, NULL, '11', '化妆品版块集团', NULL, NULL, NULL, NULL, NULL, NULL, NULL, NULL, NULL, NULL, NULL, NULL, '2018-09-21 16:29:36', 'nc', '2018-09-25 09:43:07', 'nc', NULL, '0');
INSERT INTO `mdm_company` VALUES (10021, '1208022', '浙江金庄化妆品有限公2司', NULL, NULL, NULL, NULL, '12082', NULL, NULL, '12', '化妆品版块集团2', NULL, NULL, NULL, NULL, NULL, NULL, NULL, NULL, NULL, NULL, NULL, NULL, '2018-09-27 17:52:30', 'nc', '2018-09-27 17:52:30', 'nc', NULL, '0');
INSERT INTO `mdm_company` VALUES (1129279598576652290, '32423', '23422', 'fffe', '2333', '444', '333', 'sss', 'dfd', 'dsf', 'sdf', 'sdf', 1, '', NULL, '213', 'fasdsa', 'dsfdsa', 'sdf', '', '', '', 'sdf', 'sdfasdf', '2019-05-17 14:56:52', 'admin', '2019-05-17 14:56:52', 'admin', NULL, '0');
COMMIT;

-- ----------------------------
-- Table structure for schedule_job
-- ----------------------------
DROP TABLE IF EXISTS `schedule_job`;
CREATE TABLE `schedule_job` (
  `id` bigint(20) NOT NULL COMMENT 'id',
  `bean_name` varchar(200) DEFAULT NULL COMMENT 'spring bean名称',
  `params` varchar(2000) DEFAULT NULL COMMENT '参数',
  `cron_expression` varchar(100) DEFAULT NULL COMMENT 'cron表达式',
  `status` tinyint(3) unsigned DEFAULT NULL COMMENT '任务状态  0：暂停  1：正常',
  `remark` varchar(255) DEFAULT NULL COMMENT '备注',
  `creator` bigint(20) DEFAULT NULL COMMENT '创建者',
  `create_date` datetime DEFAULT NULL COMMENT '创建时间',
  `updater` bigint(20) DEFAULT NULL COMMENT '更新者',
  `update_date` datetime DEFAULT NULL COMMENT '更新时间',
  PRIMARY KEY (`id`) USING BTREE,
  KEY `idx_create_date` (`create_date`) USING BTREE
) ENGINE=InnoDB DEFAULT CHARSET=utf8 COMMENT='定时任务';

-- ----------------------------
-- Records of schedule_job
-- ----------------------------
BEGIN;
INSERT INTO `schedule_job` VALUES (1067246875800000076, 'testTask', 'renren', '0 0/30 * * * ?', 0, '有参测试，多个参数使用json', 1067246875800000001, '2019-02-19 08:58:05', 1067246875800000001, '2019-02-19 08:58:05');
COMMIT;

-- ----------------------------
-- Table structure for schedule_job_log
-- ----------------------------
DROP TABLE IF EXISTS `schedule_job_log`;
CREATE TABLE `schedule_job_log` (
  `id` bigint(20) NOT NULL COMMENT 'id',
  `job_id` bigint(20) NOT NULL COMMENT '任务id',
  `bean_name` varchar(200) DEFAULT NULL COMMENT 'spring bean名称',
  `params` varchar(2000) DEFAULT NULL COMMENT '参数',
  `status` tinyint(3) unsigned NOT NULL COMMENT '任务状态    0：失败    1：成功',
  `error` varchar(2000) DEFAULT NULL COMMENT '失败信息',
  `times` int(11) NOT NULL COMMENT '耗时(单位：毫秒)',
  `create_date` datetime DEFAULT NULL COMMENT '创建时间',
  PRIMARY KEY (`id`) USING BTREE,
  KEY `idx_job_id` (`job_id`) USING BTREE,
  KEY `idx_create_date` (`create_date`) USING BTREE
) ENGINE=InnoDB DEFAULT CHARSET=utf8 COMMENT='定时任务日志';

-- ----------------------------
-- Table structure for sys_dept
-- ----------------------------
DROP TABLE IF EXISTS `sys_dept`;
CREATE TABLE `sys_dept` (
  `id` bigint(20) NOT NULL COMMENT 'id',
  `pid` bigint(20) DEFAULT NULL COMMENT '上级ID',
  `pids` varchar(500) DEFAULT NULL COMMENT '所有上级ID，用逗号分开',
  `name` varchar(50) DEFAULT NULL COMMENT '部门名称',
  `sort` int(10) unsigned DEFAULT NULL COMMENT '排序',
  `status` tinyint(4) NOT NULL DEFAULT '1' COMMENT '0停用，1正常',
  `creator` varchar(64) DEFAULT NULL COMMENT '创建者',
  `create_date` datetime DEFAULT NULL COMMENT '创建时间',
  `updater` varchar(64) DEFAULT NULL COMMENT '更新者',
  `update_date` datetime DEFAULT NULL COMMENT '更新时间',
  PRIMARY KEY (`id`) USING BTREE,
  KEY `idx_pid` (`pid`) USING BTREE,
  KEY `idx_sort` (`sort`) USING BTREE
) ENGINE=InnoDB DEFAULT CHARSET=utf8 COMMENT='部门管理';

-- ----------------------------
-- Records of sys_dept
-- ----------------------------
BEGIN;
INSERT INTO `sys_dept` VALUES (1067246875800000062, 1067246875800000063, '1067246875800000066,1067246875800000063', '项目交付部', 2, 1, '1067246875800000001', '2019-02-19 08:58:05', 'admin', '2019-03-13 12:15:35');
INSERT INTO `sys_dept` VALUES (1067246875800000063, 1067246875800000066, '1067246875800000066', '济南分公司', 1, 1, '1067246875800000001', '2019-02-19 08:58:05', 'admin', '2019-03-13 12:01:34');
INSERT INTO `sys_dept` VALUES (1067246875800000064, 1067246875800000066, '1067246875800000066', '青岛分公司', 0, 1, '1067246875800000001', '2019-02-19 08:58:05', 'admin', '2019-03-17 13:47:58');
INSERT INTO `sys_dept` VALUES (1067246875800000065, 1067246875800000064, '1067246875800000066,1067246875800000064', '行财中心', 0, 1, '1067246875800000001', '2019-02-19 08:58:05', 'admin', '2019-03-13 12:14:02');
INSERT INTO `sys_dept` VALUES (1067246875800000066, 0, '0', '易科德', 0, 1, '1067246875800000001', '2019-02-19 08:58:05', 'admin', '2019-03-13 12:00:51');
INSERT INTO `sys_dept` VALUES (1067246875800000067, 1067246875800000064, '1067246875800000066,1067246875800000064', '基础架构部', 1, 1, '1067246875800000001', '2019-02-19 08:58:05', 'admin', '2019-03-25 13:11:32');
INSERT INTO `sys_dept` VALUES (1067246875800000068, 1067246875800000063, '1067246875800000066,1067246875800000063', '解决方案中心', 1, 1, '1067246875800000001', '2019-02-19 08:58:05', 'admin', '2019-03-13 12:15:49');
INSERT INTO `sys_dept` VALUES (1105680911378063361, 1067246875800000064, '1067246875800000066,1067246875800000064', '平台研发部', 2, 1, 'admin', '2019-03-13 12:04:06', 'admin', '2019-03-13 12:09:26');
INSERT INTO `sys_dept` VALUES (1105681259035533314, 1067246875800000064, '1067246875800000066,1067246875800000064', '产品研发部', 3, 1, 'admin', '2019-03-13 12:05:29', 'admin', '2019-03-13 12:10:02');
INSERT INTO `sys_dept` VALUES (1105682623329378306, 1067246875800000064, '1067246875800000066,1067246875800000064', '外包事业部', 4, 1, 'admin', '2019-03-13 12:10:55', 'admin', '2019-03-13 12:10:55');
INSERT INTO `sys_dept` VALUES (1105683034773823489, 1067246875800000064, '1067246875800000066,1067246875800000064', '实施运维部', 5, 1, 'admin', '2019-03-13 12:12:33', 'admin', '2019-03-13 12:12:33');
COMMIT;

-- ----------------------------
-- Table structure for sys_dict_data
-- ----------------------------
DROP TABLE IF EXISTS `sys_dict_data`;
CREATE TABLE `sys_dict_data` (
  `id` bigint(20) NOT NULL COMMENT '字典编码',
  `pid` bigint(20) NOT NULL COMMENT '父级编号',
  `pids` varchar(500) DEFAULT NULL COMMENT '所有父级编号',
  `sort` int(11) DEFAULT NULL COMMENT '本级排序号（升序）',
  `is_leaf` tinyint(4) DEFAULT '0' COMMENT '是否最末级',
  `level` tinyint(4) DEFAULT '0' COMMENT '层次级别',
  `pnames` varchar(1000) DEFAULT NULL COMMENT '全节点名',
  `dict_label` varchar(100) NOT NULL COMMENT '字典标签',
  `dict_value` varchar(100) NOT NULL COMMENT '字典键值',
  `dict_type` varchar(100) NOT NULL COMMENT '字典类型',
  `remark` varchar(200) DEFAULT NULL COMMENT '字典描述',
  `status` tinyint(4) NOT NULL DEFAULT '1' COMMENT '状态（1正常  0停用）',
  `creator` varchar(64) NOT NULL COMMENT '创建者',
  `create_date` datetime NOT NULL COMMENT '创建时间',
  `updater` varchar(64) NOT NULL COMMENT '更新者',
  `update_date` datetime NOT NULL COMMENT '更新时间',
  `version` int(11) NOT NULL DEFAULT '0' COMMENT '版本号',
  PRIMARY KEY (`id`) USING BTREE,
  KEY `idx_sys_dict_data_dt` (`dict_type`) USING BTREE,
  KEY `idx_sys_dict_data_status` (`status`) USING BTREE,
  KEY `idx_sys_dict_data_dv` (`dict_value`) USING BTREE,
  KEY `idx_sys_dict_data_pc` (`pid`) USING BTREE,
  KEY `idx_sys_dict_data_ts` (`sort`) USING BTREE
) ENGINE=InnoDB DEFAULT CHARSET=utf8mb4 COMMENT='字典数据表';

-- ----------------------------
-- Records of sys_dict_data
-- ----------------------------
BEGIN;
INSERT INTO `sys_dict_data` VALUES (1108558839037501441, 1108182898373173250, '', 2, 0, NULL, '', '部门数据权限', 'DS_DEPT', 'SYS_RULE_SORT', '1', 1, 'admin', '2019-03-21 10:39:58', 'admin', '2019-04-03 10:30:00', 0);
INSERT INTO `sys_dict_data` VALUES (1109079777688657922, 1108182898373173250, '', 0, 0, 0, NULL, '区域权限', 'DS_AREA', 'SYS_RULE_SORT', '', 1, 'admin', '2019-03-22 21:09:59', 'admin', '2019-04-03 10:54:06', 0);
INSERT INTO `sys_dict_data` VALUES (1109379548692017154, 1108182898373173250, '1108182898373173250', 0, 0, 0, NULL, '部门数据权限--停', 'sys_dept1', 'SYS_RULE_SORT', '', 0, 'admin', '2019-03-23 17:01:10', 'admin', '2019-04-02 16:36:31', 0);
INSERT INTO `sys_dict_data` VALUES (1110409631632375809, 1108182898373173250, '', 1, 0, 0, NULL, '公司数据权限', 'DS_COMPANY', 'SYS_RULE_SORT', '', 1, 'admin', '2019-03-26 13:14:21', 'admin', '2019-04-03 10:55:33', 0);
INSERT INTO `sys_dict_data` VALUES (1118142062134542337, 1118141845779759106, '', 1, 0, 0, NULL, '产品消息', 'SYS_MSG_PRO', 'SYS_MSG_TYPE', '', 1, 'admin', '2019-04-16 21:20:16', 'admin', '2019-04-16 21:20:16', 0);
INSERT INTO `sys_dict_data` VALUES (1118142159480143874, 1118141845779759106, '', 2, 0, 0, NULL, '安全消息', 'SYS_MSG_SEC', 'SYS_MSG_TYPE', '', 1, 'admin', '2019-04-16 21:20:40', 'admin', '2019-04-16 21:20:40', 0);
INSERT INTO `sys_dict_data` VALUES (1118142264593596417, 1118141845779759106, '', 3, 0, 0, NULL, '活动消息', 'SYS_MSG_ACT', 'SYS_MSG_TYPE', '', 1, 'admin', '2019-04-16 21:21:05', 'admin', '2019-04-16 21:21:05', 0);
INSERT INTO `sys_dict_data` VALUES (1118142300081602561, 1118141845779759106, '', 4, 0, 0, NULL, '服务消息', 'SYS_MSG_SEV', 'SYS_MSG_TYPE', '', 1, 'admin', '2019-04-16 21:21:13', 'admin', '2019-04-16 21:21:13', 0);
INSERT INTO `sys_dict_data` VALUES (1118142426330152961, 1118141845779759106, '', 5, 0, 0, NULL, '故障消息', 'SYS_MSG_FAU', 'SYS_MSG_TYPE', '', 1, 'admin', '2019-04-16 21:21:43', 'admin', '2019-04-16 21:21:43', 0);
INSERT INTO `sys_dict_data` VALUES (1118767057176453121, 1118766374444425217, '', 0, 0, 0, NULL, '申请待审核通知', 'WX_OPENTM415136803', 'WECHAT_TEMPLATE', '22', 1, 'admin', '2019-04-18 14:43:47', 'admin', '2019-05-05 15:13:01', 0);
INSERT INTO `sys_dict_data` VALUES (1118767347036413954, 1118766374444425217, '', 0, 0, 0, NULL, '外出审批通知', 'WX_OPENTM407892450', 'WECHAT_TEMPLATE', '', 1, 'admin', '2019-04-18 14:44:56', 'admin', '2019-05-05 15:13:12', 0);
INSERT INTO `sys_dict_data` VALUES (1119165066162806786, 1118766374444425217, '', 0, 0, 0, NULL, '订阅模板消息', 'WX_SUBSCRIPTION', 'WECHAT_TEMPLATE', '', 1, 'admin', '2019-04-19 17:05:20', 'admin', '2019-05-05 15:13:06', 0);
INSERT INTO `sys_dict_data` VALUES (1121680693360439298, 1121680317798264833, '', 0, 0, 0, NULL, '您母亲的姓名是？', 'QUESTION_TWO', 'ENCRYPTED_QUESTION', '', 1, 'admin', '2019-04-26 15:41:32', 'admin', '2019-04-30 14:06:11', 0);
INSERT INTO `sys_dict_data` VALUES (1121681085716606978, 1121680317798264833, '', 0, 0, 0, NULL, '您父亲的姓名是？', 'QUESTION_THREE', 'ENCRYPTED_QUESTION', '', 1, 'admin', '2019-04-26 15:43:05', 'admin', '2019-04-30 14:06:22', 0);
INSERT INTO `sys_dict_data` VALUES (1121681264767250434, 1121680317798264833, '', 0, 0, 0, NULL, '您配偶的姓名是？', 'QUESTION_FOUR', 'ENCRYPTED_QUESTION', '', 1, 'admin', '2019-04-26 15:43:48', 'admin', '2019-04-30 14:06:34', 0);
INSERT INTO `sys_dict_data` VALUES (1121681967724212226, 1121680317798264833, '', 0, 0, 0, NULL, '您的故乡是？', 'QUESTION_ONE', 'ENCRYPTED_QUESTION', '', 1, 'admin', '2019-04-26 15:46:36', 'admin', '2019-04-30 14:06:02', 0);
INSERT INTO `sys_dict_data` VALUES (1122750367783268353, 1122750253782085634, '', 0, 0, 0, NULL, '简单', '1', 'PWD_LEVEL', '简单：密码要求有 数字、大写字母、小写字母 特殊字符 任选1种 的组合, 密码最小长度最少要求有6位', 1, 'admin', '2019-04-29 14:32:02', 'admin', '2019-04-29 15:28:35', 0);
INSERT INTO `sys_dict_data` VALUES (1122750411051708417, 1122750253782085634, '', 1, 0, 0, NULL, '一般', '2', 'PWD_LEVEL', '一般：密码要求有 数字、大写字母、小写字母 特殊字符 任选1种 的组合, 密码最小长度最少要求有8位', 1, 'admin', '2019-04-29 14:32:12', 'admin', '2019-04-29 15:28:22', 0);
INSERT INTO `sys_dict_data` VALUES (1122750454194319362, 1122750253782085634, '', 2, 0, 0, NULL, '中等', '3', 'PWD_LEVEL', '中等：密码要求有 数字、大写字母、小写字母 特殊字符 任选2-3种 的组合, 密码最小长度最少要求有8位', 1, 'admin', '2019-04-29 14:32:23', 'admin', '2019-04-29 15:28:45', 0);
INSERT INTO `sys_dict_data` VALUES (1122750484556886018, 1122750253782085634, '', 3, 0, 0, NULL, '复杂', '4', 'PWD_LEVEL', '复杂：密码要求有 数字、大写字母、小写字母 特殊字符 任选4种 的组合, 密码最小长度最少要求有8位', 1, 'admin', '2019-04-29 14:32:30', 'admin', '2019-04-29 15:28:55', 0);
INSERT INTO `sys_dict_data` VALUES (1122756726356520961, 1122756681083203586, '', 0, 0, 0, NULL, '关闭', '0', 'PWD_INIT', '', 1, 'admin', '2019-04-29 14:57:18', 'admin', '2019-04-29 14:57:18', 0);
INSERT INTO `sys_dict_data` VALUES (1122756771948605441, 1122756681083203586, '', 1, 0, 0, NULL, '提醒修改', '1', 'PWD_INIT', '', 1, 'admin', '2019-04-29 14:57:29', 'admin', '2019-04-29 14:57:35', 0);
INSERT INTO `sys_dict_data` VALUES (1122756842895257601, 1122756681083203586, '', 2, 0, 0, NULL, '强制修改', '2', 'PWD_INIT', '', 1, 'admin', '2019-04-29 14:57:46', 'admin', '2019-04-29 14:57:46', 0);
INSERT INTO `sys_dict_data` VALUES (1122757258097799169, 1122757206625300482, '', 0, 0, 0, NULL, '关闭', '0', 'PWD_MODIFY', '', 1, 'admin', '2019-04-29 14:59:25', 'admin', '2019-04-29 14:59:25', 0);
INSERT INTO `sys_dict_data` VALUES (1122757299009040386, 1122757206625300482, '', 1, 0, 0, NULL, '提醒修改', '1', 'PWD_MODIFY', '', 1, 'admin', '2019-04-29 14:59:35', 'admin', '2019-04-29 14:59:35', 0);
INSERT INTO `sys_dict_data` VALUES (1122757353891508226, 1122757206625300482, '', 2, 0, 0, NULL, '强制修改', '2', 'PWD_MODIFY', '', 1, 'admin', '2019-04-29 14:59:48', 'admin', '2019-04-29 14:59:48', 0);
INSERT INTO `sys_dict_data` VALUES (1130388891807809537, 1130386105317752833, '', 0, 0, 0, NULL, '请假申请', 'BPM_FORM_LEAVE', 'BPM_FORM_TYPE', '', 1, 'admin', '2019-05-20 16:24:48', 'admin', '2019-05-20 16:24:48', 0);
INSERT INTO `sys_dict_data` VALUES (1133609792879747074, 1133609568903913474, '', 0, 0, 0, NULL, '中文繁体', 'zh-TW', 'SYS_LANGUANGE_TYPE', 'zh-TW', 1, 'admin', '2019-05-29 13:43:31', 'admin', '2019-05-29 13:43:31', 0);
INSERT INTO `sys_dict_data` VALUES (1133609889508122626, 1133609568903913474, '', 1, 0, 0, NULL, '中文简体', 'zh-CN', 'SYS_LANGUANGE_TYPE', 'zh-CN', 1, 'admin', '2019-05-29 13:43:54', 'admin', '2019-05-29 13:43:54', 0);
INSERT INTO `sys_dict_data` VALUES (1133610031762137090, 1133609568903913474, '', 2, 0, 0, NULL, '英文美版', 'en-US', 'SYS_LANGUANGE_TYPE', 'en-US', 1, 'admin', '2019-05-29 13:44:28', 'admin', '2019-05-29 13:44:28', 0);
COMMIT;

-- ----------------------------
-- Table structure for sys_dict_type
-- ----------------------------
DROP TABLE IF EXISTS `sys_dict_type`;
CREATE TABLE `sys_dict_type` (
  `id` bigint(20) NOT NULL COMMENT '主键',
  `dict_name` varchar(100) NOT NULL COMMENT '字典名称',
  `dict_type` varchar(100) NOT NULL COMMENT '字典类型',
  `is_sys` tinyint(4) NOT NULL DEFAULT '0' COMMENT '是否系统字典,1系统，0自定义',
  `status` tinyint(4) NOT NULL DEFAULT '1' COMMENT '状态（1正常  0停用）',
  `creator` varchar(64) NOT NULL COMMENT '创建者',
  `create_date` datetime NOT NULL COMMENT '创建时间',
  `updater` varchar(64) NOT NULL COMMENT '更新者',
  `update_date` datetime NOT NULL COMMENT '更新时间',
  `version` int(11) DEFAULT NULL COMMENT '版本号',
  `remark` varchar(200) DEFAULT NULL COMMENT '备注信息',
  PRIMARY KEY (`id`) USING BTREE,
  UNIQUE KEY `uq_sys_dict_type_code` (`dict_type`) USING BTREE,
  KEY `idx_sys_dict_type_is` (`is_sys`) USING BTREE,
  KEY `idx_sys_dict_type_status` (`status`) USING BTREE
) ENGINE=InnoDB DEFAULT CHARSET=utf8mb4 COMMENT='字典类型表';

-- ----------------------------
-- Records of sys_dict_type
-- ----------------------------
BEGIN;
INSERT INTO `sys_dict_type` VALUES (1108182898373173250, '权限分类', 'SYS_RULE_SORT', 1, 1, 'admin', '2019-03-20 09:46:07', 'admin', '2019-03-22 17:52:14', NULL, '');
INSERT INTO `sys_dict_type` VALUES (1118141845779759106, '消息类型', 'SYS_MSG_TYPE', 1, 1, 'admin', '2019-04-16 21:19:25', 'admin', '2019-04-16 21:19:25', NULL, '');
INSERT INTO `sys_dict_type` VALUES (1118766374444425217, '微信模板类型', 'WECHAT_TEMPLATE', 1, 1, 'admin', '2019-04-18 14:41:04', 'admin', '2019-04-18 14:41:04', NULL, '');
INSERT INTO `sys_dict_type` VALUES (1121680317798264833, '密保问题', 'ENCRYPTED_QUESTION', 1, 1, 'admin', '2019-04-26 15:40:02', 'admin', '2019-04-26 16:04:37', NULL, '');
INSERT INTO `sys_dict_type` VALUES (1122750253782085634, '密码安全等级', 'PWD_LEVEL', 1, 1, 'admin', '2019-04-29 14:31:35', 'admin', '2019-04-29 14:31:35', NULL, '');
INSERT INTO `sys_dict_type` VALUES (1122756681083203586, '初始密码策略', 'PWD_INIT', 1, 1, 'admin', '2019-04-29 14:57:07', 'admin', '2019-04-29 14:57:07', NULL, '');
INSERT INTO `sys_dict_type` VALUES (1122757206625300482, '密码修改策略', 'PWD_MODIFY', 1, 1, 'admin', '2019-04-29 14:59:13', 'admin', '2019-04-29 14:59:13', NULL, '');
INSERT INTO `sys_dict_type` VALUES (1124931055580774401, '测试用户类型', 'user', 0, 1, 'admin', '2019-05-05 14:57:19', 'admin', '2019-05-05 14:57:19', NULL, '');
INSERT INTO `sys_dict_type` VALUES (1130386105317752833, '流程表单类型', 'BPM_FORM_TYPE', 1, 1, 'admin', '2019-05-20 16:13:44', 'admin', '2019-05-20 16:13:44', NULL, '');
INSERT INTO `sys_dict_type` VALUES (1133609568903913474, '国际化语言类型', 'SYS_LANGUANGE_TYPE', 0, 1, 'admin', '2019-05-29 13:42:37', 'admin', '2019-05-29 13:42:37', NULL, '');
COMMIT;

-- ----------------------------
-- Table structure for sys_language
-- ----------------------------
DROP TABLE IF EXISTS `sys_language`;
CREATE TABLE `sys_language` (
  `id` bigint(20) NOT NULL COMMENT '数据库主键',
  `table_name` varchar(32) NOT NULL COMMENT '表名',
  `table_id` bigint(20) NOT NULL COMMENT '表主键',
  `field_name` varchar(32) NOT NULL COMMENT '字段名',
  `field_value` varchar(200) NOT NULL COMMENT '字段值',
  `language` varchar(10) NOT NULL COMMENT '语言',
  PRIMARY KEY (`id`) USING BTREE,
  UNIQUE KEY `uq_table_id` (`table_name`,`table_id`,`field_name`,`language`) USING BTREE COMMENT '数据去重唯一索引',
  KEY `idx_table_id` (`table_id`) USING BTREE
) ENGINE=InnoDB DEFAULT CHARSET=utf8 COMMENT='国际化';

-- ----------------------------
-- Records of sys_language
-- ----------------------------
BEGIN;
INSERT INTO `sys_language` VALUES (1, 'sys_menu', 1067246875800000002, 'name', 'Authority Management', 'en-US');
INSERT INTO `sys_language` VALUES (2, 'sys_menu', 1067246875800000002, 'name', '权限管理', 'zh-CN');
INSERT INTO `sys_language` VALUES (3, 'sys_menu', 1067246875800000002, 'name', '權限管理', 'zh-TW');
INSERT INTO `sys_language` VALUES (4, 'sys_menu', 1067246875800000003, 'name', 'Add', 'en-US');
INSERT INTO `sys_language` VALUES (5, 'sys_menu', 1067246875800000003, 'name', '新增', 'zh-CN');
INSERT INTO `sys_language` VALUES (6, 'sys_menu', 1067246875800000003, 'name', '新增', 'zh-TW');
INSERT INTO `sys_language` VALUES (7, 'sys_menu', 1067246875800000004, 'name', 'Edit', 'en-US');
INSERT INTO `sys_language` VALUES (8, 'sys_menu', 1067246875800000004, 'name', '修改', 'zh-CN');
INSERT INTO `sys_language` VALUES (9, 'sys_menu', 1067246875800000004, 'name', '修改', 'zh-TW');
INSERT INTO `sys_language` VALUES (10, 'sys_menu', 1067246875800000005, 'name', 'Delete', 'en-US');
INSERT INTO `sys_language` VALUES (11, 'sys_menu', 1067246875800000005, 'name', '删除', 'zh-CN');
INSERT INTO `sys_language` VALUES (12, 'sys_menu', 1067246875800000005, 'name', '刪除', 'zh-TW');
INSERT INTO `sys_language` VALUES (13, 'sys_menu', 1067246875800000006, 'name', 'Export', 'en-US');
INSERT INTO `sys_language` VALUES (14, 'sys_menu', 1067246875800000006, 'name', '导出', 'zh-CN');
INSERT INTO `sys_language` VALUES (15, 'sys_menu', 1067246875800000006, 'name', '導出', 'zh-TW');
INSERT INTO `sys_language` VALUES (16, 'sys_menu', 1067246875800000007, 'name', 'Role Management', 'en-US');
INSERT INTO `sys_language` VALUES (17, 'sys_menu', 1067246875800000007, 'name', '角色管理', 'zh-CN');
INSERT INTO `sys_language` VALUES (18, 'sys_menu', 1067246875800000007, 'name', '角色管理', 'zh-TW');
INSERT INTO `sys_language` VALUES (19, 'sys_menu', 1067246875800000008, 'name', 'View', 'en-US');
INSERT INTO `sys_language` VALUES (20, 'sys_menu', 1067246875800000008, 'name', '查看', 'zh-CN');
INSERT INTO `sys_language` VALUES (21, 'sys_menu', 1067246875800000008, 'name', '查看', 'zh-TW');
INSERT INTO `sys_language` VALUES (22, 'sys_menu', 1067246875800000009, 'name', 'Add', 'en-US');
INSERT INTO `sys_language` VALUES (23, 'sys_menu', 1067246875800000009, 'name', '新增', 'zh-CN');
INSERT INTO `sys_language` VALUES (24, 'sys_menu', 1067246875800000009, 'name', '新增', 'zh-TW');
INSERT INTO `sys_language` VALUES (25, 'sys_menu', 1067246875800000010, 'name', 'Edit', 'en-US');
INSERT INTO `sys_language` VALUES (26, 'sys_menu', 1067246875800000010, 'name', '修改', 'zh-CN');
INSERT INTO `sys_language` VALUES (27, 'sys_menu', 1067246875800000010, 'name', '修改', 'zh-TW');
INSERT INTO `sys_language` VALUES (28, 'sys_menu', 1067246875800000011, 'name', 'Delete', 'en-US');
INSERT INTO `sys_language` VALUES (29, 'sys_menu', 1067246875800000011, 'name', '删除', 'zh-CN');
INSERT INTO `sys_language` VALUES (30, 'sys_menu', 1067246875800000011, 'name', '刪除', 'zh-TW');
INSERT INTO `sys_language` VALUES (31, 'sys_menu', 1067246875800000012, 'name', 'Department Management', 'en-US');
INSERT INTO `sys_language` VALUES (32, 'sys_menu', 1067246875800000012, 'name', '部门管理', 'zh-CN');
INSERT INTO `sys_language` VALUES (33, 'sys_menu', 1067246875800000012, 'name', '部門管理', 'zh-TW');
INSERT INTO `sys_language` VALUES (34, 'sys_menu', 1067246875800000013, 'name', 'Work Process', 'en-US');
INSERT INTO `sys_language` VALUES (35, 'sys_menu', 1067246875800000013, 'name', '工作流程', 'zh-CN');
INSERT INTO `sys_language` VALUES (36, 'sys_menu', 1067246875800000013, 'name', '工作流程', 'zh-TW');
INSERT INTO `sys_language` VALUES (37, 'sys_menu', 1067246875800000014, 'name', 'View', 'en-US');
INSERT INTO `sys_language` VALUES (38, 'sys_menu', 1067246875800000014, 'name', '查看', 'zh-CN');
INSERT INTO `sys_language` VALUES (39, 'sys_menu', 1067246875800000014, 'name', '查看', 'zh-TW');
INSERT INTO `sys_language` VALUES (40, 'sys_menu', 1067246875800000015, 'name', 'Add', 'en-US');
INSERT INTO `sys_language` VALUES (41, 'sys_menu', 1067246875800000015, 'name', '新增', 'zh-CN');
INSERT INTO `sys_language` VALUES (42, 'sys_menu', 1067246875800000015, 'name', '新增', 'zh-TW');
INSERT INTO `sys_language` VALUES (43, 'sys_menu', 1067246875800000016, 'name', 'Edit', 'en-US');
INSERT INTO `sys_language` VALUES (44, 'sys_menu', 1067246875800000016, 'name', '修改', 'zh-CN');
INSERT INTO `sys_language` VALUES (45, 'sys_menu', 1067246875800000016, 'name', '修改', 'zh-TW');
INSERT INTO `sys_language` VALUES (46, 'sys_menu', 1067246875800000017, 'name', 'Delete', 'en-US');
INSERT INTO `sys_language` VALUES (47, 'sys_menu', 1067246875800000017, 'name', '删除', 'zh-CN');
INSERT INTO `sys_language` VALUES (48, 'sys_menu', 1067246875800000017, 'name', '刪除', 'zh-TW');
INSERT INTO `sys_language` VALUES (49, 'sys_menu', 1067246875800000018, 'name', 'Process Management', 'en-US');
INSERT INTO `sys_language` VALUES (50, 'sys_menu', 1067246875800000018, 'name', '流程管理', 'zh-CN');
INSERT INTO `sys_language` VALUES (51, 'sys_menu', 1067246875800000018, 'name', '流程管理', 'zh-TW');
INSERT INTO `sys_language` VALUES (52, 'sys_menu', 1067246875800000019, 'name', 'Model Management', 'en-US');
INSERT INTO `sys_language` VALUES (53, 'sys_menu', 1067246875800000019, 'name', '模型管理', 'zh-CN');
INSERT INTO `sys_language` VALUES (54, 'sys_menu', 1067246875800000019, 'name', '模型管理', 'zh-TW');
INSERT INTO `sys_language` VALUES (55, 'sys_menu', 1067246875800000020, 'name', 'Running Process', 'en-US');
INSERT INTO `sys_language` VALUES (56, 'sys_menu', 1067246875800000020, 'name', '运行中的流程', 'zh-CN');
INSERT INTO `sys_language` VALUES (57, 'sys_menu', 1067246875800000020, 'name', '運行中的流程', 'zh-TW');
INSERT INTO `sys_language` VALUES (58, 'sys_menu', 1067246875800000021, 'name', 'SMS Service', 'en-US');
INSERT INTO `sys_language` VALUES (59, 'sys_menu', 1067246875800000021, 'name', '短信服务', 'zh-CN');
INSERT INTO `sys_language` VALUES (60, 'sys_menu', 1067246875800000021, 'name', '短信服務', 'zh-TW');
INSERT INTO `sys_language` VALUES (61, 'sys_menu', 1067246875800000022, 'name', 'Mail Template', 'en-US');
INSERT INTO `sys_language` VALUES (62, 'sys_menu', 1067246875800000022, 'name', '邮件模板', 'zh-CN');
INSERT INTO `sys_language` VALUES (63, 'sys_menu', 1067246875800000022, 'name', '郵件模板', 'zh-TW');
INSERT INTO `sys_language` VALUES (64, 'sys_menu', 1067246875800000023, 'name', 'Mail Log', 'en-US');
INSERT INTO `sys_language` VALUES (65, 'sys_menu', 1067246875800000023, 'name', '邮件发送记录', 'zh-CN');
INSERT INTO `sys_language` VALUES (66, 'sys_menu', 1067246875800000023, 'name', '郵件發送記錄', 'zh-TW ');
INSERT INTO `sys_language` VALUES (67, 'sys_menu', 1067246875800000024, 'name', 'Message Management', 'en-US');
INSERT INTO `sys_language` VALUES (68, 'sys_menu', 1067246875800000024, 'name', '消息管理', 'zh-CN');
INSERT INTO `sys_language` VALUES (69, 'sys_menu', 1067246875800000024, 'name', '消息管理', 'zh-TW');
INSERT INTO `sys_language` VALUES (70, 'sys_menu', 1067246875800000025, 'name', 'Menu Management', 'en-US');
INSERT INTO `sys_language` VALUES (71, 'sys_menu', 1067246875800000025, 'name', '菜单管理', 'zh-CN');
INSERT INTO `sys_language` VALUES (72, 'sys_menu', 1067246875800000025, 'name', '菜單管理', 'zh-TW');
INSERT INTO `sys_language` VALUES (73, 'sys_menu', 1067246875800000026, 'name', 'View', 'en-US');
INSERT INTO `sys_language` VALUES (74, 'sys_menu', 1067246875800000026, 'name', '查看', 'zh-CN');
INSERT INTO `sys_language` VALUES (75, 'sys_menu', 1067246875800000026, 'name', '查看', 'zh-TW');
INSERT INTO `sys_language` VALUES (76, 'sys_menu', 1067246875800000027, 'name', 'Add', 'en-US');
INSERT INTO `sys_language` VALUES (77, 'sys_menu', 1067246875800000027, 'name', '新增', 'zh-CN');
INSERT INTO `sys_language` VALUES (78, 'sys_menu', 1067246875800000027, 'name', '新增', 'zh-TW');
INSERT INTO `sys_language` VALUES (79, 'sys_menu', 1067246875800000028, 'name', 'Edit', 'en-US');
INSERT INTO `sys_language` VALUES (80, 'sys_menu', 1067246875800000028, 'name', '修改', 'zh-CN');
INSERT INTO `sys_language` VALUES (81, 'sys_menu', 1067246875800000028, 'name', '修改', 'zh-TW');
INSERT INTO `sys_language` VALUES (82, 'sys_menu', 1067246875800000029, 'name', 'Delete', 'en-US');
INSERT INTO `sys_language` VALUES (83, 'sys_menu', 1067246875800000029, 'name', '删除', 'zh-CN');
INSERT INTO `sys_language` VALUES (84, 'sys_menu', 1067246875800000029, 'name', '刪除', 'zh-TW');
INSERT INTO `sys_language` VALUES (85, 'sys_menu', 1067246875800000030, 'name', 'Timed Task', 'en-US');
INSERT INTO `sys_language` VALUES (86, 'sys_menu', 1067246875800000030, 'name', '定时任务', 'zh-CN');
INSERT INTO `sys_language` VALUES (87, 'sys_menu', 1067246875800000030, 'name', '定時任務', 'zh-TW');
INSERT INTO `sys_language` VALUES (88, 'sys_menu', 1067246875800000031, 'name', 'View', 'en-US');
INSERT INTO `sys_language` VALUES (89, 'sys_menu', 1067246875800000031, 'name', '查看', 'zh-CN');
INSERT INTO `sys_language` VALUES (90, 'sys_menu', 1067246875800000031, 'name', '查看', 'zh-TW');
INSERT INTO `sys_language` VALUES (91, 'sys_menu', 1067246875800000032, 'name', 'Add', 'en-US');
INSERT INTO `sys_language` VALUES (92, 'sys_menu', 1067246875800000032, 'name', '新增', 'zh-CN');
INSERT INTO `sys_language` VALUES (93, 'sys_menu', 1067246875800000032, 'name', '新增', 'zh-TW');
INSERT INTO `sys_language` VALUES (94, 'sys_menu', 1067246875800000033, 'name', 'Edit', 'en-US');
INSERT INTO `sys_language` VALUES (95, 'sys_menu', 1067246875800000033, 'name', '修改', 'zh-CN');
INSERT INTO `sys_language` VALUES (96, 'sys_menu', 1067246875800000033, 'name', '修改', 'zh-TW');
INSERT INTO `sys_language` VALUES (97, 'sys_menu', 1067246875800000034, 'name', 'Delete', 'en-US');
INSERT INTO `sys_language` VALUES (98, 'sys_menu', 1067246875800000034, 'name', '删除', 'zh-CN');
INSERT INTO `sys_language` VALUES (99, 'sys_menu', 1067246875800000034, 'name', '刪除', 'zh-TW');
INSERT INTO `sys_language` VALUES (100, 'sys_menu', 1067246875800000035, 'name', 'Setting', 'en-US');
INSERT INTO `sys_language` VALUES (101, 'sys_menu', 1067246875800000035, 'name', '系统设置', 'zh-CN');
INSERT INTO `sys_language` VALUES (102, 'sys_menu', 1067246875800000035, 'name', '系統設置', 'zh-TW');
INSERT INTO `sys_language` VALUES (103, 'sys_menu', 1067246875800000036, 'name', 'Pause', 'en-US');
INSERT INTO `sys_language` VALUES (104, 'sys_menu', 1067246875800000036, 'name', '暂停', 'zh-CN');
INSERT INTO `sys_language` VALUES (105, 'sys_menu', 1067246875800000036, 'name', '暫停', 'zh-TW');
INSERT INTO `sys_language` VALUES (106, 'sys_menu', 1067246875800000037, 'name', 'Resume', 'en-US');
INSERT INTO `sys_language` VALUES (107, 'sys_menu', 1067246875800000037, 'name', '恢复', 'zh-CN');
INSERT INTO `sys_language` VALUES (108, 'sys_menu', 1067246875800000037, 'name', '恢復', 'zh-TW');
INSERT INTO `sys_language` VALUES (109, 'sys_menu', 1067246875800000038, 'name', 'Execute', 'en-US');
INSERT INTO `sys_language` VALUES (110, 'sys_menu', 1067246875800000038, 'name', '立即执行', 'zh-CN');
INSERT INTO `sys_language` VALUES (111, 'sys_menu', 1067246875800000038, 'name', '立即執行', 'zh-TW');
INSERT INTO `sys_language` VALUES (112, 'sys_menu', 1067246875800000039, 'name', 'Log List', 'en-US');
INSERT INTO `sys_language` VALUES (113, 'sys_menu', 1067246875800000039, 'name', '日志列表', 'zh-CN');
INSERT INTO `sys_language` VALUES (114, 'sys_menu', 1067246875800000039, 'name', '日誌列表', 'zh-TW');
INSERT INTO `sys_language` VALUES (115, 'sys_menu', 1067246875800000040, 'name', 'Parameter Management', 'en-US');
INSERT INTO `sys_language` VALUES (116, 'sys_menu', 1067246875800000040, 'name', '参数管理', 'zh-CN');
INSERT INTO `sys_language` VALUES (117, 'sys_menu', 1067246875800000040, 'name', '參數管理', 'zh-TW');
INSERT INTO `sys_language` VALUES (118, 'sys_menu', 1067246875800000041, 'name', 'Dict Management', 'en-US');
INSERT INTO `sys_language` VALUES (119, 'sys_menu', 1067246875800000041, 'name', '字典管理', 'zh-CN');
INSERT INTO `sys_language` VALUES (120, 'sys_menu', 1067246875800000041, 'name', '字典管理', 'zh-TW');
INSERT INTO `sys_language` VALUES (121, 'sys_menu', 1067246875800000042, 'name', 'View', 'en-US');
INSERT INTO `sys_language` VALUES (122, 'sys_menu', 1067246875800000042, 'name', '查看', 'zh-CN');
INSERT INTO `sys_language` VALUES (123, 'sys_menu', 1067246875800000042, 'name', '查看', 'zh-TW');
INSERT INTO `sys_language` VALUES (124, 'sys_menu', 1067246875800000043, 'name', 'Add', 'en-US');
INSERT INTO `sys_language` VALUES (125, 'sys_menu', 1067246875800000043, 'name', '新增', 'zh-CN');
INSERT INTO `sys_language` VALUES (126, 'sys_menu', 1067246875800000043, 'name', '新增', 'zh-TW');
INSERT INTO `sys_language` VALUES (127, 'sys_menu', 1067246875800000044, 'name', 'Edit', 'en-US');
INSERT INTO `sys_language` VALUES (128, 'sys_menu', 1067246875800000044, 'name', '修改', 'zh-CN');
INSERT INTO `sys_language` VALUES (129, 'sys_menu', 1067246875800000044, 'name', '修改', 'zh-TW');
INSERT INTO `sys_language` VALUES (130, 'sys_menu', 1067246875800000045, 'name', 'Delete', 'en-US');
INSERT INTO `sys_language` VALUES (131, 'sys_menu', 1067246875800000045, 'name', '删除', 'zh-CN');
INSERT INTO `sys_language` VALUES (132, 'sys_menu', 1067246875800000045, 'name', '刪除', 'zh-TW');
INSERT INTO `sys_language` VALUES (133, 'sys_menu', 1067246875800000046, 'name', 'Log Management', 'en-US');
INSERT INTO `sys_language` VALUES (134, 'sys_menu', 1067246875800000046, 'name', '日志管理', 'zh-CN');
INSERT INTO `sys_language` VALUES (135, 'sys_menu', 1067246875800000046, 'name', '日誌管理', 'zh-TW');
INSERT INTO `sys_language` VALUES (136, 'sys_menu', 1067246875800000047, 'name', 'File Upload', 'en-US');
INSERT INTO `sys_language` VALUES (137, 'sys_menu', 1067246875800000047, 'name', '文件上传', 'zh-CN');
INSERT INTO `sys_language` VALUES (138, 'sys_menu', 1067246875800000047, 'name', '文件上傳', 'zh-TW');
INSERT INTO `sys_language` VALUES (139, 'sys_menu', 1067246875800000048, 'name', 'Login Log', 'en-US');
INSERT INTO `sys_language` VALUES (140, 'sys_menu', 1067246875800000048, 'name', '登录日志', 'zh-CN');
INSERT INTO `sys_language` VALUES (141, 'sys_menu', 1067246875800000048, 'name', '登錄日誌', 'zh-TW');
INSERT INTO `sys_language` VALUES (142, 'sys_menu', 1067246875800000049, 'name', 'Operation Log', 'en-US');
INSERT INTO `sys_language` VALUES (143, 'sys_menu', 1067246875800000049, 'name', '操作日志', 'zh-CN');
INSERT INTO `sys_language` VALUES (144, 'sys_menu', 1067246875800000049, 'name', '操作日誌', 'zh-TW');
INSERT INTO `sys_language` VALUES (145, 'sys_menu', 1067246875800000050, 'name', 'Error Log', 'en-US');
INSERT INTO `sys_language` VALUES (146, 'sys_menu', 1067246875800000050, 'name', '异常日志', 'zh-CN');
INSERT INTO `sys_language` VALUES (147, 'sys_menu', 1067246875800000050, 'name', '異常日誌', 'zh-TW');
INSERT INTO `sys_language` VALUES (148, 'sys_menu', 1067246875800000051, 'name', 'SQL Monitoring', 'en-US');
INSERT INTO `sys_language` VALUES (149, 'sys_menu', 1067246875800000051, 'name', 'SQL监控', 'zh-CN');
INSERT INTO `sys_language` VALUES (150, 'sys_menu', 1067246875800000051, 'name', 'SQL監控', 'zh-TW');
INSERT INTO `sys_language` VALUES (151, 'sys_menu', 1067246875800000053, 'name', 'System Monitoring', 'en-US');
INSERT INTO `sys_language` VALUES (152, 'sys_menu', 1067246875800000053, 'name', '系统监控', 'zh-CN');
INSERT INTO `sys_language` VALUES (153, 'sys_menu', 1067246875800000053, 'name', '系統監控', 'zh-TW');
INSERT INTO `sys_language` VALUES (154, 'sys_menu', 1067246875800000055, 'name', 'User Management', 'en-US');
INSERT INTO `sys_language` VALUES (155, 'sys_menu', 1067246875800000055, 'name', '用户管理', 'zh-CN');
INSERT INTO `sys_language` VALUES (156, 'sys_menu', 1067246875800000055, 'name', '用戶管理', 'zh-TW');
INSERT INTO `sys_language` VALUES (157, 'sys_menu', 1067246875800000056, 'name', 'View', 'en-US');
INSERT INTO `sys_language` VALUES (158, 'sys_menu', 1067246875800000056, 'name', '查看', 'zh-CN');
INSERT INTO `sys_language` VALUES (159, 'sys_menu', 1067246875800000056, 'name', '查看', 'zh-TW');
INSERT INTO `sys_language` VALUES (160, 'sys_menu', 1067246875800000057, 'name', 'Add', 'en-US');
INSERT INTO `sys_language` VALUES (161, 'sys_menu', 1067246875800000057, 'name', '新增', 'zh-CN');
INSERT INTO `sys_language` VALUES (162, 'sys_menu', 1067246875800000057, 'name', '新增', 'zh-TW');
INSERT INTO `sys_language` VALUES (163, 'sys_menu', 1067246875800000058, 'name', 'Export', 'en-US');
INSERT INTO `sys_language` VALUES (164, 'sys_menu', 1067246875800000058, 'name', '导出', 'zh-CN');
INSERT INTO `sys_language` VALUES (165, 'sys_menu', 1067246875800000058, 'name', '導出', 'zh-TW');
INSERT INTO `sys_language` VALUES (166, 'sys_menu', 1067246875800000059, 'name', 'View', 'en-US');
INSERT INTO `sys_language` VALUES (167, 'sys_menu', 1067246875800000059, 'name', '查看', 'zh-CN');
INSERT INTO `sys_language` VALUES (168, 'sys_menu', 1067246875800000059, 'name', '查看', 'zh-TW');
INSERT INTO `sys_language` VALUES (169, 'sys_menu', 1067246875800000060, 'name', 'Edit', 'en-US');
INSERT INTO `sys_language` VALUES (170, 'sys_menu', 1067246875800000060, 'name', '修改', 'zh-CN');
INSERT INTO `sys_language` VALUES (171, 'sys_menu', 1067246875800000060, 'name', '修改', 'zh-TW');
INSERT INTO `sys_language` VALUES (172, 'sys_menu', 1067246875800000061, 'name', 'Delete', 'en-US');
INSERT INTO `sys_language` VALUES (173, 'sys_menu', 1067246875800000061, 'name', '删除', 'zh-CN');
INSERT INTO `sys_language` VALUES (174, 'sys_menu', 1067246875800000061, 'name', '刪除', 'zh-TW');
INSERT INTO `sys_language` VALUES (175, 'sys_menu', 1098865230399762434, 'name', '品牌', 'en-US');
INSERT INTO `sys_language` VALUES (176, 'sys_menu', 1098865230399762434, 'name', '品牌', 'zh-CN');
INSERT INTO `sys_language` VALUES (177, 'sys_menu', 1098865230399762434, 'name', '品牌', 'zh-TW');
INSERT INTO `sys_language` VALUES (178, 'sys_menu', 1098865230399762435, 'name', 'View', 'en-US');
INSERT INTO `sys_language` VALUES (179, 'sys_menu', 1098865230399762435, 'name', '查看', 'zh-CN');
INSERT INTO `sys_language` VALUES (180, 'sys_menu', 1098865230399762435, 'name', '查看', 'zh-TW');
INSERT INTO `sys_language` VALUES (181, 'sys_menu', 1098865230399762436, 'name', 'Add', 'en-US');
INSERT INTO `sys_language` VALUES (182, 'sys_menu', 1098865230399762436, 'name', '新增', 'zh-CN');
INSERT INTO `sys_language` VALUES (183, 'sys_menu', 1098865230399762436, 'name', '新增', 'zh-TW');
INSERT INTO `sys_language` VALUES (184, 'sys_menu', 1098865230399762437, 'name', 'Edit', 'en-US');
INSERT INTO `sys_language` VALUES (185, 'sys_menu', 1098865230399762437, 'name', '修改', 'zh-CN');
INSERT INTO `sys_language` VALUES (186, 'sys_menu', 1098865230399762437, 'name', '修改', 'zh-TW');
INSERT INTO `sys_language` VALUES (187, 'sys_menu', 1098865230399762438, 'name', 'Delete', 'en-US');
INSERT INTO `sys_language` VALUES (188, 'sys_menu', 1098865230399762438, 'name', '删除', 'zh-CN');
INSERT INTO `sys_language` VALUES (189, 'sys_menu', 1098865230399762438, 'name', '刪除', 'zh-TW');
INSERT INTO `sys_language` VALUES (190, 'sys_menu', 1098865230399762439, 'name', 'Export', 'en-US');
INSERT INTO `sys_language` VALUES (191, 'sys_menu', 1098865230399762439, 'name', '导出', 'zh-CN');
INSERT INTO `sys_language` VALUES (192, 'sys_menu', 1098865230399762439, 'name', '導出', 'zh-TW');
INSERT INTO `sys_language` VALUES (193, 'sys_menu', 1099275590256566274, 'name', 'Master data management', 'en-US');
INSERT INTO `sys_language` VALUES (194, 'sys_menu', 1099275590256566274, 'name', '主数据管理', 'zh-CN');
INSERT INTO `sys_language` VALUES (195, 'sys_menu', 1099275590256566274, 'name', '主數據管理', 'zh-TW');
INSERT INTO `sys_language` VALUES (196, 'sys_menu', 1099275980649799681, 'name', '品牌管理', 'zh-CN');
INSERT INTO `sys_language` VALUES (197, 'sys_menu', 1099277098993852418, 'name', '主数据', 'zh-CN');
INSERT INTO `sys_language` VALUES (198, 'sys_menu', 1104945274515656706, 'name', 'DictManagement', 'en-US');
INSERT INTO `sys_language` VALUES (199, 'sys_menu', 1104945274515656706, 'name', '字典管理', 'zh-CN');
INSERT INTO `sys_language` VALUES (200, 'sys_menu', 1104945274515656706, 'name', '字典管理', 'zh-TW');
INSERT INTO `sys_language` VALUES (201, 'sys_menu', 1104945274536628225, 'name', 'View', 'en-US');
INSERT INTO `sys_language` VALUES (202, 'sys_menu', 1104945274536628225, 'name', '查看', 'zh-CN');
INSERT INTO `sys_language` VALUES (203, 'sys_menu', 1104945274536628225, 'name', '查看', 'zh-TW');
INSERT INTO `sys_language` VALUES (204, 'sys_menu', 1104945274536628226, 'name', 'Add', 'en-US');
INSERT INTO `sys_language` VALUES (205, 'sys_menu', 1104945274536628226, 'name', '新增', 'zh-CN');
INSERT INTO `sys_language` VALUES (206, 'sys_menu', 1104945274536628226, 'name', '新增', 'zh-TW');
INSERT INTO `sys_language` VALUES (207, 'sys_menu', 1104945274536628227, 'name', 'Edit', 'en-US');
INSERT INTO `sys_language` VALUES (208, 'sys_menu', 1104945274536628227, 'name', '修改', 'zh-CN');
INSERT INTO `sys_language` VALUES (209, 'sys_menu', 1104945274536628227, 'name', '修改', 'zh-TW');
INSERT INTO `sys_language` VALUES (210, 'sys_menu', 1104945274536628228, 'name', 'Delete', 'en-US');
INSERT INTO `sys_language` VALUES (211, 'sys_menu', 1104945274536628228, 'name', '删除', 'zh-CN');
INSERT INTO `sys_language` VALUES (212, 'sys_menu', 1104945274536628228, 'name', '刪除', 'zh-TW');
INSERT INTO `sys_language` VALUES (213, 'sys_menu', 1104945274536628229, 'name', 'Export', 'en-US');
INSERT INTO `sys_language` VALUES (214, 'sys_menu', 1104945274536628229, 'name', '导出', 'zh-CN');
INSERT INTO `sys_language` VALUES (215, 'sys_menu', 1104945274536628229, 'name', '導出', 'zh-TW');
INSERT INTO `sys_language` VALUES (216, 'sys_menu', 1104994627221524482, 'name', '字典数据表', 'en-US');
INSERT INTO `sys_language` VALUES (217, 'sys_menu', 1104994627221524482, 'name', '字典数据', 'zh-CN');
INSERT INTO `sys_language` VALUES (218, 'sys_menu', 1104994627221524482, 'name', '字典数据表', 'zh-TW');
INSERT INTO `sys_language` VALUES (219, 'sys_menu', 1104994627221524483, 'name', 'View', 'en-US');
INSERT INTO `sys_language` VALUES (220, 'sys_menu', 1104994627221524483, 'name', '查看', 'zh-CN');
INSERT INTO `sys_language` VALUES (221, 'sys_menu', 1104994627221524483, 'name', '查看', 'zh-TW');
INSERT INTO `sys_language` VALUES (222, 'sys_menu', 1104994627221524484, 'name', 'Add', 'en-US');
INSERT INTO `sys_language` VALUES (223, 'sys_menu', 1104994627221524484, 'name', '新增', 'zh-CN');
INSERT INTO `sys_language` VALUES (224, 'sys_menu', 1104994627221524484, 'name', '新增', 'zh-TW');
INSERT INTO `sys_language` VALUES (225, 'sys_menu', 1104994627221524485, 'name', 'Edit', 'en-US');
INSERT INTO `sys_language` VALUES (226, 'sys_menu', 1104994627221524485, 'name', '修改', 'zh-CN');
INSERT INTO `sys_language` VALUES (227, 'sys_menu', 1104994627221524485, 'name', '修改', 'zh-TW');
INSERT INTO `sys_language` VALUES (228, 'sys_menu', 1104994627221524486, 'name', 'Delete', 'en-US');
INSERT INTO `sys_language` VALUES (229, 'sys_menu', 1104994627221524486, 'name', '删除', 'zh-CN');
INSERT INTO `sys_language` VALUES (230, 'sys_menu', 1104994627221524486, 'name', '刪除', 'zh-TW');
INSERT INTO `sys_language` VALUES (231, 'sys_menu', 1104994627221524487, 'name', 'Export', 'en-US');
INSERT INTO `sys_language` VALUES (232, 'sys_menu', 1104994627221524487, 'name', '导出', 'zh-CN');
INSERT INTO `sys_language` VALUES (233, 'sys_menu', 1104994627221524487, 'name', '導出', 'zh-TW');
INSERT INTO `sys_language` VALUES (234, 'sys_menu', 1105673543542759425, 'name', 'SysConfig', 'en-US');
INSERT INTO `sys_language` VALUES (235, 'sys_menu', 1105673543542759425, 'name', '系统配置', 'zh-CN');
INSERT INTO `sys_language` VALUES (236, 'sys_menu', 1105673543542759425, 'name', '系統配置', 'zh-TW');
INSERT INTO `sys_language` VALUES (237, 'sys_menu', 1105674278967828481, 'name', '查看', 'zh-CN');
INSERT INTO `sys_language` VALUES (238, 'sys_menu', 1105674511944638465, 'name', '新增', 'zh-CN');
INSERT INTO `sys_language` VALUES (239, 'sys_menu', 1105674865440579586, 'name', '更新', 'zh-CN');
INSERT INTO `sys_language` VALUES (240, 'sys_menu', 1107655954045059074, 'name', '权限规则配置', 'zh-CN');
INSERT INTO `sys_language` VALUES (241, 'sys_menu', 1107656084655685634, 'name', '查看', 'zh-CN');
INSERT INTO `sys_language` VALUES (242, 'sys_menu', 1108028929827139585, 'name', 'Privilege Type Settings', 'en-US');
INSERT INTO `sys_language` VALUES (243, 'sys_menu', 1108028929827139585, 'name', '权限分类', 'zh-CN');
INSERT INTO `sys_language` VALUES (244, 'sys_menu', 1108028929827139585, 'name', '許可權分類配寘', 'zh-TW');
INSERT INTO `sys_language` VALUES (245, 'sys_menu', 1108250738568601602, 'name', '测试', 'zh-CN');
INSERT INTO `sys_language` VALUES (246, 'sys_menu', 1108280267198582785, 'name', 'Privilege Rule Settings', 'en-US');
INSERT INTO `sys_language` VALUES (247, 'sys_menu', 1108280267198582785, 'name', '权限规则', 'zh-CN');
INSERT INTO `sys_language` VALUES (248, 'sys_menu', 1108280267198582785, 'name', '許可權規則設定', 'zh-TW');
INSERT INTO `sys_language` VALUES (249, 'sys_menu', 1108280267198582786, 'name', 'View', 'en-US');
INSERT INTO `sys_language` VALUES (250, 'sys_menu', 1108280267198582786, 'name', '查看', 'zh-CN');
INSERT INTO `sys_language` VALUES (251, 'sys_menu', 1108280267198582786, 'name', '查看', 'zh-TW');
INSERT INTO `sys_language` VALUES (252, 'sys_menu', 1108280267198582787, 'name', 'Add', 'en-US');
INSERT INTO `sys_language` VALUES (253, 'sys_menu', 1108280267198582787, 'name', '新增', 'zh-CN');
INSERT INTO `sys_language` VALUES (254, 'sys_menu', 1108280267198582787, 'name', '新增', 'zh-TW');
INSERT INTO `sys_language` VALUES (255, 'sys_menu', 1108280267198582788, 'name', 'Edit', 'en-US');
INSERT INTO `sys_language` VALUES (256, 'sys_menu', 1108280267198582788, 'name', '修改', 'zh-CN');
INSERT INTO `sys_language` VALUES (257, 'sys_menu', 1108280267198582788, 'name', '修改', 'zh-TW');
INSERT INTO `sys_language` VALUES (258, 'sys_menu', 1108280267198582789, 'name', 'Delete', 'en-US');
INSERT INTO `sys_language` VALUES (259, 'sys_menu', 1108280267198582789, 'name', '删除', 'zh-CN');
INSERT INTO `sys_language` VALUES (260, 'sys_menu', 1108280267198582789, 'name', '刪除', 'zh-TW');
INSERT INTO `sys_language` VALUES (261, 'sys_menu', 1108280267198582790, 'name', 'Export', 'en-US');
INSERT INTO `sys_language` VALUES (262, 'sys_menu', 1108280267198582790, 'name', '导出', 'zh-CN');
INSERT INTO `sys_language` VALUES (263, 'sys_menu', 1108280267198582790, 'name', '導出', 'zh-TW');
INSERT INTO `sys_language` VALUES (264, 'sys_menu', 1108978773529309186, 'name', 'SafetyAudit', 'en-US');
INSERT INTO `sys_language` VALUES (265, 'sys_menu', 1108978773529309186, 'name', '安全审计', 'zh-CN');
INSERT INTO `sys_language` VALUES (266, 'sys_menu', 1108978773529309186, 'name', '安全審計', 'zh-TW');
INSERT INTO `sys_language` VALUES (267, 'sys_menu', 1108981176664174594, 'name', 'SecurityConfig', 'en-US');
INSERT INTO `sys_language` VALUES (268, 'sys_menu', 1108981176664174594, 'name', '安全策略', 'zh-CN');
INSERT INTO `sys_language` VALUES (269, 'sys_menu', 1108981176664174594, 'name', '安全策略', 'zh-TW');
INSERT INTO `sys_language` VALUES (270, 'sys_menu', 1109015687247114241, 'name', '二级管理', 'zh-CN');
INSERT INTO `sys_language` VALUES (271, 'sys_menu', 1109015863500156929, 'name', '二级管理', 'zh-CN');
INSERT INTO `sys_language` VALUES (272, 'sys_menu', 1110124168137531394, 'name', '查看', 'zh-CN');
INSERT INTO `sys_language` VALUES (273, 'sys_menu', 1110124490260078593, 'name', '修改', 'zh-CN');
INSERT INTO `sys_language` VALUES (274, 'sys_menu', 1110169486024237058, 'name', 'Interface document', 'en-US');
INSERT INTO `sys_language` VALUES (275, 'sys_menu', 1110169486024237058, 'name', '接口文档', 'zh-CN');
INSERT INTO `sys_language` VALUES (276, 'sys_menu', 1110169486024237058, 'name', '介面檔案', 'zh-TW');
INSERT INTO `sys_language` VALUES (277, 'sys_menu', 1110386559477112834, 'name', 'PwdAudit', 'en-US');
INSERT INTO `sys_language` VALUES (278, 'sys_menu', 1110386559477112834, 'name', '密码审计', 'zh-CN');
INSERT INTO `sys_language` VALUES (279, 'sys_menu', 1110386559477112834, 'name', '密碼審計', 'zh-TW');
INSERT INTO `sys_language` VALUES (280, 'sys_menu', 1110444051728101378, 'name', 'Online Users', 'en-US');
INSERT INTO `sys_language` VALUES (281, 'sys_menu', 1110444051728101378, 'name', '在线用户', 'zh-CN');
INSERT INTO `sys_language` VALUES (282, 'sys_menu', 1110444051728101378, 'name', '線上用戶', 'zh-TW');
INSERT INTO `sys_language` VALUES (283, 'sys_menu', 1110444244569616386, 'name', '查询', 'zh-CN');
INSERT INTO `sys_language` VALUES (284, 'sys_menu', 1110462041977982978, 'name', '强退', 'zh-CN');
INSERT INTO `sys_language` VALUES (285, 'sys_menu', 1110756601934045185, 'name', 'JVM Monitoring', 'en-US');
INSERT INTO `sys_language` VALUES (286, 'sys_menu', 1110756601934045185, 'name', 'JVM监控', 'zh-CN');
INSERT INTO `sys_language` VALUES (287, 'sys_menu', 1110756601934045185, 'name', 'JVM監控', 'zh-TW');
INSERT INTO `sys_language` VALUES (288, 'sys_menu', 1110756757051990017, 'name', 'View', 'en-US');
INSERT INTO `sys_language` VALUES (289, 'sys_menu', 1110756757051990017, 'name', '查看', 'zh-CN');
INSERT INTO `sys_language` VALUES (290, 'sys_menu', 1110756757051990017, 'name', '查看', 'zh-TW');
INSERT INTO `sys_language` VALUES (291, 'sys_menu', 1110807586852630530, 'name', '查看', 'zh-CN');
INSERT INTO `sys_language` VALUES (292, 'sys_menu', 1110807738292170753, 'name', '导出', 'zh-CN');
INSERT INTO `sys_language` VALUES (293, 'sys_menu', 1111643626912608257, 'name', 'Privilege Audit', 'en-US');
INSERT INTO `sys_language` VALUES (294, 'sys_menu', 1111643626912608257, 'name', '权限审计', 'zh-CN');
INSERT INTO `sys_language` VALUES (295, 'sys_menu', 1111643626912608257, 'name', '許可權稽核', 'zh-TW');
INSERT INTO `sys_language` VALUES (296, 'sys_menu', 1112336828338483201, 'name', 'VIEW', 'en-US');
INSERT INTO `sys_language` VALUES (297, 'sys_menu', 1112336828338483201, 'name', '查看', 'zh-CN');
INSERT INTO `sys_language` VALUES (298, 'sys_menu', 1112336828338483201, 'name', '查看', 'zh-TW');
INSERT INTO `sys_language` VALUES (299, 'sys_menu', 1112550547806986241, 'name', '测试1', 'zh-CN');
INSERT INTO `sys_language` VALUES (300, 'sys_menu', 1112550571056013313, 'name', '测试2', 'zh-CN');
INSERT INTO `sys_language` VALUES (301, 'sys_menu', 1112550597677260801, 'name', '测试3', 'zh-CN');
INSERT INTO `sys_language` VALUES (302, 'sys_menu', 1112550620854984705, 'name', '测试4', 'zh-CN');
INSERT INTO `sys_language` VALUES (303, 'sys_menu', 1112550655860645889, 'name', '测试5', 'zh-CN');
INSERT INTO `sys_language` VALUES (304, 'sys_menu', 1112550824735907842, 'name', '测试1', 'zh-CN');
INSERT INTO `sys_language` VALUES (305, 'sys_menu', 1112550841710256130, 'name', '测试1', 'zh-CN');
INSERT INTO `sys_language` VALUES (306, 'sys_menu', 1112550856868470785, 'name', '测试1', 'zh-CN');
INSERT INTO `sys_language` VALUES (307, 'sys_menu', 1112550874274832386, 'name', '测试1', 'zh-CN');
INSERT INTO `sys_language` VALUES (308, 'sys_menu', 1112915743196971009, 'name', 'Setting Sensitive Menu', 'en-US');
INSERT INTO `sys_language` VALUES (309, 'sys_menu', 1112915743196971009, 'name', '设置敏感菜单', 'zh-CN');
INSERT INTO `sys_language` VALUES (310, 'sys_menu', 1112915743196971009, 'name', '設定敏感選單', 'zh-TW');
INSERT INTO `sys_language` VALUES (311, 'sys_menu', 1112978398242054146, 'name', 'export', 'en-US');
INSERT INTO `sys_language` VALUES (312, 'sys_menu', 1112978398242054146, 'name', '导出', 'zh-CN');
INSERT INTO `sys_language` VALUES (313, 'sys_menu', 1112978398242054146, 'name', '匯出', 'zh-TW');
INSERT INTO `sys_language` VALUES (314, 'sys_menu', 1113617001195962370, 'name', 'ServerMonitoring', 'en-US');
INSERT INTO `sys_language` VALUES (315, 'sys_menu', 1113617001195962370, 'name', '服务器监控', 'zh-CN');
INSERT INTO `sys_language` VALUES (316, 'sys_menu', 1113617001195962370, 'name', '服務器監控', 'zh-TW');
INSERT INTO `sys_language` VALUES (317, 'sys_menu', 1113617208386191361, 'name', 'VIEW', 'en-US');
INSERT INTO `sys_language` VALUES (318, 'sys_menu', 1113617208386191361, 'name', '查看', 'zh-CN');
INSERT INTO `sys_language` VALUES (319, 'sys_menu', 1113617208386191361, 'name', '查看', 'zh-TW');
INSERT INTO `sys_language` VALUES (320, 'sys_menu', 1117627769516793858, 'name', '微信配置', 'zh-CN');
INSERT INTO `sys_language` VALUES (321, 'sys_menu', 1117706042473631745, 'name', 'My Site Info', 'en-US');
INSERT INTO `sys_language` VALUES (322, 'sys_menu', 1117706042473631745, 'name', '我的消息', 'zh-CN');
INSERT INTO `sys_language` VALUES (323, 'sys_menu', 1117706042473631745, 'name', '我的消息', 'zh-TW');
INSERT INTO `sys_language` VALUES (324, 'sys_menu', 1117706149457743873, 'name', '全部消息', 'zh-CN');
INSERT INTO `sys_language` VALUES (325, 'sys_menu', 1117706255368114178, 'name', '未读消息', 'zh-CN');
INSERT INTO `sys_language` VALUES (326, 'sys_menu', 1117706344299941890, 'name', '已读消息', 'zh-CN');
INSERT INTO `sys_language` VALUES (327, 'sys_menu', 1117706589188575233, 'name', 'Create Site Info', 'en-US');
INSERT INTO `sys_language` VALUES (328, 'sys_menu', 1117706589188575233, 'name', '创建消息', 'zh-CN');
INSERT INTO `sys_language` VALUES (329, 'sys_menu', 1117706589188575233, 'name', '創建消息', 'zh-TW');
INSERT INTO `sys_language` VALUES (330, 'sys_menu', 1117707290711085058, 'name', '新建', 'zh-CN');
INSERT INTO `sys_language` VALUES (331, 'sys_menu', 1118109940829069313, 'name', '查看', 'zh-CN');
INSERT INTO `sys_language` VALUES (332, 'sys_menu', 1118110132332601346, 'name', 'New', 'en-US');
INSERT INTO `sys_language` VALUES (333, 'sys_menu', 1118110132332601346, 'name', '新建', 'zh-CN');
INSERT INTO `sys_language` VALUES (334, 'sys_menu', 1118110132332601346, 'name', '新建', 'zh-TW');
INSERT INTO `sys_language` VALUES (335, 'sys_menu', 1118110319444697090, 'name', 'View', 'en-US');
INSERT INTO `sys_language` VALUES (336, 'sys_menu', 1118110319444697090, 'name', '查看', 'zh-CN');
INSERT INTO `sys_language` VALUES (337, 'sys_menu', 1118110319444697090, 'name', '查看', 'zh-TW');
INSERT INTO `sys_language` VALUES (338, 'sys_menu', 1118336767388446722, 'name', 'Read and NoRead', 'en-US');
INSERT INTO `sys_language` VALUES (339, 'sys_menu', 1118336767388446722, 'name', '已读未读', 'zh-CN');
INSERT INTO `sys_language` VALUES (340, 'sys_menu', 1118336767388446722, 'name', '已讀未讀', 'zh-TW');
INSERT INTO `sys_language` VALUES (341, 'sys_menu', 1118389915403546626, 'name', '开发工具', 'zh-CN');
INSERT INTO `sys_language` VALUES (342, 'sys_menu', 1118391059878113281, 'name', '代码生成器', 'zh-CN');
INSERT INTO `sys_language` VALUES (343, 'sys_menu', 1118394163292344321, 'name', 'WeChatTemplate', 'en-US');
INSERT INTO `sys_language` VALUES (344, 'sys_menu', 1118394163292344321, 'name', '微信消息模板', 'zh-CN');
INSERT INTO `sys_language` VALUES (345, 'sys_menu', 1118394163292344321, 'name', '微信公眾號模板', 'zh-TW');
INSERT INTO `sys_language` VALUES (346, 'sys_menu', 1118394163304927233, 'name', 'View', 'en-US');
INSERT INTO `sys_language` VALUES (347, 'sys_menu', 1118394163304927233, 'name', '查看', 'zh-CN');
INSERT INTO `sys_language` VALUES (348, 'sys_menu', 1118394163304927233, 'name', '查看', 'zh-TW');
INSERT INTO `sys_language` VALUES (349, 'sys_menu', 1118394163304927234, 'name', 'Add', 'en-US');
INSERT INTO `sys_language` VALUES (350, 'sys_menu', 1118394163304927234, 'name', '新增', 'zh-CN');
INSERT INTO `sys_language` VALUES (351, 'sys_menu', 1118394163304927234, 'name', '新增', 'zh-TW');
INSERT INTO `sys_language` VALUES (352, 'sys_menu', 1118394163304927235, 'name', 'Edit', 'en-US');
INSERT INTO `sys_language` VALUES (353, 'sys_menu', 1118394163304927235, 'name', '修改', 'zh-CN');
INSERT INTO `sys_language` VALUES (354, 'sys_menu', 1118394163304927235, 'name', '修改', 'zh-TW');
INSERT INTO `sys_language` VALUES (355, 'sys_menu', 1118394163304927236, 'name', 'Delete', 'en-US');
INSERT INTO `sys_language` VALUES (356, 'sys_menu', 1118394163304927236, 'name', '删除', 'zh-CN');
INSERT INTO `sys_language` VALUES (357, 'sys_menu', 1118394163304927236, 'name', '刪除', 'zh-TW');
INSERT INTO `sys_language` VALUES (358, 'sys_menu', 1118394163304927237, 'name', 'Export', 'en-US');
INSERT INTO `sys_language` VALUES (359, 'sys_menu', 1118394163304927237, 'name', '导出', 'zh-CN');
INSERT INTO `sys_language` VALUES (360, 'sys_menu', 1118394163304927237, 'name', '導出', 'zh-TW');
INSERT INTO `sys_language` VALUES (361, 'sys_menu', 1118413293341581313, 'name', 'Delete', 'en-US');
INSERT INTO `sys_language` VALUES (362, 'sys_menu', 1118413293341581313, 'name', '删除', 'zh-CN');
INSERT INTO `sys_language` VALUES (363, 'sys_menu', 1118413293341581313, 'name', '删除', 'zh-TW');
INSERT INTO `sys_language` VALUES (364, 'sys_menu', 1119115531650666497, 'name', 'WeChatMessageRecord', 'en-US');
INSERT INTO `sys_language` VALUES (365, 'sys_menu', 1119115531650666497, 'name', '微信消息', 'zh-CN');
INSERT INTO `sys_language` VALUES (366, 'sys_menu', 1119115531650666497, 'name', '微信消息發送記錄', 'zh-TW');
INSERT INTO `sys_language` VALUES (367, 'sys_menu', 1119115531650666498, 'name', 'View', 'en-US');
INSERT INTO `sys_language` VALUES (368, 'sys_menu', 1119115531650666498, 'name', '查看', 'zh-CN');
INSERT INTO `sys_language` VALUES (369, 'sys_menu', 1119115531650666498, 'name', '查看', 'zh-TW');
INSERT INTO `sys_language` VALUES (370, 'sys_menu', 1119115531650666499, 'name', 'Add', 'en-US');
INSERT INTO `sys_language` VALUES (371, 'sys_menu', 1119115531650666499, 'name', '新增', 'zh-CN');
INSERT INTO `sys_language` VALUES (372, 'sys_menu', 1119115531650666499, 'name', '新增', 'zh-TW');
INSERT INTO `sys_language` VALUES (373, 'sys_menu', 1119115531650666500, 'name', 'Edit', 'en-US');
INSERT INTO `sys_language` VALUES (374, 'sys_menu', 1119115531650666500, 'name', '修改', 'zh-CN');
INSERT INTO `sys_language` VALUES (375, 'sys_menu', 1119115531650666500, 'name', '修改', 'zh-TW');
INSERT INTO `sys_language` VALUES (376, 'sys_menu', 1119115531650666501, 'name', 'Delete', 'en-US');
INSERT INTO `sys_language` VALUES (377, 'sys_menu', 1119115531650666501, 'name', '删除', 'zh-CN');
INSERT INTO `sys_language` VALUES (378, 'sys_menu', 1119115531650666501, 'name', '刪除', 'zh-TW');
INSERT INTO `sys_language` VALUES (379, 'sys_menu', 1119115531650666502, 'name', 'Export', 'en-US');
INSERT INTO `sys_language` VALUES (380, 'sys_menu', 1119115531650666502, 'name', '导出', 'zh-CN');
INSERT INTO `sys_language` VALUES (381, 'sys_menu', 1119115531650666502, 'name', '導出', 'zh-TW');
INSERT INTO `sys_language` VALUES (382, 'sys_menu', 1119141098068430850, 'name', '删除', 'zh-CN');
INSERT INTO `sys_language` VALUES (383, 'sys_menu', 1121324451186188290, 'name', 'User Center', 'en-US');
INSERT INTO `sys_language` VALUES (384, 'sys_menu', 1121324451186188290, 'name', '用户中心', 'zh-CN');
INSERT INTO `sys_language` VALUES (385, 'sys_menu', 1121324451186188290, 'name', '用戶中心', 'zh-TW');
INSERT INTO `sys_language` VALUES (386, 'sys_menu', 1121324923284463617, 'name', 'Personal Center', 'en-US');
INSERT INTO `sys_language` VALUES (387, 'sys_menu', 1121324923284463617, 'name', '个人中心', 'zh-CN');
INSERT INTO `sys_language` VALUES (388, 'sys_menu', 1121324923284463617, 'name', '個人中心', 'zh-TW');
INSERT INTO `sys_language` VALUES (389, 'sys_menu', 1122402413792096257, 'name', 'Workbench', 'en-US');
INSERT INTO `sys_language` VALUES (390, 'sys_menu', 1122402413792096257, 'name', '工作台', 'zh-CN');
INSERT INTO `sys_language` VALUES (391, 'sys_menu', 1122402413792096257, 'name', '工作台', 'zh-TW');
INSERT INTO `sys_language` VALUES (393, 'sys_menu', 1122402524739825666, 'name', '系统管理', 'zh-CN');
INSERT INTO `sys_language` VALUES (394, 'sys_menu', 1122402524739825666, 'name', '系統管理', 'zh-TW');
INSERT INTO `sys_language` VALUES (395, 'sys_menu', 1122404527650009089, 'name', 'My Work', 'en-US');
INSERT INTO `sys_language` VALUES (396, 'sys_menu', 1122404527650009089, 'name', '我的工作', 'zh-CN');
INSERT INTO `sys_language` VALUES (397, 'sys_menu', 1122404527650009089, 'name', '我的工作', 'zh-TW');
INSERT INTO `sys_language` VALUES (398, 'sys_menu', 1125306056461905922, 'name', '公司', 'en-US');
INSERT INTO `sys_language` VALUES (399, 'sys_menu', 1125306056461905922, 'name', '公司主数据', 'zh-CN');
INSERT INTO `sys_language` VALUES (400, 'sys_menu', 1125306056461905922, 'name', '公司', 'zh-TW');
INSERT INTO `sys_language` VALUES (401, 'sys_menu', 1125306056461905923, 'name', 'View', 'en-US');
INSERT INTO `sys_language` VALUES (402, 'sys_menu', 1125306056461905923, 'name', '查看', 'zh-CN');
INSERT INTO `sys_language` VALUES (403, 'sys_menu', 1125306056461905923, 'name', '查看', 'zh-TW');
INSERT INTO `sys_language` VALUES (404, 'sys_menu', 1125306056461905924, 'name', 'Add', 'en-US');
INSERT INTO `sys_language` VALUES (405, 'sys_menu', 1125306056461905924, 'name', '新增', 'zh-CN');
INSERT INTO `sys_language` VALUES (406, 'sys_menu', 1125306056461905924, 'name', '新增', 'zh-TW');
INSERT INTO `sys_language` VALUES (407, 'sys_menu', 1125306056461905925, 'name', 'Edit', 'en-US');
INSERT INTO `sys_language` VALUES (408, 'sys_menu', 1125306056461905925, 'name', '修改', 'zh-CN');
INSERT INTO `sys_language` VALUES (409, 'sys_menu', 1125306056461905925, 'name', '修改', 'zh-TW');
INSERT INTO `sys_language` VALUES (410, 'sys_menu', 1125306056461905926, 'name', 'Delete', 'en-US');
INSERT INTO `sys_language` VALUES (411, 'sys_menu', 1125306056461905926, 'name', '删除', 'zh-CN');
INSERT INTO `sys_language` VALUES (412, 'sys_menu', 1125306056461905926, 'name', '刪除', 'zh-TW');
INSERT INTO `sys_language` VALUES (413, 'sys_menu', 1125306056461905927, 'name', 'Export', 'en-US');
INSERT INTO `sys_language` VALUES (414, 'sys_menu', 1125306056461905927, 'name', '导出', 'zh-CN');
INSERT INTO `sys_language` VALUES (415, 'sys_menu', 1125306056461905927, 'name', '導出', 'zh-TW');
INSERT INTO `sys_language` VALUES (416, 'sys_menu', 1129274780424445954, 'name', '测试模块', 'zh-CN');
INSERT INTO `sys_language` VALUES (417, 'sys_menu', 1129274957608624130, 'name', '品牌主数据', 'zh-CN');
INSERT INTO `sys_language` VALUES (418, 'sys_menu', 1130380195256020993, 'name', 'bpm_form_def', 'en-US');
INSERT INTO `sys_language` VALUES (419, 'sys_menu', 1130380195256020993, 'name', '流程表单', 'zh-CN');
INSERT INTO `sys_language` VALUES (420, 'sys_menu', 1130380195256020993, 'name', 'bpm_form_def', 'zh-TW');
INSERT INTO `sys_language` VALUES (421, 'sys_menu', 1130380195256020994, 'name', 'View', 'en-US');
INSERT INTO `sys_language` VALUES (422, 'sys_menu', 1130380195256020994, 'name', '查看', 'zh-CN');
INSERT INTO `sys_language` VALUES (423, 'sys_menu', 1130380195256020994, 'name', '查看', 'zh-TW');
INSERT INTO `sys_language` VALUES (424, 'sys_menu', 1130380195256020995, 'name', 'Add', 'en-US');
INSERT INTO `sys_language` VALUES (425, 'sys_menu', 1130380195256020995, 'name', '新增', 'zh-CN');
INSERT INTO `sys_language` VALUES (426, 'sys_menu', 1130380195256020995, 'name', '新增', 'zh-TW');
INSERT INTO `sys_language` VALUES (427, 'sys_menu', 1130380195256020996, 'name', 'Edit', 'en-US');
INSERT INTO `sys_language` VALUES (428, 'sys_menu', 1130380195256020996, 'name', '修改', 'zh-CN');
INSERT INTO `sys_language` VALUES (429, 'sys_menu', 1130380195256020996, 'name', '修改', 'zh-TW');
INSERT INTO `sys_language` VALUES (430, 'sys_menu', 1130380195256020997, 'name', 'Delete', 'en-US');
INSERT INTO `sys_language` VALUES (431, 'sys_menu', 1130380195256020997, 'name', '删除', 'zh-CN');
INSERT INTO `sys_language` VALUES (432, 'sys_menu', 1130380195256020997, 'name', '刪除', 'zh-TW');
INSERT INTO `sys_language` VALUES (433, 'sys_menu', 1130380195256020998, 'name', 'Export', 'en-US');
INSERT INTO `sys_language` VALUES (434, 'sys_menu', 1130380195256020998, 'name', '导出', 'zh-CN');
INSERT INTO `sys_language` VALUES (435, 'sys_menu', 1130380195256020998, 'name', '導出', 'zh-TW');
INSERT INTO `sys_language` VALUES (436, 'sys_menu', 1131062879057817602, 'name', '请假申请表', 'en-US');
INSERT INTO `sys_language` VALUES (437, 'sys_menu', 1131062879057817602, 'name', '请假申请表', 'zh-CN');
INSERT INTO `sys_language` VALUES (438, 'sys_menu', 1131062879057817602, 'name', '请假申请表', 'zh-TW');
INSERT INTO `sys_language` VALUES (439, 'sys_menu', 1131062879057817603, 'name', 'View', 'en-US');
INSERT INTO `sys_language` VALUES (440, 'sys_menu', 1131062879057817603, 'name', '查看', 'zh-CN');
INSERT INTO `sys_language` VALUES (441, 'sys_menu', 1131062879057817603, 'name', '查看', 'zh-TW');
INSERT INTO `sys_language` VALUES (442, 'sys_menu', 1131062879057817604, 'name', 'Add', 'en-US');
INSERT INTO `sys_language` VALUES (443, 'sys_menu', 1131062879057817604, 'name', '新增', 'zh-CN');
INSERT INTO `sys_language` VALUES (444, 'sys_menu', 1131062879057817604, 'name', '新增', 'zh-TW');
INSERT INTO `sys_language` VALUES (445, 'sys_menu', 1131062879057817605, 'name', 'Edit', 'en-US');
INSERT INTO `sys_language` VALUES (446, 'sys_menu', 1131062879057817605, 'name', '修改', 'zh-CN');
INSERT INTO `sys_language` VALUES (447, 'sys_menu', 1131062879057817605, 'name', '修改', 'zh-TW');
INSERT INTO `sys_language` VALUES (448, 'sys_menu', 1131062879057817606, 'name', 'Delete', 'en-US');
INSERT INTO `sys_language` VALUES (449, 'sys_menu', 1131062879057817606, 'name', '删除', 'zh-CN');
INSERT INTO `sys_language` VALUES (450, 'sys_menu', 1131062879057817606, 'name', '刪除', 'zh-TW');
INSERT INTO `sys_language` VALUES (451, 'sys_menu', 1131062879057817607, 'name', 'Export', 'en-US');
INSERT INTO `sys_language` VALUES (452, 'sys_menu', 1131062879057817607, 'name', '导出', 'zh-CN');
INSERT INTO `sys_language` VALUES (453, 'sys_menu', 1131062879057817607, 'name', '導出', 'zh-TW');
INSERT INTO `sys_language` VALUES (454, 'sys_menu', 1131070018222563330, 'name', '请假表单', 'zh-CN');
INSERT INTO `sys_language` VALUES (455, 'sys_menu', 1131091080756801538, 'name', 'bpm_proc_biz', 'en-US');
INSERT INTO `sys_language` VALUES (456, 'sys_menu', 1131091080756801538, 'name', '我的申请', 'zh-CN');
INSERT INTO `sys_language` VALUES (457, 'sys_menu', 1131091080756801538, 'name', 'bpm_proc_biz', 'zh-TW');
INSERT INTO `sys_language` VALUES (458, 'sys_menu', 1131091080756801539, 'name', 'View', 'en-US');
INSERT INTO `sys_language` VALUES (459, 'sys_menu', 1131091080756801539, 'name', '查看', 'zh-CN');
INSERT INTO `sys_language` VALUES (460, 'sys_menu', 1131091080756801539, 'name', '查看', 'zh-TW');
INSERT INTO `sys_language` VALUES (461, 'sys_menu', 1131091080756801540, 'name', 'Add', 'en-US');
INSERT INTO `sys_language` VALUES (462, 'sys_menu', 1131091080756801540, 'name', '新增', 'zh-CN');
INSERT INTO `sys_language` VALUES (463, 'sys_menu', 1131091080756801540, 'name', '新增', 'zh-TW');
INSERT INTO `sys_language` VALUES (464, 'sys_menu', 1131091080756801541, 'name', 'Edit', 'en-US');
INSERT INTO `sys_language` VALUES (465, 'sys_menu', 1131091080756801541, 'name', '修改', 'zh-CN');
INSERT INTO `sys_language` VALUES (466, 'sys_menu', 1131091080756801541, 'name', '修改', 'zh-TW');
INSERT INTO `sys_language` VALUES (467, 'sys_menu', 1131091080756801542, 'name', 'Delete', 'en-US');
INSERT INTO `sys_language` VALUES (468, 'sys_menu', 1131091080756801542, 'name', '删除', 'zh-CN');
INSERT INTO `sys_language` VALUES (469, 'sys_menu', 1131091080756801542, 'name', '刪除', 'zh-TW');
INSERT INTO `sys_language` VALUES (470, 'sys_menu', 1131091080756801543, 'name', 'Export', 'en-US');
INSERT INTO `sys_language` VALUES (471, 'sys_menu', 1131091080756801543, 'name', '导出', 'zh-CN');
INSERT INTO `sys_language` VALUES (472, 'sys_menu', 1131091080756801543, 'name', '導出', 'zh-TW');
INSERT INTO `sys_language` VALUES (473, 'sys_menu', 1131129983447777282, 'name', 'test', 'en-US');
INSERT INTO `sys_language` VALUES (474, 'sys_menu', 1131129983447777282, 'name', 'test', 'zh-CN');
INSERT INTO `sys_language` VALUES (475, 'sys_menu', 1131418921042128898, 'name', 'Class of privileges', 'en-US');
INSERT INTO `sys_language` VALUES (476, 'sys_menu', 1131418921042128898, 'name', '权限分类', 'zh-CN');
INSERT INTO `sys_language` VALUES (477, 'sys_menu', 1131418921042128898, 'name', '許可權分類', 'zh-TW');
INSERT INTO `sys_language` VALUES (478, 'sys_menu', 1131418921042128899, 'name', 'View', 'en-US');
INSERT INTO `sys_language` VALUES (479, 'sys_menu', 1131418921042128899, 'name', '查看', 'zh-CN');
INSERT INTO `sys_language` VALUES (480, 'sys_menu', 1131418921042128899, 'name', '查看', 'zh-TW');
INSERT INTO `sys_language` VALUES (481, 'sys_menu', 1131418921042128900, 'name', 'Add', 'en-US');
INSERT INTO `sys_language` VALUES (482, 'sys_menu', 1131418921042128900, 'name', '新增', 'zh-CN');
INSERT INTO `sys_language` VALUES (483, 'sys_menu', 1131418921042128900, 'name', '新增', 'zh-TW');
INSERT INTO `sys_language` VALUES (484, 'sys_menu', 1131418921042128901, 'name', 'Edit', 'en-US');
INSERT INTO `sys_language` VALUES (485, 'sys_menu', 1131418921042128901, 'name', '修改', 'zh-CN');
INSERT INTO `sys_language` VALUES (486, 'sys_menu', 1131418921042128901, 'name', '修改', 'zh-TW');
INSERT INTO `sys_language` VALUES (487, 'sys_menu', 1131418921042128902, 'name', 'Delete', 'en-US');
INSERT INTO `sys_language` VALUES (488, 'sys_menu', 1131418921042128902, 'name', '删除', 'zh-CN');
INSERT INTO `sys_language` VALUES (489, 'sys_menu', 1131418921042128902, 'name', '刪除', 'zh-TW');
INSERT INTO `sys_language` VALUES (490, 'sys_menu', 1131418921042128903, 'name', 'Export', 'en-US');
INSERT INTO `sys_language` VALUES (491, 'sys_menu', 1131418921042128903, 'name', '导出', 'zh-CN');
INSERT INTO `sys_language` VALUES (492, 'sys_menu', 1131418921042128903, 'name', '導出', 'zh-TW');
INSERT INTO `sys_language` VALUES (493, 'sys_menu', 1133545892338630657, 'name', '待办', 'zh-CN');
INSERT INTO `sys_language` VALUES (494, 'sys_menu', 1133546010773192706, 'name', '已办', 'zh-CN');
INSERT INTO `sys_language` VALUES (1133614351249334273, 'sys_menu', 1122402524739825666, 'name', 'Sys Management', 'en-US');
COMMIT;

-- ----------------------------
-- Table structure for sys_log_error
-- ----------------------------
DROP TABLE IF EXISTS `sys_log_error`;
CREATE TABLE `sys_log_error` (
  `id` bigint(20) NOT NULL COMMENT 'id',
  `request_uri` varchar(200) DEFAULT NULL COMMENT '请求URI',
  `request_method` varchar(20) DEFAULT NULL COMMENT '请求方式',
  `request_params` text COMMENT '请求参数',
  `user_agent` varchar(500) DEFAULT NULL COMMENT '用户代理',
  `ip` varchar(32) DEFAULT NULL COMMENT '操作IP',
  `error_info` text COMMENT '异常信息',
  `creator` varchar(64) DEFAULT NULL COMMENT '创建者',
  `create_date` datetime DEFAULT NULL COMMENT '创建时间',
  PRIMARY KEY (`id`) USING BTREE,
  KEY `idx_create_date` (`create_date`) USING BTREE
) ENGINE=InnoDB DEFAULT CHARSET=utf8 COMMENT='异常日志';

-- ----------------------------
-- Table structure for sys_log_login
-- ----------------------------
DROP TABLE IF EXISTS `sys_log_login`;
CREATE TABLE `sys_log_login` (
  `id` bigint(20) NOT NULL COMMENT 'id',
  `operation` tinyint(3) unsigned DEFAULT NULL COMMENT '用户操作   0：用户登录   1：用户退出',
  `status` tinyint(3) unsigned NOT NULL COMMENT '状态  0：失败    1：成功    2：账号已锁定',
  `user_agent` varchar(500) DEFAULT NULL COMMENT '用户代理',
  `ip` varchar(32) DEFAULT NULL COMMENT '操作IP',
  `creator_name` varchar(50) DEFAULT NULL COMMENT '用户名',
  `creator` varchar(64) DEFAULT NULL COMMENT '创建者',
  `create_date` datetime DEFAULT NULL COMMENT '创建时间',
  PRIMARY KEY (`id`) USING BTREE,
  KEY `idx_status` (`status`) USING BTREE,
  KEY `idx_create_date` (`create_date`) USING BTREE
) ENGINE=InnoDB DEFAULT CHARSET=utf8 COMMENT='登录日志';

-- ----------------------------
-- Table structure for sys_log_operation
-- ----------------------------
DROP TABLE IF EXISTS `sys_log_operation`;
CREATE TABLE `sys_log_operation` (
  `id` bigint(20) NOT NULL COMMENT 'id',
  `operation` varchar(50) DEFAULT NULL COMMENT '用户操作',
  `request_uri` varchar(200) DEFAULT NULL COMMENT '请求URI',
  `request_method` varchar(20) DEFAULT NULL COMMENT '请求方式',
  `request_params` text COMMENT '请求参数',
  `request_time` int(10) unsigned NOT NULL COMMENT '请求时长(毫秒)',
  `user_agent` varchar(500) DEFAULT NULL COMMENT '用户代理',
  `ip` varchar(32) DEFAULT NULL COMMENT '操作IP',
  `status` tinyint(3) unsigned NOT NULL COMMENT '状态  0：失败   1：成功',
  `creator_name` varchar(50) DEFAULT NULL COMMENT '用户名',
  `creator` varchar(64) DEFAULT NULL COMMENT '创建者',
  `create_date` datetime DEFAULT NULL COMMENT '创建时间',
  PRIMARY KEY (`id`) USING BTREE,
  KEY `idx_create_date` (`create_date`) USING BTREE
) ENGINE=InnoDB DEFAULT CHARSET=utf8 COMMENT='操作日志';

-- ----------------------------
-- Table structure for sys_mail_log
-- ----------------------------
DROP TABLE IF EXISTS `sys_mail_log`;
CREATE TABLE `sys_mail_log` (
  `id` bigint(20) NOT NULL COMMENT 'id',
  `template_id` bigint(20) NOT NULL COMMENT '邮件模板ID',
  `mail_from` varchar(200) DEFAULT NULL COMMENT '发送者',
  `mail_to` varchar(400) DEFAULT NULL COMMENT '收件人',
  `mail_cc` varchar(400) DEFAULT NULL COMMENT '抄送者',
  `subject` varchar(200) DEFAULT NULL COMMENT '邮件主题',
  `content` text COMMENT '邮件正文',
  `status` tinyint(3) unsigned DEFAULT NULL COMMENT '发送状态  0：失败  1：成功',
  `creator` varchar(64) DEFAULT NULL COMMENT '创建者',
  `create_date` datetime DEFAULT NULL COMMENT '创建时间',
  PRIMARY KEY (`id`) USING BTREE,
  KEY `idx_create_date` (`create_date`) USING BTREE
) ENGINE=InnoDB DEFAULT CHARSET=utf8 COMMENT='邮件发送记录';

-- ----------------------------
-- Table structure for sys_mail_template
-- ----------------------------
DROP TABLE IF EXISTS `sys_mail_template`;
CREATE TABLE `sys_mail_template` (
  `id` bigint(20) NOT NULL COMMENT 'id',
  `name` varchar(100) DEFAULT NULL COMMENT '模板名称',
  `subject` varchar(200) DEFAULT NULL COMMENT '邮件主题',
  `content` text COMMENT '邮件正文',
  `creator` varchar(64) DEFAULT NULL COMMENT '创建者',
  `create_date` datetime DEFAULT NULL COMMENT '创建时间',
  `updater` varchar(64) DEFAULT NULL COMMENT '更新者',
  `update_date` datetime DEFAULT NULL COMMENT '更新时间',
  PRIMARY KEY (`id`) USING BTREE,
  KEY `idx_create_date` (`create_date`) USING BTREE
) ENGINE=InnoDB DEFAULT CHARSET=utf8 COMMENT='邮件模板';

-- ----------------------------
-- Records of sys_mail_template
-- ----------------------------
BEGIN;
INSERT INTO `sys_mail_template` VALUES (1067246875800000077, '验证码模板', '注册验证码', '<p>注册验证码：${code}</p>', NULL, '2019-02-19 08:58:05', NULL, NULL);
COMMIT;

-- ----------------------------
-- Table structure for sys_menu
-- ----------------------------
DROP TABLE IF EXISTS `sys_menu`;
CREATE TABLE `sys_menu` (
  `id` bigint(20) NOT NULL COMMENT 'id',
  `pid` bigint(20) DEFAULT NULL COMMENT '上级ID，一级菜单为0',
  `url` varchar(200) DEFAULT NULL COMMENT '菜单URL',
  `permissions` varchar(500) DEFAULT NULL COMMENT '授权(多个用逗号分隔，如：sys:user:list,sys:user:save)',
  `type` tinyint(3) unsigned DEFAULT NULL COMMENT '类型   0：菜单   1：按钮',
  `icon` varchar(50) DEFAULT NULL COMMENT '菜单图标',
  `sort` int(11) DEFAULT NULL COMMENT '排序',
  `creator` varchar(64) DEFAULT NULL COMMENT '创建者',
  `create_date` datetime DEFAULT NULL COMMENT '创建时间',
  `updater` varchar(64) DEFAULT NULL COMMENT '更新者',
  `update_date` datetime DEFAULT NULL COMMENT '更新时间',
  `is_important` char(1) DEFAULT '0' COMMENT '是否为敏感菜单',
  `show_flag` tinyint(4) NOT NULL DEFAULT '1' COMMENT '是否显示',
  PRIMARY KEY (`id`) USING BTREE,
  KEY `idx_pid` (`pid`) USING BTREE,
  KEY `idx_sort` (`sort`) USING BTREE
) ENGINE=InnoDB DEFAULT CHARSET=utf8 COMMENT='菜单管理';

-- ----------------------------
-- Records of sys_menu
-- ----------------------------
BEGIN;
INSERT INTO `sys_menu` VALUES (1067246875800000002, 1122402524739825666, NULL, NULL, 3, 'icon-safetycertificate', 0, '1067246875800000001', '2019-02-19 08:58:01', 'admin', '2019-04-28 15:30:07', NULL, 1);
INSERT INTO `sys_menu` VALUES (1067246875800000003, 1067246875800000055, NULL, 'sys:user:save,sys:dept:list,sys:role:list', 1, NULL, 1, '1067246875800000001', '2019-02-19 08:58:01', '1067246875800000001', '2019-02-19 08:58:01', NULL, 1);
INSERT INTO `sys_menu` VALUES (1067246875800000004, 1067246875800000055, NULL, 'sys:user:update,sys:dept:list,sys:role:list', 1, NULL, 2, '1067246875800000001', '2019-02-19 08:58:01', '1067246875800000001', '2019-02-19 08:58:01', NULL, 1);
INSERT INTO `sys_menu` VALUES (1067246875800000005, 1067246875800000055, NULL, 'sys:user:delete', 1, NULL, 3, '1067246875800000001', '2019-02-19 08:58:01', '1067246875800000001', '2019-02-19 08:58:01', NULL, 1);
INSERT INTO `sys_menu` VALUES (1067246875800000006, 1067246875800000055, NULL, 'sys:user:export', 1, NULL, 4, '1067246875800000001', '2019-02-19 08:58:01', '1067246875800000001', '2019-02-19 08:58:01', NULL, 1);
INSERT INTO `sys_menu` VALUES (1067246875800000007, 1067246875800000002, 'sys/role', NULL, 0, 'icon-team', 2, '1067246875800000001', '2019-02-19 08:58:01', '1067246875800000001', '2019-02-19 08:58:01', '1', 1);
INSERT INTO `sys_menu` VALUES (1067246875800000008, 1067246875800000007, NULL, 'sys:role:page,sys:role:info,sys:sysruledata:list', 1, NULL, 0, '1067246875800000001', '2019-02-19 08:58:01', 'admin', '2019-03-20 22:07:11', '1', 1);
INSERT INTO `sys_menu` VALUES (1067246875800000009, 1067246875800000007, NULL, 'sys:role:save,sys:menu:selectAuth,sys:dept:list', 1, NULL, 1, '1067246875800000001', '2019-02-19 08:58:01', 'admin', '2019-04-04 22:51:24', '1', 1);
INSERT INTO `sys_menu` VALUES (1067246875800000010, 1067246875800000007, NULL, 'sys:role:update,sys:menu:selectAuth,sys:dept:list', 1, NULL, 2, '1067246875800000001', '2019-02-19 08:58:01', 'admin', '2019-04-04 22:51:50', '1', 1);
INSERT INTO `sys_menu` VALUES (1067246875800000011, 1067246875800000007, NULL, 'sys:role:delete', 1, NULL, 3, '1067246875800000001', '2019-02-19 08:58:01', '1067246875800000001', '2019-02-19 08:58:01', '1', 1);
INSERT INTO `sys_menu` VALUES (1067246875800000012, 1067246875800000002, 'sys/dept', NULL, 0, 'icon-apartment', 1, '1067246875800000001', '2019-02-19 08:58:01', '1067246875800000001', '2019-02-19 08:58:01', NULL, 1);
INSERT INTO `sys_menu` VALUES (1067246875800000013, 1122402524739825666, NULL, NULL, 3, 'icon-cluster', 2, '1067246875800000001', '2019-02-19 08:58:01', 'admin', '2019-04-28 15:36:09', NULL, 1);
INSERT INTO `sys_menu` VALUES (1067246875800000014, 1067246875800000012, NULL, 'sys:dept:list,sys:dept:info', 1, NULL, 0, '1067246875800000001', '2019-02-19 08:58:01', '1067246875800000001', '2019-02-19 08:58:01', NULL, 1);
INSERT INTO `sys_menu` VALUES (1067246875800000015, 1067246875800000012, NULL, 'sys:dept:save', 1, NULL, 1, '1067246875800000001', '2019-02-19 08:58:01', '1067246875800000001', '2019-02-19 08:58:01', NULL, 1);
INSERT INTO `sys_menu` VALUES (1067246875800000016, 1067246875800000012, NULL, 'sys:dept:update', 1, NULL, 2, '1067246875800000001', '2019-02-19 08:58:01', '1067246875800000001', '2019-02-19 08:58:01', NULL, 1);
INSERT INTO `sys_menu` VALUES (1067246875800000017, 1067246875800000012, NULL, 'sys:dept:delete', 1, NULL, 3, '1067246875800000001', '2019-02-19 08:58:01', '1067246875800000001', '2019-02-19 08:58:01', NULL, 1);
INSERT INTO `sys_menu` VALUES (1067246875800000018, 1067246875800000013, 'flowable/process', 'sys:process:all', 0, 'icon-detail', 0, '1067246875800000001', '2019-02-19 08:58:01', 'admin', '2019-05-20 15:58:14', NULL, 1);
INSERT INTO `sys_menu` VALUES (1067246875800000019, 1067246875800000013, 'flowable/model', 'sys:model:all', 0, 'icon-appstore-fill', 1, '1067246875800000001', '2019-02-19 08:58:01', 'admin', '2019-05-20 15:58:25', NULL, 1);
INSERT INTO `sys_menu` VALUES (1067246875800000020, 1067246875800000013, 'flowable/running', 'sys:running:all', 0, 'icon-play-square', 2, '1067246875800000001', '2019-02-19 08:58:01', 'admin', '2019-05-20 15:58:52', NULL, 1);
INSERT INTO `sys_menu` VALUES (1067246875800000021, 1067246875800000024, 'message/sms', 'sys:sms:all', 0, 'icon-message-fill', 0, '1067246875800000001', '2019-02-19 08:58:01', '1067246875800000001', '2019-02-19 08:58:01', NULL, 1);
INSERT INTO `sys_menu` VALUES (1067246875800000022, 1067246875800000024, 'message/mail_template', 'sys:mail:all', 0, 'icon-mail', 1, '1067246875800000001', '2019-02-19 08:58:01', '1067246875800000001', '2019-02-19 08:58:01', NULL, 1);
INSERT INTO `sys_menu` VALUES (1067246875800000023, 1067246875800000024, 'message/mail_log', 'sys:mail:log', 0, 'icon-detail-fill', 2, '1067246875800000001', '2019-02-19 08:58:01', '1067246875800000001', '2019-02-19 08:58:01', NULL, 1);
INSERT INTO `sys_menu` VALUES (1067246875800000024, 1122402524739825666, NULL, NULL, 3, 'icon-message', 3, '1067246875800000001', '2019-02-19 08:58:01', 'admin', '2019-04-28 15:35:37', NULL, 1);
INSERT INTO `sys_menu` VALUES (1067246875800000025, 1067246875800000035, 'sys/menu', NULL, 0, 'icon-unorderedlist', 0, '1067246875800000001', '2019-02-19 08:58:01', '1067246875800000001', '2019-02-19 08:58:01', NULL, 1);
INSERT INTO `sys_menu` VALUES (1067246875800000026, 1067246875800000025, NULL, 'sys:menu:list,sys:menu:info', 1, NULL, 0, '1067246875800000001', '2019-02-19 08:58:01', '1067246875800000001', '2019-02-19 08:58:01', NULL, 1);
INSERT INTO `sys_menu` VALUES (1067246875800000027, 1067246875800000025, NULL, 'sys:menu:save', 1, NULL, 1, '1067246875800000001', '2019-02-19 08:58:01', '1067246875800000001', '2019-02-19 08:58:01', NULL, 1);
INSERT INTO `sys_menu` VALUES (1067246875800000028, 1067246875800000025, NULL, 'sys:menu:update', 1, NULL, 2, '1067246875800000001', '2019-02-19 08:58:02', '1067246875800000001', '2019-02-19 08:58:02', NULL, 1);
INSERT INTO `sys_menu` VALUES (1067246875800000029, 1067246875800000025, NULL, 'sys:menu:delete', 1, NULL, 3, '1067246875800000001', '2019-02-19 08:58:02', '1067246875800000001', '2019-02-19 08:58:02', NULL, 1);
INSERT INTO `sys_menu` VALUES (1067246875800000030, 1067246875800000035, 'job/schedule', NULL, 0, 'icon-dashboard', 3, '1067246875800000001', '2019-02-19 08:58:02', '1067246875800000001', '2019-02-19 08:58:02', NULL, 1);
INSERT INTO `sys_menu` VALUES (1067246875800000031, 1067246875800000030, NULL, 'sys:schedule:page,sys:schedule:info', 1, NULL, 0, '1067246875800000001', '2019-02-19 08:58:02', '1067246875800000001', '2019-02-19 08:58:02', NULL, 1);
INSERT INTO `sys_menu` VALUES (1067246875800000032, 1067246875800000030, NULL, 'sys:schedule:save', 1, NULL, 1, '1067246875800000001', '2019-02-19 08:58:02', '1067246875800000001', '2019-02-19 08:58:02', NULL, 1);
INSERT INTO `sys_menu` VALUES (1067246875800000033, 1067246875800000030, NULL, 'sys:schedule:update', 1, NULL, 2, '1067246875800000001', '2019-02-19 08:58:02', '1067246875800000001', '2019-02-19 08:58:02', NULL, 1);
INSERT INTO `sys_menu` VALUES (1067246875800000034, 1067246875800000030, NULL, 'sys:schedule:delete', 1, NULL, 3, '1067246875800000001', '2019-02-19 08:58:02', '1067246875800000001', '2019-02-19 08:58:02', NULL, 1);
INSERT INTO `sys_menu` VALUES (1067246875800000035, 1122402524739825666, NULL, NULL, 3, 'icon-setting', 1, '1067246875800000001', '2019-02-19 08:58:02', 'admin', '2019-04-28 15:30:31', NULL, 1);
INSERT INTO `sys_menu` VALUES (1067246875800000036, 1067246875800000030, NULL, 'sys:schedule:pause', 1, NULL, 4, '1067246875800000001', '2019-02-19 08:58:02', '1067246875800000001', '2019-02-19 08:58:02', NULL, 1);
INSERT INTO `sys_menu` VALUES (1067246875800000037, 1067246875800000030, NULL, 'sys:schedule:resume', 1, NULL, 5, '1067246875800000001', '2019-02-19 08:58:02', '1067246875800000001', '2019-02-19 08:58:02', NULL, 1);
INSERT INTO `sys_menu` VALUES (1067246875800000038, 1067246875800000030, NULL, 'sys:schedule:run', 1, NULL, 6, '1067246875800000001', '2019-02-19 08:58:02', '1067246875800000001', '2019-02-19 08:58:02', NULL, 1);
INSERT INTO `sys_menu` VALUES (1067246875800000039, 1067246875800000030, NULL, 'sys:schedule:log', 1, NULL, 7, '1067246875800000001', '2019-02-19 08:58:02', '1067246875800000001', '2019-02-19 08:58:02', NULL, 1);
INSERT INTO `sys_menu` VALUES (1067246875800000040, 1067246875800000035, 'sys/params', '', 0, 'icon-fileprotect', 1, '1067246875800000001', '2019-02-19 08:58:02', '1067246875800000001', '2019-02-19 08:58:02', NULL, 1);
INSERT INTO `sys_menu` VALUES (1067246875800000046, 1122402524739825666, NULL, NULL, 3, 'icon-container', 4, '1067246875800000001', '2019-02-19 08:58:02', 'admin', '2019-04-28 15:33:57', '0', 1);
INSERT INTO `sys_menu` VALUES (1067246875800000047, 1067246875800000035, 'oss/oss', 'sys:oss:all', 0, 'icon-upload', 4, '1067246875800000001', '2019-02-19 08:58:02', '1067246875800000001', '2019-02-19 08:58:02', NULL, 1);
INSERT INTO `sys_menu` VALUES (1067246875800000048, 1067246875800000046, 'sys/log-login', 'sys:log:login', 0, 'icon-filedone', 0, '1067246875800000001', '2019-02-19 08:58:02', '1067246875800000001', '2019-02-19 08:58:02', '0', 1);
INSERT INTO `sys_menu` VALUES (1067246875800000049, 1067246875800000046, 'sys/log-operation', 'sys:log:operation', 0, 'icon-solution', 1, '1067246875800000001', '2019-02-19 08:58:02', '1067246875800000001', '2019-02-19 08:58:02', '0', 1);
INSERT INTO `sys_menu` VALUES (1067246875800000050, 1067246875800000046, 'sys/log-error', 'sys:log:error', 0, 'icon-file-exception', 2, '1067246875800000001', '2019-02-19 08:58:02', '1067246875800000001', '2019-02-19 08:58:02', '0', 1);
INSERT INTO `sys_menu` VALUES (1067246875800000051, 1067246875800000053, '{{ window.SITE_CONFIG[\"apiURL\"] }}/druid/sql.html', NULL, 0, 'icon-database', 0, '1067246875800000001', '2019-02-19 08:58:02', '1067246875800000001', '2019-02-19 08:58:02', '0', 1);
INSERT INTO `sys_menu` VALUES (1067246875800000053, 1122402524739825666, NULL, NULL, 3, 'icon-desktop', 5, '1067246875800000001', '2019-02-19 08:58:02', 'admin', '2019-04-28 15:34:14', '0', 1);
INSERT INTO `sys_menu` VALUES (1067246875800000055, 1067246875800000002, 'sys/user', NULL, 0, 'icon-user', 0, '1067246875800000001', '2019-02-19 08:58:02', '1067246875800000001', '2019-02-19 08:58:02', NULL, 1);
INSERT INTO `sys_menu` VALUES (1067246875800000056, 1067246875800000055, NULL, 'sys:user:page,sys:user:info', 1, NULL, 0, '1067246875800000001', '2019-02-19 08:58:02', '1067246875800000001', '2019-02-19 08:58:02', NULL, 1);
INSERT INTO `sys_menu` VALUES (1067246875800000057, 1067246875800000040, NULL, 'sys:params:save', 1, NULL, 1, '1067246875800000001', '2019-02-19 08:58:02', '1067246875800000001', '2019-02-19 08:58:02', NULL, 1);
INSERT INTO `sys_menu` VALUES (1067246875800000058, 1067246875800000040, NULL, 'sys:params:export', 1, NULL, 4, '1067246875800000001', '2019-02-19 08:58:02', '1067246875800000001', '2019-02-19 08:58:02', NULL, 1);
INSERT INTO `sys_menu` VALUES (1067246875800000059, 1067246875800000040, '', 'sys:params:page,sys:params:info', 1, NULL, 0, '1067246875800000001', '2019-02-19 08:58:02', '1067246875800000001', '2019-02-19 08:58:02', NULL, 1);
INSERT INTO `sys_menu` VALUES (1067246875800000060, 1067246875800000040, NULL, 'sys:params:update', 1, NULL, 2, '1067246875800000001', '2019-02-19 08:58:02', '1067246875800000001', '2019-02-19 08:58:02', NULL, 1);
INSERT INTO `sys_menu` VALUES (1067246875800000061, 1067246875800000040, '', 'sys:params:delete', 1, '', 3, '1067246875800000001', '2019-02-19 08:58:02', '1067246875800000001', '2019-02-19 08:58:02', NULL, 1);
INSERT INTO `sys_menu` VALUES (1104945274515656706, 1067246875800000035, 'sys/dicttype', NULL, 0, 'icon-calendar-check', 6, '1067246875800000001', '2019-03-11 11:25:48', 'admin', '2019-03-27 17:23:27', NULL, 1);
INSERT INTO `sys_menu` VALUES (1104945274536628225, 1104945274515656706, NULL, 'sys:sysdicttype:page,sys:sysdicttype:info', 1, NULL, 0, '1067246875800000001', '2019-03-11 11:25:48', '1067246875800000001', '2019-03-11 11:25:48', NULL, 1);
INSERT INTO `sys_menu` VALUES (1104945274536628226, 1104945274515656706, NULL, 'sys:sysdicttype:save', 1, NULL, 1, '1067246875800000001', '2019-03-11 11:25:48', '1067246875800000001', '2019-03-11 11:25:48', NULL, 1);
INSERT INTO `sys_menu` VALUES (1104945274536628227, 1104945274515656706, NULL, 'sys:sysdicttype:update', 1, NULL, 2, '1067246875800000001', '2019-03-11 11:25:48', '1067246875800000001', '2019-03-11 11:25:48', NULL, 1);
INSERT INTO `sys_menu` VALUES (1104945274536628228, 1104945274515656706, NULL, 'sys:sysdicttype:delete', 1, NULL, 3, '1067246875800000001', '2019-03-11 11:25:48', '1067246875800000001', '2019-03-11 11:25:48', NULL, 1);
INSERT INTO `sys_menu` VALUES (1104945274536628229, 1104945274515656706, NULL, 'sys:sysdicttype:export', 1, NULL, 4, '1067246875800000001', '2019-03-11 11:25:48', '1067246875800000001', '2019-03-11 11:25:48', NULL, 1);
INSERT INTO `sys_menu` VALUES (1105673543542759425, 1067246875800000035, 'sys/config', '', 0, 'icon-pic-left', 10, 'admin', '2019-03-13 11:34:50', 'admin', '2019-03-27 17:23:37', NULL, 1);
INSERT INTO `sys_menu` VALUES (1105674278967828481, 1105673543542759425, '', 'sys:sysconfig:info', 1, NULL, 0, 'admin', '2019-03-13 11:37:45', 'admin', '2019-03-28 18:33:16', NULL, 1);
INSERT INTO `sys_menu` VALUES (1105674511944638465, 1105673543542759425, '', 'sys:sysconfig:save', 1, NULL, 0, 'admin', '2019-03-13 11:38:41', 'admin', '2019-03-13 11:39:17', NULL, 1);
INSERT INTO `sys_menu` VALUES (1108280267198582785, 1067246875800000002, 'sys/ruledata', NULL, 0, 'icon-desktop', 4, '1067246875800000001', '2019-03-20 16:49:23', 'admin', '2019-03-27 17:23:15', '1', 1);
INSERT INTO `sys_menu` VALUES (1108280267198582786, 1108280267198582785, NULL, 'sys:sysruledata:page,sys:sysruledata:info', 1, NULL, 0, '1067246875800000001', '2019-03-20 16:49:23', 'admin', '2019-03-20 22:06:42', '1', 1);
INSERT INTO `sys_menu` VALUES (1108280267198582787, 1108280267198582785, NULL, 'sys:sysruledata:save,sys:dicedata:list', 1, NULL, 1, '1067246875800000001', '2019-03-20 16:49:23', 'admin', '2019-03-21 21:06:25', '1', 1);
INSERT INTO `sys_menu` VALUES (1108280267198582788, 1108280267198582785, NULL, 'sys:sysruledata:update', 1, NULL, 2, '1067246875800000001', '2019-03-20 16:49:23', '1067246875800000001', '2019-03-20 16:49:23', '1', 1);
INSERT INTO `sys_menu` VALUES (1108280267198582789, 1108280267198582785, NULL, 'sys:sysruledata:delete', 1, NULL, 3, '1067246875800000001', '2019-03-20 16:49:23', '1067246875800000001', '2019-03-20 16:49:23', '1', 1);
INSERT INTO `sys_menu` VALUES (1108280267198582790, 1108280267198582785, NULL, 'sys:sysruledata:export', 1, NULL, 4, '1067246875800000001', '2019-03-20 16:49:23', '1067246875800000001', '2019-03-20 16:49:23', '1', 1);
INSERT INTO `sys_menu` VALUES (1108978773529309186, 1122402524739825666, '', '', 3, 'icon-securityscan', 6, 'admin', '2019-03-22 14:28:38', 'admin', '2019-04-28 15:34:38', '0', 1);
INSERT INTO `sys_menu` VALUES (1108981176664174594, 1108978773529309186, 'sys/securityconfig', '', 0, 'icon-info-circle', 0, 'admin', '2019-03-22 14:38:11', 'admin', '2019-03-25 16:31:28', '1', 1);
INSERT INTO `sys_menu` VALUES (1109015863500156929, 1067246875800000055, '', 'sys:user:secAdmin', 1, '', 0, 'admin', '2019-03-22 16:56:01', 'admin', '2019-03-22 16:56:01', NULL, 1);
INSERT INTO `sys_menu` VALUES (1110124168137531394, 1108981176664174594, '', 'sys:securityconfig:info', 1, NULL, 0, 'admin', '2019-03-25 18:20:01', 'admin', '2019-03-25 18:20:01', '1', 1);
INSERT INTO `sys_menu` VALUES (1110124490260078593, 1108981176664174594, '', 'sys:securityconfig:update', 1, NULL, 0, 'admin', '2019-03-25 18:21:18', 'admin', '2019-03-25 18:21:18', '1', 1);
INSERT INTO `sys_menu` VALUES (1110169486024237058, 1067246875800000053, '{{ window.SITE_CONFIG[\"apiURL\"] }}/swagger-ui.html', '', 0, 'icon-earth', 0, 'admin', '2019-03-25 21:20:06', 'admin', '2019-03-25 21:22:18', '0', 1);
INSERT INTO `sys_menu` VALUES (1110386559477112834, 1108978773529309186, 'sys/pwdAudit', '', 0, 'icon-idcard', 0, 'admin', '2019-03-26 11:42:40', 'admin', '2019-03-26 11:42:40', '0', 1);
INSERT INTO `sys_menu` VALUES (1110444051728101378, 1067246875800000053, 'sys/online', '', 0, 'icon-project', 10, 'admin', '2019-03-26 15:31:08', 'admin', '2019-03-26 15:31:26', '0', 1);
INSERT INTO `sys_menu` VALUES (1110444244569616386, 1110444051728101378, '', 'sys:online:page', 1, '', 0, 'admin', '2019-03-26 15:31:54', 'admin', '2019-03-26 18:13:44', '0', 1);
INSERT INTO `sys_menu` VALUES (1110462041977982978, 1110444051728101378, '', 'sys:online:fquit', 1, '', 10, 'admin', '2019-03-26 16:42:37', 'admin', '2019-03-26 18:15:52', '0', 1);
INSERT INTO `sys_menu` VALUES (1110756601934045185, 1067246875800000053, 'monitor/jvm', '', 0, 'icon-eye', 0, 'admin', '2019-03-27 12:13:05', 'admin', '2019-04-04 09:36:43', '0', 1);
INSERT INTO `sys_menu` VALUES (1110756757051990017, 1110756601934045185, '', 'sys:monitor:jvm', 1, '', 0, 'admin', '2019-03-27 12:13:42', 'admin', '2019-03-27 14:30:35', '0', 1);
INSERT INTO `sys_menu` VALUES (1110807586852630530, 1110386559477112834, '', 'sys:pwdAudit:page', 1, '', 0, 'admin', '2019-03-27 15:35:41', 'admin', '2019-03-27 15:35:41', '0', 1);
INSERT INTO `sys_menu` VALUES (1110807738292170753, 1110386559477112834, '', 'sys:pwdAudit:export', 1, '', 0, 'admin', '2019-03-27 15:36:17', 'admin', '2019-03-27 15:36:17', '0', 1);
INSERT INTO `sys_menu` VALUES (1111643626912608257, 1108978773529309186, 'sys/privilegeAudit', '', 0, 'icon-down-circle', 0, 'admin', '2019-03-29 22:57:49', 'admin', '2019-03-30 17:53:59', '0', 1);
INSERT INTO `sys_menu` VALUES (1112336828338483201, 1111643626912608257, '', 'sys:user:page,sys:dept:list,sys:menu:select,sys:menu:userMenu', 1, '', 0, 'admin', '2019-03-31 20:52:21', 'admin', '2019-04-02 17:04:50', '0', 1);
INSERT INTO `sys_menu` VALUES (1112915743196971009, 1111643626912608257, '', 'sys:menu:isImportant,sys:menu:isImportantList', 1, '', 0, 'admin', '2019-04-02 11:12:45', 'admin', '2019-04-02 17:05:08', '0', 1);
INSERT INTO `sys_menu` VALUES (1112978398242054146, 1111643626912608257, '', 'sys:privilege:export', 1, '', 10, 'admin', '2019-04-02 15:21:43', 'admin', '2019-04-02 15:21:43', '0', 1);
INSERT INTO `sys_menu` VALUES (1113617001195962370, 1067246875800000053, 'monitor/server', '', 0, 'icon-detail', 0, 'admin', '2019-04-04 09:39:18', 'admin', '2019-04-04 09:39:18', '0', 1);
INSERT INTO `sys_menu` VALUES (1113617208386191361, 1113617001195962370, '', 'sys:monitor:server', 1, '', 0, 'admin', '2019-04-04 09:40:07', 'admin', '2019-04-04 09:40:07', '0', 1);
INSERT INTO `sys_menu` VALUES (1117627769516793858, 1105673543542759425, '', 'sys:wechat:all', 1, '', 0, 'admin', '2019-04-15 11:16:39', 'admin', '2019-04-15 11:16:39', '0', 1);
INSERT INTO `sys_menu` VALUES (1117706042473631745, 1122404527650009089, 'sys/sysmsg', '', 0, 'icon-sync', 11, 'admin', '2019-04-15 16:27:41', 'yangjian', '2019-05-29 09:30:30', '0', 1);
INSERT INTO `sys_menu` VALUES (1117706589188575233, 1122404527650009089, 'sys/sysmsg-add-or-update', '', 0, 'icon-message', 10, 'admin', '2019-04-15 16:29:52', 'yangjian', '2019-05-29 09:30:17', '0', 1);
INSERT INTO `sys_menu` VALUES (1118110132332601346, 1117706589188575233, '', 'sys:sysmsg:info,sys:sysmsg:save,sys:sysmsg:update', 1, '', 0, 'admin', '2019-04-16 19:13:24', 'admin', '2019-04-18 16:56:57', '0', 1);
INSERT INTO `sys_menu` VALUES (1118110319444697090, 1117706042473631745, '', 'sys:sysmsg:myMsg,sys:sysmsg:myMsgInfo,sys:sysmsg:sumMyMsg', 1, '', 0, 'admin', '2019-04-16 19:14:08', 'admin', '2019-04-18 17:04:31', '0', 1);
INSERT INTO `sys_menu` VALUES (1118336767388446722, 1117706042473631745, '', 'sys:sysmsg:updateStatus', 1, '', 0, 'admin', '2019-04-17 10:13:58', 'admin', '2019-04-18 17:05:02', '0', 1);
INSERT INTO `sys_menu` VALUES (1118389915403546626, 1122402524739825666, '', '', 3, 'icon-USB', 10, 'admin', '2019-04-17 13:45:09', 'admin', '2019-04-28 15:36:22', '0', 1);
INSERT INTO `sys_menu` VALUES (1118391059878113281, 1118389915403546626, 'gen/gentable', '', 0, 'icon-experiment', 0, 'admin', '2019-04-17 13:49:42', 'admin', '2019-04-17 14:07:48', '0', 1);
INSERT INTO `sys_menu` VALUES (1118394163292344321, 1067246875800000024, 'wechat/template', NULL, 0, 'icon-qrcode', 3, '1067246875800000001', '2019-04-17 14:22:36', 'admin', '2019-04-19 19:53:03', '0', 1);
INSERT INTO `sys_menu` VALUES (1118394163304927233, 1118394163292344321, NULL, 'wechat:template:page,wechat:template:info', 1, NULL, 0, '1067246875800000001', '2019-04-17 14:22:36', 'admin', '2019-04-17 14:34:37', '0', 1);
INSERT INTO `sys_menu` VALUES (1118394163304927234, 1118394163292344321, NULL, 'wechat:template:save', 1, NULL, 1, '1067246875800000001', '2019-04-17 14:22:36', 'admin', '2019-04-17 14:35:08', '0', 1);
INSERT INTO `sys_menu` VALUES (1118394163304927235, 1118394163292344321, NULL, 'wechat:template:update', 1, NULL, 2, '1067246875800000001', '2019-04-17 14:22:36', 'admin', '2019-04-17 14:35:22', '0', 1);
INSERT INTO `sys_menu` VALUES (1118394163304927236, 1118394163292344321, NULL, 'wechat:template:delete', 1, NULL, 3, '1067246875800000001', '2019-04-17 14:22:36', 'admin', '2019-04-17 14:35:36', '0', 1);
INSERT INTO `sys_menu` VALUES (1118413293341581313, 1117706042473631745, '', 'sys:sysmsgrecord:delete', 1, '', 0, 'admin', '2019-04-17 15:18:03', 'admin', '2019-04-18 17:04:13', '0', 1);
INSERT INTO `sys_menu` VALUES (1119115531650666497, 1067246875800000024, 'wechat/msglog', NULL, 0, 'icon-read', 4, '1067246875800000001', '2019-04-19 14:02:00', 'admin', '2019-04-19 19:53:21', '0', 1);
INSERT INTO `sys_menu` VALUES (1119115531650666498, 1119115531650666497, NULL, 'wechat:msglog:page,wechat:msglog:info', 1, NULL, 0, '1067246875800000001', '2019-04-19 14:02:00', 'admin', '2019-04-19 14:05:48', '0', 1);
INSERT INTO `sys_menu` VALUES (1119141098068430850, 1119115531650666497, '', 'wechat:msglog:delete', 1, '', 0, 'admin', '2019-04-19 15:30:05', 'admin', '2019-04-19 15:30:05', '0', 1);
INSERT INTO `sys_menu` VALUES (1121324451186188290, 1122402413792096257, '', '', 3, 'icon-user', 11, 'admin', '2019-04-25 16:05:57', 'admin', '2019-04-28 15:35:06', '0', 1);
INSERT INTO `sys_menu` VALUES (1121324923284463617, 1121324451186188290, 'user/center', '', 0, 'icon-book', 0, 'admin', '2019-04-25 16:07:50', 'admin', '2019-04-25 16:17:28', '0', 1);
INSERT INTO `sys_menu` VALUES (1122402413792096257, 0, '', '', 2, 'icon-project', 0, 'admin', '2019-04-28 15:29:23', 'admin', '2019-05-15 10:07:21', '0', 1);
INSERT INTO `sys_menu` VALUES (1122402524739825666, 0, '', '', 2, 'icon-setting', 0, 'admin', '2019-04-28 15:29:50', 'admin', '2019-04-28 15:29:50', '0', 1);
INSERT INTO `sys_menu` VALUES (1122404527650009089, 1122402413792096257, '', '', 3, 'icon-piechart', 0, 'admin', '2019-04-28 15:37:47', 'admin', '2019-04-28 15:37:47', '0', 1);
INSERT INTO `sys_menu` VALUES (1125306056461905922, 1129274780424445954, 'mdm/mdmCompany', NULL, 0, 'icon-desktop', 0, '1067246875800000001', '2019-05-06 15:47:44', 'admin', '2019-05-17 14:47:03', '0', 1);
INSERT INTO `sys_menu` VALUES (1125306056461905923, 1125306056461905922, NULL, 'mdm:mdmCompany:page,mdm:mdmCompany:info', 1, NULL, 0, '1067246875800000001', '2019-05-06 15:47:44', '1067246875800000001', '2019-05-06 15:47:44', '0', 1);
INSERT INTO `sys_menu` VALUES (1125306056461905924, 1125306056461905922, NULL, 'mdm:mdmCompany:save', 1, NULL, 1, '1067246875800000001', '2019-05-06 15:47:44', '1067246875800000001', '2019-05-06 15:47:44', '0', 1);
INSERT INTO `sys_menu` VALUES (1125306056461905925, 1125306056461905922, NULL, 'mdm:mdmCompany:update', 1, NULL, 2, '1067246875800000001', '2019-05-06 15:47:44', '1067246875800000001', '2019-05-06 15:47:44', '0', 1);
INSERT INTO `sys_menu` VALUES (1125306056461905926, 1125306056461905922, NULL, 'mdm:mdmCompany:delete', 1, NULL, 3, '1067246875800000001', '2019-05-06 15:47:44', '1067246875800000001', '2019-05-06 15:47:44', '0', 1);
INSERT INTO `sys_menu` VALUES (1125306056461905927, 1125306056461905922, NULL, 'mdm:mdmCompany:export', 1, NULL, 4, '1067246875800000001', '2019-05-06 15:47:44', '1067246875800000001', '2019-05-06 15:47:44', '0', 1);
INSERT INTO `sys_menu` VALUES (1129274780424445954, 0, '', '', 2, 'icon-database', 0, 'admin', '2019-05-17 14:37:43', 'admin', '2019-05-17 14:37:43', '0', 1);
INSERT INTO `sys_menu` VALUES (1129274957608624130, 1129274780424445954, '', '', 0, 'icon-skin', 0, 'admin', '2019-05-17 14:38:25', 'admin', '2019-05-17 14:38:25', '0', 1);
INSERT INTO `sys_menu` VALUES (1130380195256020993, 1067246875800000013, 'flowable/bpmFormDef', NULL, 0, 'icon-desktop', 0, '1067246875800000001', '2019-05-20 15:52:53', 'admin', '2019-05-20 16:00:10', '0', 1);
INSERT INTO `sys_menu` VALUES (1130380195256020994, 1130380195256020993, NULL, 'flowable:bpmFormDef:page,flowable:bpmFormDef:info', 1, NULL, 0, '1067246875800000001', '2019-05-20 15:52:53', '1067246875800000001', '2019-05-20 15:52:53', '0', 1);
INSERT INTO `sys_menu` VALUES (1130380195256020995, 1130380195256020993, NULL, 'flowable:bpmFormDef:save', 1, NULL, 1, '1067246875800000001', '2019-05-20 15:52:53', '1067246875800000001', '2019-05-20 15:52:53', '0', 1);
INSERT INTO `sys_menu` VALUES (1130380195256020996, 1130380195256020993, NULL, 'flowable:bpmFormDef:update', 1, NULL, 2, '1067246875800000001', '2019-05-20 15:52:53', '1067246875800000001', '2019-05-20 15:52:53', '0', 1);
INSERT INTO `sys_menu` VALUES (1130380195256020997, 1130380195256020993, NULL, 'flowable:bpmFormDef:delete', 1, NULL, 3, '1067246875800000001', '2019-05-20 15:52:53', '1067246875800000001', '2019-05-20 15:52:53', '0', 1);
INSERT INTO `sys_menu` VALUES (1130380195256020998, 1130380195256020993, NULL, 'flowable:bpmFormDef:export', 1, NULL, 4, '1067246875800000001', '2019-05-20 15:52:53', '1067246875800000001', '2019-05-20 15:52:53', '0', 1);
INSERT INTO `sys_menu` VALUES (1131062879057817602, 1129274780424445954, 'flowable/bpmFormLeave?formId=1131029657508921346&edit=true', NULL, 0, 'icon-desktop', 0, '1067246875800000001', '2019-05-22 13:19:03', 'admin', '2019-05-23 17:02:07', '0', 1);
INSERT INTO `sys_menu` VALUES (1131062879057817603, 1131062879057817602, NULL, 'bpm:bpmFormLeave:page,bpm:bpmFormLeave:info', 1, NULL, 0, '1067246875800000001', '2019-05-22 13:19:03', '1067246875800000001', '2019-05-22 13:19:03', '0', 1);
INSERT INTO `sys_menu` VALUES (1131062879057817604, 1131062879057817602, NULL, 'bpm:bpmFormLeave:save', 1, NULL, 1, '1067246875800000001', '2019-05-22 13:19:03', '1067246875800000001', '2019-05-22 13:19:03', '0', 1);
INSERT INTO `sys_menu` VALUES (1131062879057817605, 1131062879057817602, NULL, 'bpm:bpmFormLeave:update', 1, NULL, 2, '1067246875800000001', '2019-05-22 13:19:03', '1067246875800000001', '2019-05-22 13:19:03', '0', 1);
INSERT INTO `sys_menu` VALUES (1131062879057817606, 1131062879057817602, NULL, 'bpm:bpmFormLeave:delete', 1, NULL, 3, '1067246875800000001', '2019-05-22 13:19:04', '1067246875800000001', '2019-05-22 13:19:04', '0', 1);
INSERT INTO `sys_menu` VALUES (1131062879057817607, 1131062879057817602, NULL, 'bpm:bpmFormLeave:export', 1, NULL, 4, '1067246875800000001', '2019-05-22 13:19:04', '1067246875800000001', '2019-05-22 13:19:04', '0', 1);
INSERT INTO `sys_menu` VALUES (1131070018222563330, 1129274780424445954, 'flowable/bpmFormLeave', '', 0, '', 0, 'admin', '2019-05-22 13:31:21', 'admin', '2019-05-22 13:32:52', '0', 1);
INSERT INTO `sys_menu` VALUES (1131091080756801538, 1067246875800000013, 'flowable/bpmProcBiz', NULL, 0, 'icon-desktop', 0, '1067246875800000001', '2019-05-22 14:57:50', 'admin', '2019-05-22 14:59:20', '0', 1);
INSERT INTO `sys_menu` VALUES (1131091080756801539, 1131091080756801538, NULL, 'flowable:bpmProcBiz:page,flowable:bpmProcBiz:info', 1, NULL, 0, '1067246875800000001', '2019-05-22 14:57:50', '1067246875800000001', '2019-05-22 14:57:50', '0', 1);
INSERT INTO `sys_menu` VALUES (1131091080756801540, 1131091080756801538, NULL, 'flowable:bpmProcBiz:save', 1, NULL, 1, '1067246875800000001', '2019-05-22 14:57:50', '1067246875800000001', '2019-05-22 14:57:50', '0', 1);
INSERT INTO `sys_menu` VALUES (1131091080756801541, 1131091080756801538, NULL, 'flowable:bpmProcBiz:update', 1, NULL, 2, '1067246875800000001', '2019-05-22 14:57:50', '1067246875800000001', '2019-05-22 14:57:50', '0', 1);
INSERT INTO `sys_menu` VALUES (1131091080756801542, 1131091080756801538, NULL, 'flowable:bpmProcBiz:delete', 1, NULL, 3, '1067246875800000001', '2019-05-22 14:57:50', '1067246875800000001', '2019-05-22 14:57:50', '0', 1);
INSERT INTO `sys_menu` VALUES (1131091080756801543, 1131091080756801538, NULL, 'flowable:bpmProcBiz:export', 1, NULL, 4, '1067246875800000001', '2019-05-22 14:57:50', '1067246875800000001', '2019-05-22 14:57:50', '0', 1);
INSERT INTO `sys_menu` VALUES (1131129983447777282, 1122402413792096257, 'test/test', '', 0, '', 20, 'yangjian', '2019-05-22 17:29:38', 'yangjian', '2019-05-29 09:28:48', '0', 1);
INSERT INTO `sys_menu` VALUES (1131418921042128898, 1067246875800000002, 'sys/sysRuleSort', NULL, 0, 'icon-desktop', 4, '1067246875800000001', '2019-05-23 12:49:46', 'admin', '2019-05-24 11:53:26', '0', 1);
INSERT INTO `sys_menu` VALUES (1131418921042128899, 1131418921042128898, NULL, 'sys:sysRuleSort:page,sys:sysRuleSort:info', 1, NULL, 0, '1067246875800000001', '2019-05-23 12:49:46', '1067246875800000001', '2019-05-23 12:49:46', '0', 1);
INSERT INTO `sys_menu` VALUES (1131418921042128900, 1131418921042128898, NULL, 'sys:sysRuleSort:save', 1, NULL, 1, '1067246875800000001', '2019-05-23 12:49:46', '1067246875800000001', '2019-05-23 12:49:46', '0', 1);
INSERT INTO `sys_menu` VALUES (1131418921042128901, 1131418921042128898, NULL, 'sys:sysRuleSort:update', 1, NULL, 2, '1067246875800000001', '2019-05-23 12:49:46', '1067246875800000001', '2019-05-23 12:49:46', '0', 1);
INSERT INTO `sys_menu` VALUES (1131418921042128902, 1131418921042128898, NULL, 'sys:sysRuleSort:delete', 1, NULL, 3, '1067246875800000001', '2019-05-23 12:49:46', '1067246875800000001', '2019-05-23 12:49:46', '0', 1);
INSERT INTO `sys_menu` VALUES (1131418921042128903, 1131418921042128898, NULL, 'sys:sysRuleSort:export', 1, NULL, 4, '1067246875800000001', '2019-05-23 12:49:46', '1067246875800000001', '2019-05-23 12:49:46', '0', 1);
INSERT INTO `sys_menu` VALUES (1133545892338630657, 1122404527650009089, 'flowable/todo-manage', '', 0, '', 0, 'yangjian', '2019-05-29 09:29:36', 'yangjian', '2019-05-29 09:50:32', '0', 1);
INSERT INTO `sys_menu` VALUES (1133546010773192706, 1122404527650009089, '', '', 0, '', 1, 'yangjian', '2019-05-29 09:30:04', 'yangjian', '2019-05-29 09:30:04', '0', 1);
COMMIT;

-- ----------------------------
-- Table structure for sys_msg
-- ----------------------------
DROP TABLE IF EXISTS `sys_msg`;
CREATE TABLE `sys_msg` (
  `id` bigint(20) NOT NULL COMMENT 'id',
  `title` varchar(200) DEFAULT NULL COMMENT '消息标题',
  `content` text COMMENT '内容',
  `protected_flag` tinyint(4) NOT NULL COMMENT '锁定型',
  `type` varchar(100) DEFAULT '1' COMMENT '消息类型',
  `level` tinyint(4) DEFAULT '1' COMMENT '消息级别',
  `url` varchar(200) DEFAULT NULL COMMENT '业务路由url',
  `receiver_type` tinyint(4) DEFAULT NULL COMMENT '接收者类型',
  `receiver_ids` text COMMENT '接收者',
  `sender` varchar(64) DEFAULT NULL COMMENT '发送者签名',
  `send_date` datetime DEFAULT CURRENT_TIMESTAMP COMMENT '预计推送时间',
  `valid_date` datetime DEFAULT NULL COMMENT '过期时间',
  `remark` varchar(200) DEFAULT NULL COMMENT '备注',
  `creator` varchar(64) DEFAULT NULL COMMENT '创建者',
  `create_date` datetime DEFAULT NULL COMMENT '创建时间',
  `updater` varchar(64) DEFAULT NULL COMMENT '更新者',
  `update_date` datetime DEFAULT NULL COMMENT '更新时间',
  `should_nums` decimal(10,0) DEFAULT NULL COMMENT '应读',
  `read_nums` decimal(10,0) DEFAULT NULL COMMENT '已读',
  PRIMARY KEY (`id`)
) ENGINE=InnoDB DEFAULT CHARSET=utf8 COMMENT='系统消息表';

-- ----------------------------
-- Records of sys_msg
-- ----------------------------
BEGIN;
INSERT INTO `sys_msg` VALUES (1118698409217372161, '我的标题', '我的内容', 0, 'SYS_MSG_ACT', 2, '', 1, 'yangjian,system', 'newsail', '2019-04-18 10:11:02', NULL, '', 'admin', '2019-04-18 10:11:00', 'admin', '2019-04-18 10:11:00', NULL, NULL);
INSERT INTO `sys_msg` VALUES (1118698414720299009, '我的标题', '我的内容', 0, 'SYS_MSG_ACT', 2, '', 1, 'yangjian,system', 'newsail', '2019-04-18 10:11:03', NULL, '', 'admin', '2019-04-18 10:11:01', 'admin', '2019-04-18 10:11:01', NULL, NULL);
INSERT INTO `sys_msg` VALUES (1118698419707326466, '我的标题', '我的内容', 0, 'SYS_MSG_ACT', 2, '', 1, 'yangjian,system', 'newsail', '2019-04-18 10:11:05', NULL, '', 'admin', '2019-04-18 10:11:02', 'admin', '2019-04-18 10:11:02', NULL, NULL);
INSERT INTO `sys_msg` VALUES (1118698424010682369, '我的标题', '我的内容', 0, 'SYS_MSG_ACT', 2, '', 1, 'yangjian,system', 'newsail', '2019-04-18 10:11:06', NULL, '', 'admin', '2019-04-18 10:11:03', 'admin', '2019-04-18 10:11:03', NULL, NULL);
INSERT INTO `sys_msg` VALUES (1118698432629977089, '我的标题', '我的内容', 0, 'SYS_MSG_ACT', 2, '', 1, 'yangjian,system', 'newsail', '2019-04-18 10:11:08', NULL, '', 'admin', '2019-04-18 10:11:05', 'admin', '2019-04-18 10:11:05', NULL, NULL);
INSERT INTO `sys_msg` VALUES (1118699060102049794, '你的朋友圈里，是“知交”还是“相识”？', '葡萄牙谚语说：你只拥有5个真正的朋友，其余只是风景。\n\n现在是测验时间：打开自己的微信联系人名单，从头开始看，你是否能清楚地说出上面每个人的名字，以及上一次与其联系的时间与话题。\n\n这个测试很容易让人得出沮丧的结论：时常联系的，只有为数不多的几个固定朋友。\n\n这种测试结论会营造出一种“相识遍天下，知交无几人”的氛围，并让人在心里默默将朋友分成三类：全天候朋友，功能性朋友，以及传说中的“其他”朋友。\n\n虽然，人们的朋友圈可以很大，可是，其意义究竟是什么？将“相识”和“知交”这些带有感情色彩的称谓，用冰冷的数字模型表达出来，会不会揭示出一个不同的世界？\n\n名义上的朋友能够变得更多\n\n现在是社交媒体狂欢的时代，在社交媒体上不断上升的好友数量，对于大多数人来说是为数不多的能跑赢通胀率的数字。随着各种只有一面之缘的人都披上了“电子好友”的外衣，人际关系网络将世界拉成了扁平的形状。\n\n“朋友大爆炸”的时代甚至还有“六度分隔”这样的理论支持，也就是说，只需要很少的中间人，就可以让世界上所有互不相识的人建立起联系。\n\n1967年，美国哈佛大学心理学教授斯坦利·米尔格兰姆设计了一个“传递信件”的实验。米尔格兰姆把信随机发送给住在美国各城市的一部分居民，信中写有一个波士顿股票经纪人的名字，并要求每个收信人把这封信寄给自己认为是比较接近这名股票经纪人的朋友。这位朋友收到信后，再把信寄给他认为更接近这名股票经纪人的朋友。\n\n最终，大部分信件都寄到了这名股票经纪人手中，每封信平均经手6次。于是，米尔格兰姆在《今日心理学》杂志上发表了实验结果，提出了著名的六度分隔理论：世界上任意两个人之间建立联系，最多只需要6个人。\n\n朋友圈的影响力在六度分隔下显得尤为重要，因为理论上每个人都只要通过六位朋友以及朋友的朋友，就能和其他人建立起联系。即使一个非洲种木薯的农民，也有可能通过这种方式与美国总统产生间接的联系。\n\n这并不是说任何人与人之间的联系都必须通过6个层次才会产生联系，而是表达了一个重要概念：任何两位素不相识的人之间，通过一定的联系方式，总能够产生必然联系或关系。由于联系方式和联系能力的不同，实现个人期望的几率有明显区别。\n\n\n社交媒体的兴起让“地球村”变得更平以及更小。脸书网站所做的一项调查研究发现，现在人与人之间的距离缩小了——已从6个人减少到4个人。平均起来，一般人只需经过4.74次链接，就能间接认识世界上任何一个人。这意味着，比起上世纪60年代六度分隔理论诞生的时候，现在每个人名义上的朋友能够变得更多。\n\n真正的朋友：5个还是150个\n\n虽然人们可以将朋友这个概念极大程度地泛化，但即便一个人的电子好友名单里可以装得下上千个名字，人脑也处理不了那么多朋友。研究显示，一个人真正可以勉强称得上是朋友的，不会超过150人。\n\n因此，虽然可以联系到地球上任何一个你想认识的人，但他们之间的关系是一种“弱连接”。\n\n“弱连接”意味着你可以认识某人，但不一定与其成为朋友、建立友谊并且相互影响。社交网络的兴起，出现了在个人社交网络中竞争性添加“好友”，但对于大多数人来说，那只是一个数字游戏，因为深入的交流圈子数量并没有变化，一些话题仍只停留在有限成员内进行。\n\n世界可能变得更紧密了，但就连有限的150人是否都算真正的朋友也还难说。牛津大学的人类学专家、《一个人需要多少朋友》的作者罗宾·邓巴以及相关研究者发布了一份关于脸书的研究报告。他们通过调查3375名英国脸书用户得出一个结论：不论人们的脸书朋友圈中有多少人，其朋友不大可能超过150个，其中真正与自己互动的，只有5个左右。\n\n尽管受调查者平均每人确实拥有约150个好友，这其中还会包括亲属和点头之交，但真正与自己密切互动交流的平均仅有5人。此数据也与此前邓巴发布的现实生活中人们的好友人数研究结果相似。所以，尽管社交媒体能够扩大人们在虚拟网络中的交友圈，但是这对于交到更多的真心的朋友似乎并不起什么作用。\n\n邓巴教授综合自己的研究成果，提出了以他名字命名的5到150这组“邓巴数字”，即朋友圈从内到外很难自然延伸出150人的范畴。\n\n邓巴发现，从新石器时代的村落、罗马帝国的军团，到一份普通的圣诞节贺卡寄送名单，人类群体的规模具有惊人的相似性。他就此提出假说，即我们的社交注意力并不是在150个知心朋友之间平均分配的，而是像洋葱那样分层分布：5个最亲密的联系人位于我们社交圈的最里层，外一层是10个人，再向外的两层分别是35人和100人。\n\n核心圈子是社交的基石，也占据了社交的大部分时间和精力。\n\n不过还有研究者认为邓巴数字提出的5个朋友也太过宽泛。美国康奈尔大学的一项研究得出了更为保守的结论。这项研究声称：“当下我们大多数人仅有两个知心好友。”\n\n无论核心好友的数量是多是少，都意味着大家习惯于把最深的秘密只留给很少的一些亲近的朋友，而不用将“国王长着驴耳朵”这样的秘密讲给一棵树听。\n\n文化差异与朋友缺位\n\n真挚的友谊一直被各种文学作品描绘成高纯度、抗腐蚀、耐磨损的“心灵神器”。事实上，人们的环境尽管会有变化，但“心灵神器”的质量却是过硬的。即便搬家或者换工作会导致人们所处的环境随之改变，老相识也会被新朋友所取代，在这种情况下朋友分层的具体人员构成或许会发生变化，但分层和规模却保持不变。\n\n社会经济地位的高低，对人的社交范围影响并不大，因为每个人都能找到与自己情况类似的人，从而形成共同话语空间。如果横向比较的话，倒是不同的文化环境，会让不同国家的人的朋友圈规模在“邓巴数字”的基础上上下浮动。\n\n马来西亚网络使用者在社交网站上朋友最多，平均有233个“好友”。其次是巴西人，231个。第三是挪威人，217个。马来西亚人除了网络朋友最多之外，也最愿意花时间在社交网络上，每周平均用9个小时在网上社交。\n\n与这3个国家形成鲜明对比的是日本的网络使用者，平均只有29个朋友。研究人员认为，这一结果可能表明日本人的文化更倾向于朋友少而精，数量不多，但关系紧密。\n\n\n岛国相对封闭的文化氛围，让人很难敞开胸怀交朋友。这一点不止体现在日本人身上，也体现在欧亚大陆另一端英伦三岛的人身上。2015年发布的调查显示，在英国成年人中，有一半人感到孤独。\n\n《人际关系调查报告》说，英国人普遍缺乏社交生活的问题较为严重，每10个英国人中就有1个没有任何亲密朋友。建立友谊的关键是时间与精力的投入，但自第二次世界大战结束以来，英国人已经变得越来越容易更改常居地点，特别是近年来很多年轻人出于工作原因，频繁更换生活城市甚至国家，不少人的社交关系网中，出现了不同程度的朋友缺位现象。\n\n值得注意的是，现在不少人面临着这样一种困境：即网上的朋友圈里热热闹闹，但现实中的朋友却日渐疏离。数字化的社交虽然能满足一些人的精神需要，但却和现实的朋友关系不大。需要时刻提醒自己，就像葡萄牙谚语所说的：你只拥有5个真正的朋友，其余只是风景。', 0, 'SYS_MSG_ACT', 2, '', 1, 'yangjian,system', 'newsail', '2019-04-18 10:13:37', NULL, '', 'admin', '2019-04-18 10:13:35', 'admin', '2019-04-18 10:13:35', NULL, NULL);
INSERT INTO `sys_msg` VALUES (1118699250078855169, '为什么说，悲秋是一种病？', '因季节天气变化产生的情感障碍或情绪失调，被称为“季节性情感障碍综合征”。\n\n“最美的季节来临！”很多人最近常在微信朋友圈晒出这样的图文。的确，秋季温度舒适、秋高气爽，还是一个收获的季节。\n\n但秋季也是万物开始慢慢凋零的时节。“秋风秋雨愁煞人”，不少人的心情也随之惆怅哀凉，从而产生悲伤、迷茫、孤独和无助之感。\n\n自古逢秋悲寂寥\n\n古人悲秋的诗句非常多。屈原有“袅袅兮秋风，洞庭波兮木叶下”，曹操有“秋风萧瑟，洪波涌起”，杜甫有“万里悲秋常作客，百年多病独登台”。连乐观放达的李白也不禁唱起“白发三千丈，缘愁是个长。不知明镜里，何处得秋霜。”而豪放著称的辛弃疾一句“欲说还休，却道天凉好个秋”，委曲中道尽苍凉。就连“愁”字，都是由“秋”和“心”构成。\n\n\n“秋季是阳消阴长的过渡阶段。古代诗人的‘悲秋’情结，有些也可叫做情志病，是因七情而致脏腑阴阳气血失调的一种疾病。”江苏省南通市通州区人民医院中医科主任医师赵锡忠告诉《瞭望东方周刊》，“悲伤是一种常见的情绪，我们每个人都在一生中不断地经历着这种情绪。但从现代医学观念看来，过度的情志状况也会引发‘生理’上的病变。”\n\n美国《神经成像》杂志曾报道，美国加州大学洛杉矶分校的研究人员对23名因散失亲人极度悲伤的女性进行了研究，其中大部分人很快恢复了正常，而少部分人的悲伤情绪却持续了好几年，进而患上了抑郁症。\n\n本刊记者接触的几位临床医师认为，“显著”而“持久”的心境低落正是抑郁症的主要临床特征。\n\n世界卫生组织数据显示，全球抑郁症的发病率为3.1%，中南大学精神卫生研究所所长、精神卫生系主任赵靖平告诉《瞭望东方周刊》，中国抑郁症发病率约为5%～6%，患者数量超过9000万。\n\n秋季厌食、疲乏甚至抑郁的几率增加\n\n心理学者认为，除社会、疾病、遗传导致抑郁之外，环境影响也是一个重要的因素。比如秋季，秋风萧瑟，树木凋零，冷月残照，天粘衰草，绿池落尽红蕖……秋日里一些最为常见的景象或物象，在视觉、听觉、感觉等方面触动人心进而影响其心理状态。\n\n第三军医大学新桥医院神经内科专家戴光明教授认为，在临床上，确实存在这样一种规律性，也就是说随着季节的转化，尤其是秋天的到来，出现厌食、疲乏甚至抑郁情绪的几率增加。\n\n河北省卫计委主管的《护理实践与研究》曾刊载临床研究文章“住院患者秋季抑郁状况分析及护理对策”称，住院的42例抑郁症患者中，秋季（9～11月份）显著高于其他季节，占52.38%。\n\n江苏南通市精神卫生中心精神科主任胡亚兰告诉《瞭望东方周刊》，他们每个月都会接诊20个左右有自杀意念的抑郁症患者，秋季更是抑郁症的高发期。\n\n而在西方医学中，早已将这些因季节天气变化产生的情感障碍或情绪失调作了汇总，名为“季节性情感障碍综合征”。这种病多在秋季和冬季出现，隆冬时节表现得更为突出，大多数患者在一年的大部分时间都有良好的健康状态，但在白天越来越短，黑夜越来越长的季节会呈现忧郁的症状。\n\n“有一个例子，英国抑郁症患者偏多，尤其是老年人。因为英国很多地方冬季四点钟就天黑了，他们见不到太阳又不出门，容易患抑郁症。”复旦大学计算系统生物研究中心主任冯建峰曾在接受本刊专访时举例称。\n\n预防悲秋情绪蔓延\n\n悲伤和抑郁一直是两个容易被人混淆的概念。很多患抑郁的人会觉得他们仅仅只是悲伤，而有些极度悲伤的人会觉得他们患上了抑郁。赵锡忠医师告诉本刊记者，常见的悲伤只是一种“抑郁的情绪”，不一定就是抑郁症。如需确诊是生理上的病症，应该遵循一定的诊断标准，包括临床症状和持续时间。比如，轻度抑郁症患者通常具有心境低落、兴趣和愉快感丧失、精力不济或疲劳感等典型症状。\n\n此外，比如持续的自卑、自责、有罪恶感；注意力难以集中，思维缓慢；烦躁焦虑，严重者表现为捶胸顿足；睡眠障碍，早醒或难入睡，噩梦多；食欲和体重改变，胃口变差，体重下降；反复出现自杀想法，甚至出现自杀行为等也是诊断依据之一。\n\n“抑郁发作时，会表现出‘持续’的焦虑悲伤、思维缓慢、精力下降，严重者可出现幻觉、妄想等精神病性症状。”中国医师协会精神科分会副会长刘铁榜告诉《瞭望东方周刊》。\n\n赵锡忠也提醒本刊记者，“一般情况下，以上这些症状除了满足‘显著’的要求以外，病程必须‘持续’至少2周，临床上方可确诊。”\n\n接受本刊采访的专家建议，为了预防悲秋情绪蔓延，最好是从心理上予以调节，要保持乐观情绪。另外，保证充足的睡眠，积极参加体育锻炼，如慢跑、户外散步等。', 0, 'SYS_MSG_ACT', 2, '', 1, 'yangjian,system', 'newsail', '2019-04-18 10:14:23', NULL, '', 'admin', '2019-04-18 10:14:20', 'admin', '2019-04-18 10:14:20', NULL, NULL);
INSERT INTO `sys_msg` VALUES (1118699282534379522, '为什么说，悲秋是一种病？', '因季节天气变化产生的情感障碍或情绪失调，被称为“季节性情感障碍综合征”。\n\n“最美的季节来临！”很多人最近常在微信朋友圈晒出这样的图文。的确，秋季温度舒适、秋高气爽，还是一个收获的季节。\n\n但秋季也是万物开始慢慢凋零的时节。“秋风秋雨愁煞人”，不少人的心情也随之惆怅哀凉，从而产生悲伤、迷茫、孤独和无助之感。\n\n自古逢秋悲寂寥\n\n古人悲秋的诗句非常多。屈原有“袅袅兮秋风，洞庭波兮木叶下”，曹操有“秋风萧瑟，洪波涌起”，杜甫有“万里悲秋常作客，百年多病独登台”。连乐观放达的李白也不禁唱起“白发三千丈，缘愁是个长。不知明镜里，何处得秋霜。”而豪放著称的辛弃疾一句“欲说还休，却道天凉好个秋”，委曲中道尽苍凉。就连“愁”字，都是由“秋”和“心”构成。\n\n\n“秋季是阳消阴长的过渡阶段。古代诗人的‘悲秋’情结，有些也可叫做情志病，是因七情而致脏腑阴阳气血失调的一种疾病。”江苏省南通市通州区人民医院中医科主任医师赵锡忠告诉《瞭望东方周刊》，“悲伤是一种常见的情绪，我们每个人都在一生中不断地经历着这种情绪。但从现代医学观念看来，过度的情志状况也会引发‘生理’上的病变。”\n\n美国《神经成像》杂志曾报道，美国加州大学洛杉矶分校的研究人员对23名因散失亲人极度悲伤的女性进行了研究，其中大部分人很快恢复了正常，而少部分人的悲伤情绪却持续了好几年，进而患上了抑郁症。\n\n本刊记者接触的几位临床医师认为，“显著”而“持久”的心境低落正是抑郁症的主要临床特征。\n\n世界卫生组织数据显示，全球抑郁症的发病率为3.1%，中南大学精神卫生研究所所长、精神卫生系主任赵靖平告诉《瞭望东方周刊》，中国抑郁症发病率约为5%～6%，患者数量超过9000万。\n\n秋季厌食、疲乏甚至抑郁的几率增加\n\n心理学者认为，除社会、疾病、遗传导致抑郁之外，环境影响也是一个重要的因素。比如秋季，秋风萧瑟，树木凋零，冷月残照，天粘衰草，绿池落尽红蕖……秋日里一些最为常见的景象或物象，在视觉、听觉、感觉等方面触动人心进而影响其心理状态。\n\n第三军医大学新桥医院神经内科专家戴光明教授认为，在临床上，确实存在这样一种规律性，也就是说随着季节的转化，尤其是秋天的到来，出现厌食、疲乏甚至抑郁情绪的几率增加。\n\n河北省卫计委主管的《护理实践与研究》曾刊载临床研究文章“住院患者秋季抑郁状况分析及护理对策”称，住院的42例抑郁症患者中，秋季（9～11月份）显著高于其他季节，占52.38%。\n\n江苏南通市精神卫生中心精神科主任胡亚兰告诉《瞭望东方周刊》，他们每个月都会接诊20个左右有自杀意念的抑郁症患者，秋季更是抑郁症的高发期。\n\n而在西方医学中，早已将这些因季节天气变化产生的情感障碍或情绪失调作了汇总，名为“季节性情感障碍综合征”。这种病多在秋季和冬季出现，隆冬时节表现得更为突出，大多数患者在一年的大部分时间都有良好的健康状态，但在白天越来越短，黑夜越来越长的季节会呈现忧郁的症状。\n\n“有一个例子，英国抑郁症患者偏多，尤其是老年人。因为英国很多地方冬季四点钟就天黑了，他们见不到太阳又不出门，容易患抑郁症。”复旦大学计算系统生物研究中心主任冯建峰曾在接受本刊专访时举例称。\n\n预防悲秋情绪蔓延\n\n悲伤和抑郁一直是两个容易被人混淆的概念。很多患抑郁的人会觉得他们仅仅只是悲伤，而有些极度悲伤的人会觉得他们患上了抑郁。赵锡忠医师告诉本刊记者，常见的悲伤只是一种“抑郁的情绪”，不一定就是抑郁症。如需确诊是生理上的病症，应该遵循一定的诊断标准，包括临床症状和持续时间。比如，轻度抑郁症患者通常具有心境低落、兴趣和愉快感丧失、精力不济或疲劳感等典型症状。\n\n此外，比如持续的自卑、自责、有罪恶感；注意力难以集中，思维缓慢；烦躁焦虑，严重者表现为捶胸顿足；睡眠障碍，早醒或难入睡，噩梦多；食欲和体重改变，胃口变差，体重下降；反复出现自杀想法，甚至出现自杀行为等也是诊断依据之一。\n\n“抑郁发作时，会表现出‘持续’的焦虑悲伤、思维缓慢、精力下降，严重者可出现幻觉、妄想等精神病性症状。”中国医师协会精神科分会副会长刘铁榜告诉《瞭望东方周刊》。\n\n赵锡忠也提醒本刊记者，“一般情况下，以上这些症状除了满足‘显著’的要求以外，病程必须‘持续’至少2周，临床上方可确诊。”\n\n接受本刊采访的专家建议，为了预防悲秋情绪蔓延，最好是从心理上予以调节，要保持乐观情绪。另外，保证充足的睡眠，积极参加体育锻炼，如慢跑、户外散步等。', 0, 'SYS_MSG_SEC', 2, '', 1, 'yangjian,system', 'newsail', '2019-04-18 10:14:30', NULL, '', 'admin', '2019-04-18 10:14:28', 'admin', '2019-04-18 10:14:28', NULL, NULL);
INSERT INTO `sys_msg` VALUES (1118720437832003586, '我的标题', '我的内容', 0, 'SYS_MSG_ACT', 2, '', 1, 'yangjian,system', 'newsail', '2019-04-18 11:38:34', NULL, '', 'admin', '2019-04-18 11:38:32', 'admin', '2019-04-18 11:38:32', NULL, NULL);
INSERT INTO `sys_msg` VALUES (1118722047408746497, '癌症发病为什么越来越多？', '中国大量出现新发癌症，与社会经济迅速发展有密切关系\n\n一年一度的全国肿瘤防治宣传周又到了。国家癌症中心发布的中国最新癌症数据显示，我国每年癌症新发病例达到429万，占全球新发病例的20%。年增幅达到3%，这也是一个不容小觑的比例。\n\n\n\n癌症发病为什么越来越多？\n\n癌症是一种“富贵病”\n\n中国大量出现新发癌症，与社会经济迅速发展有密切的关系。\n\n从全球来看，发达国家的癌症发病率远高于发展中国家。\n\n根据世界卫生组织发布的数据，全球社会经济发展最高地区的癌症发病率达到500/10万，较高地区达到200/10万，中等地区为150/10万，而较低地区仅为70/10万。\n\n按照国家癌症中心发布的新发病例数据计算，中国癌症发病率大概在300/10万左右，高于全球社会经济发展较高地区的平均水平。\n\n近年来，中国人均GDP排名不断提升，这基本可以说明，中国的癌症发病率与其在全球的经济地位基本相符。\n\n数据所反映的一个“真相”是：癌症是一种“富贵病”。\n\n老龄化与“工业化的余波”\n\n癌症患者增多，也与老龄化进程加速有关。\n\n随着年龄增长，罹患癌症的风险持续上升，因此老年人口多的国家，总体的癌症发病率也就高。\n\n近年来，中国的人均寿命显著增长，老年人口已经超过1亿，60岁以上老年人占人口比重达到15%，65岁以上老年人已经占到10.1%。\n\n根据人群分年龄组的癌症发病率，我们也能观察到老龄化对癌症发病的影响。在中国，60岁以上人群的发病率从60～64岁的700/10万直线上升，每5岁增加200～300/10万，到80～84岁，则达到1600/10万。所以，随着老年人口增加，发病数就水涨船高。\n\n在上海等城市，癌症发病数近30年来呈线性上升。除老龄化因素外，还要考虑这类城市“工业化的余波”。因为，癌症的发生与危害因素的暴露之间，存在一个长达30年左右的时间差。换句话说，工业城市中的危害因素暴露，比如工业排放导致的空气和土壤污染、职业致癌物质的暴露等，会导致几十年后人群癌症发病率增加。一些城市因为产业变迁，污染已经不存在了，但癌症增加的效应还在显现。\n\n医疗服务能力提升的“副作用”\n\n肿瘤监测数据从哪里来？需要建立一个严密的体系，按照国际通行的标准对肿瘤发病、死亡和生存数据进行收集、整理、分析、报告。这个体系需要常年持续不断地运行，要耗费不少公共资源。中国作为发展中国家，对肿瘤监测的投入一直不足，最近十多年才逐步建立起全国的监测体系。\n\n监测体系不断完善，会带来一个“副作用”，即发病数的增长显得很快，原因是原来体系不完善的时候，漏报、错报等造成了对发病数的低估，而现在体系越来越完善，使得数据更接近真实，也就是说，与历史资料比较的话，就会出现增长过快的现象。\n\n医疗服务能力提升，诊断机会增加等，也是癌症发病快速增长的原因。\n\n以往，由于地理偏远或诊治能力不强，很多恶性肿瘤往往没有机会获得诊断，因此也就显得发病不多。\n\n随着医疗卫生和国民医疗保障投入的增加，医疗服务的覆盖面和利用率也不断扩大和提高，使得就医方便程度得到极大改善。同时，老百姓收入增加，使得他们可以到区域性医疗中心甚至大城市就医，这也增加了恶性肿瘤的诊断机会。\n\n另外，中国医疗水平的整体提升，以及地区之间医疗水平逐渐均质化，特别是近年来对县级医疗机构肿瘤诊治能力的提升，也使得基层医院可以对更多的肿瘤作出明确诊断。\n\n筛查项目的实施，生活方式的变化\n\n近十多年来，中国通过中央转移支付项目开展了食管癌、胃癌、结直肠癌、乳腺癌、宫颈癌等恶性肿瘤的早诊早治项目，一些地区也相继开展了以人群为基础的早期筛查公共卫生项目，这也在一定程度上造成了短期癌症发病增多的现象。\n\n筛查是在人群中把没有症状的早期癌症病人找出来，提前诊断、提前干预，以获得良好的治疗效果，甚至治愈癌症。而筛查导致癌症数量增加的现象，一般会发生在筛查项目开始实施的前两年左右，以后会逐渐平稳。\n\n值得注意的是，因筛查项目实施而增加的癌症发病数，实质上是把未来几年发生的发病情况集中到了现在，不会影响长期的实际发病率。\n\n最后需要指出的是，时代变迁所导致的生活方式的变化，一定程度上导致癌症病例迅速增长。\n\n比如，人群吸烟率增高、体力活动的减少、过量饮酒、超重和肥胖的增加、不健康的膳食结构和饮食习惯等，可以解释肺癌、结直肠癌、乳腺癌、胰腺癌、前列腺癌等癌症病例的增加。\n\n这些生活方式，是可以通过现有的干预手段进行有效控制的，这也是对抗癌症日益增长的有力手段。', 0, 'SYS_MSG_SEV', 2, '', 1, 'yangjian,system', 'newsail', '2019-04-18 11:44:58', NULL, '', 'admin', '2019-04-18 11:44:56', 'admin', '2019-04-18 11:44:56', NULL, NULL);
INSERT INTO `sys_msg` VALUES (1118722221908570113, '大宋名将潘美的千古奇冤？', '是流芳千古，还是遗臭万年？在历史的长河里，那些曾经中流击楫的人物早已远去，留下的身后之名却褒贬不一。一统六国的秦始皇，被儒生称为暴君;雄才大略的曹操，因一部《三国演义》成了“奸相”的代名词;而在民间传说中最冤的，莫过于北宋名将潘美。这位在北宋开国之时立下过赫赫战功的名将，在家喻户晓的英雄传奇《杨家将》中。被描述成一个一无是处、坏事做尽最终恶有恶报的奸臣。\n\n\n\n在杨家将的故事中，潘仁美是一个不折不扣的奸臣。他才疏学浅，全因女儿是皇帝宠妃，倚仗裙带关系才做了国丈，又对杨七郎失手打死儿子潘豹之事怀恨在心，一心要害杨家满门。后来终于找到了机会，在金沙滩一战中，坐视杨家将大军被围，乱箭射死突围求救的杨七郎，致使第一代杨家将老令公撞死李陵碑，几个随军出征的儿子也伤亡惨重。好不容易逃出生天的杨六郎告了御状，在青天包拯的帮助下，几经周折定了潘仁美的罪，皇帝却还是被潘妃枕头风一吹，饶过了潘仁美的罪行，只让他告老还乡，做个乡里富翁。好在演义小说中坏人总是恶有恶报：身负血海深仇的杨六郎最终在黑松林手刃仇人，奸臣最终受到了该有的惩罚。\n\n喜欢杨家将的人们或许从来没有想过，这位几乎可以算作杨家将故事中第一奸臣的潘仁美，在真实的历史上，是一位怎样的人物。是否真的就如演义小说中描述的那样十恶不赦。然而，在煌煌史册上，潘仁美的原型人物潘美却是一位不折不扣的忠臣。他不仅擅长行军打仗。立下过赫赫军功，在治国理政中也很有一套，甚至还深谙君臣相处之道。\n\n潘美是北宋开国名将之一，宋太祖还在后周做殿前都点检的时候就与其交好。陈桥兵变后，黄袍加身的宋太祖派去后周朝廷宣旨夺权的就是潘美，足见太祖对他的信任。北宋统一战争中，潘美追随宋太祖，身经百战，屡立功勋。在疑心甚重的宋太祖“杯酒释兵权”的表演中，他是唯一保住了兵权的将军。毫无疑问，在北宋开国众多名将里，潘美是最受皇帝信任的那位。\n\n论行军打仗，运筹帷幄，身先士卒，潘美也是宋初绝无仅有的名将。功绩比杨业有过之而无不及。北宋攻灭南汉，平定江南，征伐北汉，潘美都在其中扮演了举足轻重的角色。立下赫赫战功。征讨南唐至秦淮河时，渡江船只没有备齐，军机却不可延误，潘美身先士卒，率先涉水渡江，大败南唐军队，威名远扬。\n\n能够取得皇帝信任，跟潘美为人仁厚也分不开。宋太祖夺取后周政权，入主后宫时，宫里的人抱着后周世宗柴荣的幼子前来拜见。身边大臣建议宋太祖斩草除根，杀掉这个幼子。宋太祖犹豫不决向潘美问询，潘美回答说：“我原是周世宗的臣子，劝说陛下杀了这个孩子，就有负于故主;劝说陛下不杀，陛下必定对我生疑。”言语暗示十分明显，宋太祖明白了他的意思，感慨说：“继承了人家的皇位，再杀了人家的儿子，我也不忍心。”于是把皇子送给潘美做侄子。此子后来改名潘惟吉，在潘美庇护下平安长大。\n\n宋朝皇帝给潘美的死后哀荣，也是他作为名将戎马一生的最好证明。潘美去世后，被追赠为中书令，谥“武惠”。后世又屡次加封为郑王，配飨宋太宗太庙。死后封王，几乎可算作是封建帝王时代给予异姓功臣的最高荣耀。\n\n那么，杨业之死到底是怎么回事？潘仁美，或者说潘美跟这件事到底有没有关系？\n\n宋太宗雍熙三年。赵光义以为辽国国君新亡，幼主继位，朝局不稳，想要趁机光复燕云十六州，下诏命潘美为主帅出师北伐，并派杨业做潘美的副将。宋军连战连捷，攻下四州，并奉命在辽国军队大肆反扑之前将四州百姓迁入宋境。为保证百姓安全。杨业向主帅潘美建议。在撤退的必经之路石碣谷口布下强弩手千人，用骑兵在中路支援，保护百姓撤退，阻挡追击而来的辽国军队。但监军王侁却以为宋军有精兵数万，不如堂堂正正迎击敌军，杨业无奈领军出击，果然大败，本应在谷口支援的潘美大军却在王侁的胁迫下撤退了。杨业力战兵败。又无援军，被辽军俘虏后，绝食而亡。\n\n杨业死后，辽军统帅耶律斜轸砍下他的首级，先是送到漠北辽国王庭请赏，随后传首九边，向本国臣民夸功。也震慑宋国臣民。这样的惨败和羞辱激怒了赵光义。他追封杨业为太尉、大同节度使。以表彰杨业宁死不降的气节。同时追究此次兵败的主要负责人潘美和王优。赵光义的处置是公平的，潘美作为主帅被降级留任，勒令戴罪立功;不懂军事却肆意妄为的监军王侁被削职为民，流放登州。\n\n很明显，从事实真相和事后惩处来看，杨业之死。无论如何潘美都不应该负主要责任，那这口黑锅是怎么扣到潘美头上的呢？\n\n这又涉及到北宋的另一位名人，苏东坡的弟弟，唐宋八大家之一的大文豪苏辙。\n\n苏辙曾奉命出使辽国，在路过百姓为纪念杨业而修建的庙宇时，写了这样一首诗：“行祠寂寞寄关门，野草犹知避血痕。一败可怜非战罪，太删嗟独畏人言。驰驱本为中原用，尝享能令异域尊。我欲比君周子隐，诛彤聊足慰忠魂。”\n\n诗中将杨业比作西晋时期除三害的名臣周处，将潘美比作迫害周处的奸臣司马彤，主张杀了潘美以谢天下，告慰忠魂。\n\n作为名人，苏辙的观点对当时及后世的影响都非常大。许多人在读过诗之后就先入为主，把潘美当作了罪魁祸首，在之后的演义、话本、戏剧中，这口黑锅不仅一直牢牢扣在潘美头上，还愈演愈烈，演变出前文所述一部完整的“潘杨恩仇录”，甚至由此衍生出流传至今的“潘杨不婚”的说法。', 0, 'SYS_MSG_PRO', 3, '', 2, 'yangjian,system', 'newsail', '2019-04-18 11:45:40', NULL, '', 'admin', '2019-04-18 11:45:37', 'admin', '2019-04-18 11:45:37', NULL, NULL);
INSERT INTO `sys_msg` VALUES (1118722418319437826, '罗布泊为什么说不？在非法穿越和有偿救援之间', '“4天4夜，我们终于穿越了罗布泊无人区。”谈起穿越罗布泊无人区的经历，来自四川乐山的越野爱好者王先生和马先生兴奋不已，2018年4月24日，包括他们的越野车在内，一队四川越野爱好者组织的10台越野车挺进了罗布泊。在长达1100公里的历程里。他们经历艰难险阻，不仅实现了自己的越野梦想，同时也饱览了雅丹地貌、戈壁滩、干涸湖泊、沙漠等交错变换的大美风光……\n\n然而，这一“壮举”并不值得表扬——在2017年，新疆罗布泊野骆驼国家级自然保护区管理局（简称“罗布泊管理局”）曾4次发出通告：严禁一切社会团体、单位或个人进入保护区开展旅游、探险活动，一经发现将依法予以处罚，情节严重的将追究刑事责任！罗布泊管理局相关负责人表示：毫无疑问，四川越野爱好者穿越罗布泊的行为“涉嫌违法”。\n\n罗布泊，位于中国新疆维吾尔自治区东南部，由于形状宛如人耳，被誉为“地球之耳”。众所周知，罗布泊不仅是著名的丝绸之路古道，中国第一颗原子弹、氢弹试验之所，留下过探险家彭加木、余纯顺等人的悲壮足迹，还是神秘的“死亡之海”“生命禁区”，大量探险爱好者、越野爱好者将其视为梦想，一旦成功穿越。必然是值得骄傲的荣耀。然而，罗布泊管理局对四川越野爱好者“涉嫌违法”的认定，在网上引起了众多疑问：为什么要禁止罗布泊？以后都不能去罗布泊了吗？\n\n首先，我们要区别“罗布泊”的概念。依照现在的行政划分，罗布泊其实是“罗布泊镇”，面积约为5.1万平方千米，是中国第一大镇。在地理学上，罗布泊则与“消失”紧密相连，是曾经的中国第二大咸水湖，面积约3000平方千米。不过在一般人的概念里，罗布泊的面积远远大于前二者：以楼兰古城为核心，周边有太阳墓、米兰古城等历史遗迹。也有龙城雅丹、罗布泊湖心等自然景观，以及前人科考探险遇难者如彭加木、余纯顺等人之墓;只要是在新疆东南部、若羌北部，有茫茫戈壁、奇特的雅丹地貌，荒原百里无人居住，都属于罗布泊。\n\n而罗布泊管理局发布的“禁令”。其实是针对“新疆罗布泊野骆驼国家级自然保护区”（简称“保护区”）。该保护区呈马蹄状，总面积达7.8万平方千米。不仅包括罗布泊地区的戛顺戈壁、南湖戈壁。还包括新疆其他三个辖区的干旱戈壁荒漠。不过在一般人眼里，整个保护区都被视作罗布泊的一部分。\n\n其实，“禁令”的存在是出于生物多样性的保护。虽然罗布泊内环境极其恶劣，是出了名的“无人区”。但并不是全无生命。实际上，罗布泊内不仅有众多国家重点保护动物，雪豹、藏野驴、北山羊等，还有各种珍稀植物，胡杨林、梭梭、裸果木等，然而罗布泊内生物多样性简单，生态系统十分脆弱，汽车到处碾压，会对地表植被和生物造成毁灭性的破坏，而穿越者往往以几辆甚至十几辆车队的形式在保护区内肆意横行，由此造成的生态破坏无法短期内修复。更重要的是，罗布泊保护区还是世界极度濒危物种、我国一级保护动物——野骆驼的主要聚集地。这种比大熊猫更珍贵的动物，胆子非常小，即便车队不主动打扰它们，若是被察觉，它们也会迅速离开。尤其是春季，野骆驼的产仔期，一旦有人或车辆等靠近，母骆驼或驼群会受到惊吓迅速逃离。而幼驼很可能因此掉队，最终饿死或被其他动物吃掉，从而加速野骆驼种群的灭绝。此外，罗布泊内还存在许多古迹古墓。有照片显示，部分户外爱好者不仅进入了古代墓地较为集中的区域，甚至还揭开了其中一个古墓的棺盖，查看里面的古尸。这些非法穿越者的行为无疑威胁到了保护区内文物的安全。\n\n\n按照我国《自然保护区条例》的规定：自然保护区可以分为实验区、缓冲区和核心区。其中，最外围的试验区内可以进行科学试验、旅游，以及驯化、繁殖珍稀、濒危野生动植物等活动;在缓冲区，只能进行科学研究观测活动;核心区则禁止任何单位和个人进入，除非得到国务院有关行政主管部门的批准。因此，位于罗布泊保护区核心区或缓冲区的湖心、八一泉、三垄沙、阿奇克谷地、库姆塔格沙漠等都不能参观或进入，也禁止抄近路横穿保护区前往彭加木纪念碑。', 0, 'SYS_MSG_PRO', 3, '', 2, 'yangjian,system', '守护天使', '2019-04-18 11:46:26', NULL, '', 'admin', '2019-04-18 11:46:24', 'admin', '2019-04-18 11:46:24', NULL, NULL);
INSERT INTO `sys_msg` VALUES (1118725498087813121, '我的标题', '我的内容', 0, 'SYS_MSG_ACT', 2, '', 1, 'yangjian,system', 'newsail', '2019-04-18 11:58:41', NULL, '', 'admin', '2019-04-18 11:58:38', 'admin', '2019-04-18 11:58:38', NULL, NULL);
INSERT INTO `sys_msg` VALUES (1119144916240519170, '测试重要消息', '测试重要消息测试重要消息测试重要消息测试重要消息测试重要消息\n测试重要消息\n测试重要消息', 0, 'SYS_MSG_PRO', 1, '', 1, 'yangjian,system', 'newsail', '2019-04-19 15:45:18', NULL, '', 'admin', '2019-04-19 15:45:15', 'admin', '2019-04-19 15:45:15', NULL, NULL);
INSERT INTO `sys_msg` VALUES (1119189939706028033, '中共中央总书记习近平主持会议', '       新华社北京4月19日电 中共中央政治局4月19日召开会议，分析研究当前经济形势，部署当前经济工作；听取2018年脱贫攻坚成效考核等情况汇报，对打好脱贫攻坚战提出要求；审议《中国共产党宣传工作条例》。中共中央总书记习近平主持会议。\n\n　　会议认为，今年以来，面对复杂严峻的形势，各地区各部门认真贯彻习近平新时代中国特色社会主义思想，按照党中央部署，贯彻新发展理念，坚定不移推动高质量发展，着力深化供给侧结构性改革，持续打好三大攻坚战，继续实施积极的财政政策和稳健的货币政策，适时适度实施宏观政策逆周期调节，主要宏观经济指标保持在合理区间，市场信心明显提升，新旧动能转换加快实施，改革开放继续有力推进，一季度经济运行总体平稳、好于预期，开局良好。\n\n　　会议指出，在充分肯定成绩的同时，要清醒看到，经济运行仍然存在不少困难和问题，外部经济环境总体趋紧，国内经济存在下行压力，这其中既有周期性因素，但更多是结构性、体制性的，必须保持定力、增强耐力，勇于攻坚克难。\n\n　　会议强调，做好全年经济工作，要紧紧围绕贯彻落实中央经济工作会议精神，稳中求进、突出主线、守住底线、把握好度，坚持宏观政策要稳、微观政策要活、社会政策要托底的总体思路，统筹国内国际两个大局，做好稳增长、促改革、调结构、惠民生、防风险、保稳定各项工作。要通过改革开放和结构调整的新进展巩固经济社会稳定大局。要细化“巩固、增强、提升、畅通”八字方针落实举措，注重以供给侧结构性改革的办法稳需求，坚持结构性去杠杆，在推动高质量发展中防范化解风险，坚决打好三大攻坚战。宏观政策要立足于推动高质量发展，更加注重质的提升，更加注重激发市场活力，积极的财政政策要加力提效，稳健的货币政策要松紧适度。\n\n　　会议要求，要把推动制造业高质量发展作为稳增长的重要依托，引导传统产业加快转型升级，做强做大新兴产业。要有效支持民营经济和中小企业发展，加快金融供给侧结构性改革，着力解决融资难、融资贵问题，引导优势民营企业加快转型升级。要坚持房子是用来住的、不是用来炒的定位，落实好一城一策、因城施策、城市政府主体责任的长效调控机制。要以关键制度创新促进资本市场健康发展，科创板要真正落实以信息披露为核心的证券发行注册制。要以高水平对外开放促进深层次改革，扩大外资市场准入，落实国民待遇。要做好重点群体就业工作，加强职业技能培训。近期安全生产问题突出，要举一反三，有效防范，精准治理。\n\n　　会议认为，2018年是打赢脱贫攻坚战三年行动的第一年和作风建设年。各地区各部门贯彻落实党中央决策部署，狠抓责任落实、政策落实、工作落实，脱贫攻坚取得显著成效，打赢脱贫攻坚战三年行动开局良好。打赢脱贫攻坚战，是全面建成小康社会的底线任务和标志性指标，是必须完成的重大任务。今后两年脱贫攻坚任务仍然艰巨繁重，剩下的都是贫中之贫、坚中之坚、硬仗中的硬仗。要继续实行最严格的考核评估，用好考核结果。对考核发现的责任落实不到位、扶贫标准把握不精准、“三保障”工作不够扎实、形式主义官僚主义问题较为突出、脱贫摘帽后松劲懈怠等问题，要高度重视并坚决整改，确保脱贫工作务实，脱贫过程扎实，脱贫结果真实。\n\n　　会议强调，脱贫攻坚期内已脱贫的贫困县、贫困村、贫困户，相关政策要保持一段时间，做到摘帽不摘责任、摘帽不摘政策、摘帽不摘帮扶、摘帽不摘监管。贫困县脱贫摘帽后，要一手抓剩余贫困人口的减贫，一手抓已脱贫人口的巩固提升，有效防止返贫和产生新的贫困人口。\n\n　　会议指出，宣传工作是党的一项极端重要的工作，是中国共产党领导人民不断夺取革命、建设、改革胜利的优良传统和政治优势。随着中国特色社会主义进入新时代，宣传思想工作面临新形势新任务新要求，需要通过法治方式提升工作的科学化制度化规范化水平。制定《中国共产党宣传工作条例》，是落实全面依法治国、全面从严治党的重大举措。', 0, 'SYS_MSG_SEV', 2, '', 1, 'yangjian,system', 'newsail', '2019-04-19 18:44:09', NULL, '', 'admin', '2019-04-19 18:44:10', 'admin', '2019-04-19 18:44:10', NULL, NULL);
INSERT INTO `sys_msg` VALUES (1120139250213572609, 'a', 'a', 0, 'SYS_MSG_ACT', 2, '', 1, 'yangjian,system', 'newsail', '2019-04-22 09:36:28', NULL, '', 'yangjian', '2019-04-22 09:36:23', 'yangjian', '2019-04-22 09:36:23', NULL, NULL);
INSERT INTO `sys_msg` VALUES (1120139398222172161, 'a', 'a', 0, 'SYS_MSG_ACT', 2, '', 1, 'yangjian,system', 'newsail', '2019-04-30 12:00:00', NULL, '', 'yangjian', '2019-04-22 09:36:58', 'yangjian', '2019-04-22 09:36:58', NULL, NULL);
INSERT INTO `sys_msg` VALUES (1131836305646440450, '测试1', '测试1', 0, 'SYS_MSG_SEV', 1, '', 1, 'yangjian', '测试1', '2019-05-24 16:16:21', NULL, '', 'admin', '2019-05-24 16:16:18', 'admin', '2019-05-24 16:16:18', NULL, NULL);
INSERT INTO `sys_msg` VALUES (1131836663215050754, '测试2', '测试2', 0, 'SYS_MSG_SEV', 2, '', 1, 'yangjian', '测试1', '2019-05-24 16:17:46', NULL, '', 'yangjian', '2019-05-24 16:17:44', 'yangjian', '2019-05-24 16:17:44', NULL, NULL);
INSERT INTO `sys_msg` VALUES (1131838075579826177, 'msg.getReceiverIds()', 'msg.getReceiverIds()', 0, 'SYS_MSG_FAU', 2, '', 1, 'admin,yangjian', 'msg.getReceiverIds()', '2019-05-24 16:23:23', NULL, '', 'admin', '2019-05-24 16:23:20', 'admin', '2019-05-24 16:23:20', NULL, NULL);
INSERT INTO `sys_msg` VALUES (1131838495626788866, '33333', '33333', 0, 'SYS_MSG_SEV', 2, '33333', 1, 'admin', '33333', '2019-05-24 16:25:03', NULL, '', 'admin', '2019-05-24 16:25:01', 'admin', '2019-05-24 16:25:01', NULL, NULL);
INSERT INTO `sys_msg` VALUES (1131924980619214849, '全体', '全体', 0, 'SYS_MSG_SEC', 2, '', 0, '', '全体', '2019-05-24 22:08:43', NULL, '', 'admin', '2019-05-24 22:08:40', 'admin', '2019-05-24 22:08:40', NULL, NULL);
INSERT INTO `sys_msg` VALUES (1131925114878885889, '全体', '全体', 1, 'SYS_MSG_SEC', 2, '', 0, '', '全体', '2019-05-24 22:09:15', NULL, '', 'admin', '2019-05-24 22:09:12', 'admin', '2019-05-24 22:09:12', NULL, NULL);
INSERT INTO `sys_msg` VALUES (1131926562781949954, '全体', '全体', 1, 'SYS_MSG_SEC', 2, '', 0, '', '全体', '2019-05-24 22:15:01', NULL, '', 'admin', '2019-05-24 22:14:57', 'admin', '2019-05-24 22:14:57', NULL, NULL);
INSERT INTO `sys_msg` VALUES (1131928204629667841, '全体', '全体', 1, 'SYS_MSG_SEC', 2, '', 0, '', '全体', '2019-05-24 22:21:32', NULL, '', 'admin', '2019-05-24 22:21:29', 'admin', '2019-05-24 22:21:29', NULL, NULL);
INSERT INTO `sys_msg` VALUES (1131930124685643778, '全体', '全体', 1, 'SYS_MSG_SEC', 2, '', 0, '', '全体', '2019-05-24 22:29:10', NULL, '', 'admin', '2019-05-24 22:29:07', 'admin', '2019-05-24 22:29:07', NULL, NULL);
INSERT INTO `sys_msg` VALUES (1131931190269472769, '全体', '全体', 1, 'SYS_MSG_SEC', 2, '', 0, '', '全体', '2019-05-24 22:33:24', NULL, '', 'admin', '2019-05-24 22:33:21', 'admin', '2019-05-24 22:33:21', NULL, NULL);
INSERT INTO `sys_msg` VALUES (1131931627492110338, '1', '1', 1, 'SYS_MSG_PRO', 2, '1', 1, 'admin,yangjian', '1', '2019-05-24 22:35:08', NULL, '', 'admin', '2019-05-24 22:35:05', 'admin', '2019-05-24 22:35:05', NULL, NULL);
INSERT INTO `sys_msg` VALUES (1131932265743544321, '1', '1', 1, 'SYS_MSG_PRO', 2, '1', 2, '1105682623329378306', '1', '2019-05-24 22:37:40', NULL, '', 'admin', '2019-05-24 22:37:37', 'admin', '2019-05-24 22:37:37', NULL, NULL);
INSERT INTO `sys_msg` VALUES (1131932445284921345, '部门', '1', 1, 'SYS_MSG_PRO', 2, '1', 2, '1105682623329378306', '1', '2019-05-24 22:38:23', NULL, '', 'admin', '2019-05-24 22:38:20', 'admin', '2019-05-24 22:38:20', NULL, NULL);
INSERT INTO `sys_msg` VALUES (1133299186942570497, '1', '1', 1, 'SYS_MSG_PRO', 1, '', 0, '', '1', '2019-05-28 17:09:17', NULL, '', 'yangjian', '2019-05-28 17:09:17', 'yangjian', '2019-05-28 17:09:17', NULL, NULL);
INSERT INTO `sys_msg` VALUES (1133299353922007042, '1', '1', 1, 'SYS_MSG_PRO', 1, '', 0, '', '1', '2019-05-28 17:09:57', NULL, '', 'yangjian', '2019-05-28 17:09:56', 'yangjian', '2019-05-28 17:09:56', NULL, NULL);
INSERT INTO `sys_msg` VALUES (1133299367025012738, '1', '1', 1, 'SYS_MSG_PRO', 1, '', 0, '', '1', '2019-05-28 17:10:00', NULL, '', 'yangjian', '2019-05-28 17:09:59', 'yangjian', '2019-05-28 17:09:59', NULL, NULL);
COMMIT;

-- ----------------------------
-- Table structure for sys_msg_date
-- ----------------------------
DROP TABLE IF EXISTS `sys_msg_date`;
CREATE TABLE `sys_msg_date` (
  `id` bigint(20) NOT NULL COMMENT 'id',
  `receiver` varchar(64) DEFAULT NULL COMMENT '接收者',
  `sync_Date` datetime DEFAULT NULL COMMENT '落地数据生成时间',
  `creator` varchar(64) DEFAULT NULL COMMENT '创建者',
  `create_date` datetime DEFAULT NULL COMMENT '创建时间',
  `updater` varchar(64) DEFAULT NULL COMMENT '更新者',
  `update_date` datetime DEFAULT NULL COMMENT '更新时间',
  `remark` varchar(200) DEFAULT NULL COMMENT '备注',
  PRIMARY KEY (`id`)
) ENGINE=InnoDB DEFAULT CHARSET=utf8 COMMENT='消息同步时间表';

-- ----------------------------
-- Records of sys_msg_date
-- ----------------------------
BEGIN;
INSERT INTO `sys_msg_date` VALUES (1118699326390022145, 'admin', '2019-05-29 11:28:02', 'admin', '2019-04-18 10:14:38', NULL, NULL, NULL);
INSERT INTO `sys_msg_date` VALUES (1120138133660487681, 'yangjian', '2019-05-29 09:25:48', NULL, '2019-04-22 09:31:57', NULL, NULL, NULL);
INSERT INTO `sys_msg_date` VALUES (1121662585157562369, 'yanghuimin', '2019-04-26 14:29:33', 'admin', '2019-04-26 14:29:34', NULL, NULL, NULL);
INSERT INTO `sys_msg_date` VALUES (1123039198889717761, 'zhouzhongtao', '2019-04-30 09:48:42', 'admin', '2019-04-30 09:39:45', NULL, NULL, NULL);
COMMIT;

-- ----------------------------
-- Table structure for sys_msg_record
-- ----------------------------
DROP TABLE IF EXISTS `sys_msg_record`;
CREATE TABLE `sys_msg_record` (
  `id` bigint(20) NOT NULL COMMENT 'id',
  `msg_id` bigint(20) NOT NULL COMMENT '消息id',
  `receiver` varchar(64) DEFAULT NULL COMMENT '接收者',
  `send_date` datetime DEFAULT NULL COMMENT '预计推送时间',
  `valid_date` datetime DEFAULT NULL COMMENT '过期时间',
  `read_date` datetime DEFAULT NULL COMMENT '阅读时间',
  `status` tinyint(4) DEFAULT '0' COMMENT '状态',
  `creator` varchar(64) DEFAULT NULL COMMENT '创建者',
  `create_date` datetime DEFAULT NULL COMMENT '创建时间',
  `updater` varchar(64) DEFAULT NULL COMMENT '更新者',
  `update_date` datetime DEFAULT NULL COMMENT '更新时间',
  PRIMARY KEY (`id`)
) ENGINE=InnoDB DEFAULT CHARSET=utf8 COMMENT='消息落地表';

-- ----------------------------
-- Records of sys_msg_record
-- ----------------------------
BEGIN;
INSERT INTO `sys_msg_record` VALUES (1118699324099932161, 1118698409217372161, 'admin', '2019-04-18 10:11:02', NULL, NULL, 0, 'admin', '2019-04-18 10:14:38', 'admin', '2019-04-28 16:20:12');
INSERT INTO `sys_msg_record` VALUES (1118699324460642306, 1118698414720299009, 'admin', '2019-04-18 10:11:03', NULL, NULL, 0, 'admin', '2019-04-18 10:14:38', 'admin', '2019-04-28 16:20:12');
INSERT INTO `sys_msg_record` VALUES (1118699324821352450, 1118698419707326466, 'admin', '2019-04-18 10:11:05', NULL, NULL, 0, 'admin', '2019-04-18 10:14:38', 'admin', '2019-04-28 16:20:12');
INSERT INTO `sys_msg_record` VALUES (1118699325135925250, 1118698424010682369, 'admin', '2019-04-18 10:11:06', NULL, NULL, 0, 'admin', '2019-04-18 10:14:38', 'admin', '2019-04-28 16:20:12');
INSERT INTO `sys_msg_record` VALUES (1118699325488246786, 1118698432629977089, 'admin', '2019-04-18 10:11:08', NULL, NULL, 0, 'admin', '2019-04-18 10:14:38', 'admin', '2019-04-28 16:20:12');
INSERT INTO `sys_msg_record` VALUES (1118699325752487937, 1118699060102049794, 'admin', '2019-04-18 10:13:37', NULL, '2019-04-30 18:48:47', 1, 'admin', '2019-04-18 10:14:38', 'admin', '2019-04-30 18:48:47');
INSERT INTO `sys_msg_record` VALUES (1118699326230638593, 1118699282534379522, 'admin', '2019-04-18 10:14:30', NULL, '2019-05-27 14:00:28', 1, 'admin', '2019-04-18 10:14:38', 'admin', '2019-05-27 14:00:28');
INSERT INTO `sys_msg_record` VALUES (1118722510212444162, 1118720437832003586, 'admin', '2019-04-18 11:38:34', NULL, '2019-04-30 18:08:46', 1, 'admin', '2019-04-18 11:46:46', 'admin', '2019-04-30 18:08:46');
INSERT INTO `sys_msg_record` VALUES (1118722510468296705, 1118722047408746497, 'admin', '2019-04-18 11:44:58', NULL, '2019-04-30 18:08:40', 1, 'admin', '2019-04-18 11:46:46', 'admin', '2019-04-30 18:08:40');
INSERT INTO `sys_msg_record` VALUES (1118722510803841025, 1118722221908570113, 'admin', '2019-04-18 11:45:40', NULL, '2019-04-30 18:08:43', 1, 'admin', '2019-04-18 11:46:46', 'admin', '2019-04-30 18:08:43');
INSERT INTO `sys_msg_record` VALUES (1118722511051304962, 1118722418319437826, 'admin', '2019-04-18 11:46:26', NULL, '2019-04-30 18:08:38', 1, 'admin', '2019-04-18 11:46:46', 'admin', '2019-04-30 18:08:38');
INSERT INTO `sys_msg_record` VALUES (1118765420630913025, 1118725498087813121, 'admin', '2019-04-18 11:58:41', NULL, '2019-04-30 18:08:36', 1, 'admin', '2019-04-18 14:37:17', 'admin', '2019-04-30 18:08:36');
INSERT INTO `sys_msg_record` VALUES (1119144964357574657, 1119144916240519170, 'admin', '2019-04-19 15:45:18', NULL, '2019-04-30 18:03:49', 1, 'admin', '2019-04-19 15:45:27', 'admin', '2019-04-30 18:03:49');
INSERT INTO `sys_msg_record` VALUES (1119189995473494017, 1119189939706028033, 'admin', '2019-04-19 18:44:09', NULL, '2019-04-29 10:02:17', 1, 'admin', '2019-04-19 18:44:23', 'admin', '2019-04-29 10:02:17');
INSERT INTO `sys_msg_record` VALUES (1120135860666441729, 1118699250078855169, 'yangjian', '2019-04-18 10:14:23', NULL, '2019-04-22 09:23:43', 1, 'admin', '2019-04-22 09:22:55', 'yangjian', '2019-04-22 09:23:43');
INSERT INTO `sys_msg_record` VALUES (1120138130363764738, 1118698409217372161, 'yangjian', '2019-04-18 10:11:02', NULL, NULL, 0, 'admin', '2019-04-22 09:31:56', 'admin', '2019-04-22 09:31:56');
INSERT INTO `sys_msg_record` VALUES (1120138130611228673, 1118698414720299009, 'yangjian', '2019-04-18 10:11:03', NULL, NULL, 0, 'admin', '2019-04-22 09:31:56', 'admin', '2019-04-22 09:31:56');
INSERT INTO `sys_msg_record` VALUES (1120138130825138178, 1118698419707326466, 'yangjian', '2019-04-18 10:11:05', NULL, NULL, 0, 'admin', '2019-04-22 09:31:56', 'admin', '2019-04-22 09:31:56');
INSERT INTO `sys_msg_record` VALUES (1120138131177459714, 1118698424010682369, 'yangjian', '2019-04-18 10:11:06', NULL, NULL, 0, 'admin', '2019-04-22 09:31:56', 'admin', '2019-04-22 09:31:56');
INSERT INTO `sys_msg_record` VALUES (1120138131387174914, 1118698432629977089, 'yangjian', '2019-04-18 10:11:08', NULL, NULL, 0, 'admin', '2019-04-22 09:31:56', 'admin', '2019-04-22 09:31:56');
INSERT INTO `sys_msg_record` VALUES (1120138131622055937, 1118699060102049794, 'yangjian', '2019-04-18 10:13:37', NULL, NULL, 0, 'admin', '2019-04-22 09:31:56', 'admin', '2019-04-22 09:31:56');
INSERT INTO `sys_msg_record` VALUES (1120138131961794562, 1118699282534379522, 'yangjian', '2019-04-18 10:14:30', NULL, NULL, 0, 'admin', '2019-04-22 09:31:56', 'admin', '2019-04-22 09:31:56');
INSERT INTO `sys_msg_record` VALUES (1120138132175704066, 1118720437832003586, 'yangjian', '2019-04-18 11:38:34', NULL, NULL, 0, 'admin', '2019-04-22 09:31:57', 'admin', '2019-04-22 09:31:57');
INSERT INTO `sys_msg_record` VALUES (1120138132398002177, 1118722047408746497, 'yangjian', '2019-04-18 11:44:58', NULL, NULL, 0, 'admin', '2019-04-22 09:31:57', 'admin', '2019-04-22 09:31:57');
INSERT INTO `sys_msg_record` VALUES (1120138132628688897, 1118722221908570113, 'yangjian', '2019-04-18 11:45:40', NULL, NULL, 0, 'admin', '2019-04-22 09:31:57', 'admin', '2019-04-22 09:31:57');
INSERT INTO `sys_msg_record` VALUES (1120138132846792706, 1118722418319437826, 'yangjian', '2019-04-18 11:46:26', NULL, NULL, 0, 'admin', '2019-04-22 09:31:57', 'admin', '2019-04-22 09:31:57');
INSERT INTO `sys_msg_record` VALUES (1120138133077479426, 1118725498087813121, 'yangjian', '2019-04-18 11:58:41', NULL, NULL, 0, 'admin', '2019-04-22 09:31:57', 'admin', '2019-04-22 09:31:57');
INSERT INTO `sys_msg_record` VALUES (1120138133324943362, 1119144916240519170, 'yangjian', '2019-04-19 15:45:18', NULL, NULL, 0, 'admin', '2019-04-22 09:31:57', 'admin', '2019-04-22 09:31:57');
INSERT INTO `sys_msg_record` VALUES (1120138133530464257, 1119189939706028033, 'yangjian', '2019-04-19 18:44:09', NULL, NULL, 0, 'admin', '2019-04-22 09:31:57', 'admin', '2019-04-22 09:31:57');
INSERT INTO `sys_msg_record` VALUES (1120142238499983361, 1120139250213572609, 'yangjian', '2019-04-22 09:36:28', NULL, '2019-04-22 09:48:22', 1, 'yangjian', '2019-04-22 09:48:16', 'yangjian', '2019-04-22 09:48:22');
INSERT INTO `sys_msg_record` VALUES (1120142386487611394, 1120139250213572609, 'admin', '2019-04-22 09:36:28', NULL, '2019-04-30 09:43:12', 1, 'yangjian', '2019-04-22 09:48:51', 'admin', '2019-04-30 09:43:12');
INSERT INTO `sys_msg_record` VALUES (1121662580887760897, 1118698409217372161, 'yanghuimin', '2019-04-18 10:11:02', NULL, NULL, 0, 'admin', '2019-04-26 14:29:33', 'admin', '2019-04-26 14:29:33');
INSERT INTO `sys_msg_record` VALUES (1121662581152002050, 1118698414720299009, 'yanghuimin', '2019-04-18 10:11:03', NULL, NULL, 0, 'admin', '2019-04-26 14:29:33', 'admin', '2019-04-26 14:29:33');
INSERT INTO `sys_msg_record` VALUES (1121662581416243201, 1118698419707326466, 'yanghuimin', '2019-04-18 10:11:05', NULL, NULL, 0, 'admin', '2019-04-26 14:29:34', 'admin', '2019-04-26 14:29:34');
INSERT INTO `sys_msg_record` VALUES (1121662581667901442, 1118698424010682369, 'yanghuimin', '2019-04-18 10:11:06', NULL, NULL, 0, 'admin', '2019-04-26 14:29:34', 'admin', '2019-04-26 14:29:34');
INSERT INTO `sys_msg_record` VALUES (1121662581932142593, 1118698432629977089, 'yanghuimin', '2019-04-18 10:11:08', NULL, NULL, 0, 'admin', '2019-04-26 14:29:34', 'admin', '2019-04-26 14:29:34');
INSERT INTO `sys_msg_record` VALUES (1121662582196383746, 1118699060102049794, 'yanghuimin', '2019-04-18 10:13:37', NULL, NULL, 0, 'admin', '2019-04-26 14:29:34', 'admin', '2019-04-26 14:29:34');
INSERT INTO `sys_msg_record` VALUES (1121662582456430593, 1118699250078855169, 'yanghuimin', '2019-04-18 10:14:23', NULL, NULL, 0, 'admin', '2019-04-26 14:29:34', 'admin', '2019-04-26 14:29:34');
INSERT INTO `sys_msg_record` VALUES (1121662582800363521, 1118699282534379522, 'yanghuimin', '2019-04-18 10:14:30', NULL, NULL, 0, 'admin', '2019-04-26 14:29:34', 'admin', '2019-04-26 14:29:34');
INSERT INTO `sys_msg_record` VALUES (1121662583060410369, 1118720437832003586, 'yanghuimin', '2019-04-18 11:38:34', NULL, NULL, 0, 'admin', '2019-04-26 14:29:34', 'admin', '2019-04-26 14:29:34');
INSERT INTO `sys_msg_record` VALUES (1121662583316262913, 1118722047408746497, 'yanghuimin', '2019-04-18 11:44:58', NULL, NULL, 0, 'admin', '2019-04-26 14:29:34', 'admin', '2019-04-26 14:29:34');
INSERT INTO `sys_msg_record` VALUES (1121662583572115457, 1118722221908570113, 'yanghuimin', '2019-04-18 11:45:40', NULL, NULL, 0, 'admin', '2019-04-26 14:29:34', 'admin', '2019-04-26 14:29:34');
INSERT INTO `sys_msg_record` VALUES (1121662583836356609, 1118722418319437826, 'yanghuimin', '2019-04-18 11:46:26', NULL, NULL, 0, 'admin', '2019-04-26 14:29:34', 'admin', '2019-04-26 14:29:34');
INSERT INTO `sys_msg_record` VALUES (1121662584088014850, 1118725498087813121, 'yanghuimin', '2019-04-18 11:58:41', NULL, NULL, 0, 'admin', '2019-04-26 14:29:34', 'admin', '2019-04-26 14:29:34');
INSERT INTO `sys_msg_record` VALUES (1121662584465502210, 1119144916240519170, 'yanghuimin', '2019-04-19 15:45:18', NULL, NULL, 0, 'admin', '2019-04-26 14:29:34', 'admin', '2019-04-26 14:29:34');
INSERT INTO `sys_msg_record` VALUES (1121662584733937665, 1119189939706028033, 'yanghuimin', '2019-04-19 18:44:09', NULL, NULL, 0, 'admin', '2019-04-26 14:29:34', 'admin', '2019-04-26 14:29:34');
INSERT INTO `sys_msg_record` VALUES (1121662584985595905, 1120139250213572609, 'yanghuimin', '2019-04-22 09:36:28', NULL, NULL, 0, 'admin', '2019-04-26 14:29:34', 'admin', '2019-04-26 14:29:34');
INSERT INTO `sys_msg_record` VALUES (1123039195026763778, 1118698409217372161, 'zhouzhongtao', '2019-04-18 10:11:02', NULL, NULL, 0, 'admin', '2019-04-30 09:39:44', 'admin', '2019-04-30 09:39:44');
INSERT INTO `sys_msg_record` VALUES (1123039195295199233, 1118698414720299009, 'zhouzhongtao', '2019-04-18 10:11:03', NULL, NULL, 0, 'admin', '2019-04-30 09:39:44', 'admin', '2019-04-30 09:39:44');
INSERT INTO `sys_msg_record` VALUES (1123039195534274561, 1118698419707326466, 'zhouzhongtao', '2019-04-18 10:11:05', NULL, NULL, 0, 'admin', '2019-04-30 09:39:44', 'admin', '2019-04-30 09:39:44');
INSERT INTO `sys_msg_record` VALUES (1123039195773349890, 1118698424010682369, 'zhouzhongtao', '2019-04-18 10:11:06', NULL, NULL, 0, 'admin', '2019-04-30 09:39:44', 'admin', '2019-04-30 09:39:44');
INSERT INTO `sys_msg_record` VALUES (1123039196008230913, 1118698432629977089, 'zhouzhongtao', '2019-04-18 10:11:08', NULL, NULL, 0, 'admin', '2019-04-30 09:39:44', 'admin', '2019-04-30 09:39:44');
INSERT INTO `sys_msg_record` VALUES (1123039196293443585, 1118699060102049794, 'zhouzhongtao', '2019-04-18 10:13:37', NULL, NULL, 0, 'admin', '2019-04-30 09:39:44', 'admin', '2019-04-30 09:39:44');
INSERT INTO `sys_msg_record` VALUES (1123039196528324609, 1118699250078855169, 'zhouzhongtao', '2019-04-18 10:14:23', NULL, NULL, 0, 'admin', '2019-04-30 09:39:44', 'admin', '2019-04-30 09:39:44');
INSERT INTO `sys_msg_record` VALUES (1123039196763205634, 1118699282534379522, 'zhouzhongtao', '2019-04-18 10:14:30', NULL, NULL, 0, 'admin', '2019-04-30 09:39:44', 'admin', '2019-04-30 09:39:44');
INSERT INTO `sys_msg_record` VALUES (1123039196998086658, 1118720437832003586, 'zhouzhongtao', '2019-04-18 11:38:34', NULL, NULL, 0, 'admin', '2019-04-30 09:39:44', 'admin', '2019-04-30 09:39:44');
INSERT INTO `sys_msg_record` VALUES (1123039197232967682, 1118722047408746497, 'zhouzhongtao', '2019-04-18 11:44:58', NULL, NULL, 0, 'admin', '2019-04-30 09:39:44', 'admin', '2019-04-30 09:39:44');
INSERT INTO `sys_msg_record` VALUES (1123039197497208833, 1118722221908570113, 'zhouzhongtao', '2019-04-18 11:45:40', NULL, NULL, 0, 'admin', '2019-04-30 09:39:44', 'admin', '2019-04-30 09:39:44');
INSERT INTO `sys_msg_record` VALUES (1123039197727895553, 1118722418319437826, 'zhouzhongtao', '2019-04-18 11:46:26', NULL, NULL, 0, 'admin', '2019-04-30 09:39:44', 'admin', '2019-04-30 09:39:44');
INSERT INTO `sys_msg_record` VALUES (1123039197966970881, 1118725498087813121, 'zhouzhongtao', '2019-04-18 11:58:41', NULL, NULL, 0, 'admin', '2019-04-30 09:39:45', 'admin', '2019-04-30 09:39:45');
INSERT INTO `sys_msg_record` VALUES (1123039198201851905, 1119144916240519170, 'zhouzhongtao', '2019-04-19 15:45:18', NULL, NULL, 0, 'admin', '2019-04-30 09:39:45', 'admin', '2019-04-30 09:39:45');
INSERT INTO `sys_msg_record` VALUES (1123039198482870274, 1119189939706028033, 'zhouzhongtao', '2019-04-19 18:44:09', NULL, NULL, 0, 'admin', '2019-04-30 09:39:45', 'admin', '2019-04-30 09:39:45');
INSERT INTO `sys_msg_record` VALUES (1123039198721945601, 1120139250213572609, 'zhouzhongtao', '2019-04-22 09:36:28', NULL, NULL, 0, 'admin', '2019-04-30 09:39:45', 'admin', '2019-04-30 09:39:45');
INSERT INTO `sys_msg_record` VALUES (1131837814505373698, 1131836663215050754, 'yangjian', '2019-05-24 16:17:46', NULL, NULL, 0, 'yangjian', '2019-05-24 16:22:18', 'yangjian', '2019-05-24 16:22:18');
INSERT INTO `sys_msg_record` VALUES (1131838131997409282, 1131838075579826177, 'admin', '2019-05-24 16:23:23', NULL, '2019-05-24 16:23:40', 1, 'admin', '2019-05-24 16:23:34', 'admin', '2019-05-24 16:23:40');
INSERT INTO `sys_msg_record` VALUES (1131839150877736961, 1131838495626788866, 'admin', '2019-05-24 16:25:03', NULL, '2019-05-24 16:32:48', 1, 'admin', '2019-05-24 16:27:37', 'admin', '2019-05-24 16:32:48');
INSERT INTO `sys_msg_record` VALUES (1131927098251964418, 1131926562781949954, 'yanghuimin', '2019-05-24 22:14:57', NULL, NULL, 0, 'admin', '2019-05-24 22:17:05', 'admin', '2019-05-24 22:17:05');
INSERT INTO `sys_msg_record` VALUES (1131927098449096705, 1131926562781949954, 'fangxiuwei', '2019-05-24 22:14:57', NULL, NULL, 0, 'admin', '2019-05-24 22:17:05', 'admin', '2019-05-24 22:17:05');
INSERT INTO `sys_msg_record` VALUES (1131927098625257474, 1131926562781949954, 'songlong', '2019-05-24 22:14:57', NULL, NULL, 0, 'admin', '2019-05-24 22:17:05', 'admin', '2019-05-24 22:17:05');
INSERT INTO `sys_msg_record` VALUES (1131927098818195457, 1131926562781949954, 'yangjian', '2019-05-24 22:14:57', NULL, NULL, 0, 'admin', '2019-05-24 22:17:05', 'admin', '2019-05-24 22:17:05');
INSERT INTO `sys_msg_record` VALUES (1131927098990161921, 1131926562781949954, 'xiamingyu', '2019-05-24 22:14:57', NULL, NULL, 0, 'admin', '2019-05-24 22:17:05', 'admin', '2019-05-24 22:17:05');
INSERT INTO `sys_msg_record` VALUES (1131927099166322690, 1131926562781949954, 'zhaofei', '2019-05-24 22:14:57', NULL, NULL, 0, 'admin', '2019-05-24 22:17:05', 'admin', '2019-05-24 22:17:05');
INSERT INTO `sys_msg_record` VALUES (1131927099350872065, 1131926562781949954, 'zhouzhongtao', '2019-05-24 22:14:57', NULL, NULL, 0, 'admin', '2019-05-24 22:17:05', 'admin', '2019-05-24 22:17:05');
INSERT INTO `sys_msg_record` VALUES (1131927099543810049, 1131926562781949954, 'ceshi', '2019-05-24 22:14:57', NULL, NULL, 0, 'admin', '2019-05-24 22:17:05', 'admin', '2019-05-24 22:17:05');
INSERT INTO `sys_msg_record` VALUES (1131927099724165121, 1131926562781949954, 'test', '2019-05-24 22:14:57', NULL, NULL, 0, 'admin', '2019-05-24 22:17:05', 'admin', '2019-05-24 22:17:05');
INSERT INTO `sys_msg_record` VALUES (1131927099900325890, 1131926562781949954, '15999999999', '2019-05-24 22:14:57', NULL, NULL, 0, 'admin', '2019-05-24 22:17:05', 'admin', '2019-05-24 22:17:05');
INSERT INTO `sys_msg_record` VALUES (1131927100093263874, 1131926562781949954, '15999999997', '2019-05-24 22:14:57', NULL, NULL, 0, 'admin', '2019-05-24 22:17:06', 'admin', '2019-05-24 22:17:06');
INSERT INTO `sys_msg_record` VALUES (1131927100282007554, 1131926562781949954, '15999999998', '2019-05-24 22:14:57', NULL, NULL, 0, 'admin', '2019-05-24 22:17:06', 'admin', '2019-05-24 22:17:06');
INSERT INTO `sys_msg_record` VALUES (1131927100483334145, 1131926562781949954, '15999999996', '2019-05-24 22:14:57', NULL, NULL, 0, 'admin', '2019-05-24 22:17:06', 'admin', '2019-05-24 22:17:06');
INSERT INTO `sys_msg_record` VALUES (1131928302939959298, 1131928204629667841, 'yanghuimin', '2019-05-24 22:21:29', NULL, NULL, 0, 'admin', '2019-05-24 22:21:52', 'admin', '2019-05-24 22:21:52');
INSERT INTO `sys_msg_record` VALUES (1131928303153868801, 1131928204629667841, 'fangxiuwei', '2019-05-24 22:21:29', NULL, NULL, 0, 'admin', '2019-05-24 22:21:52', 'admin', '2019-05-24 22:21:52');
INSERT INTO `sys_msg_record` VALUES (1131928303359389697, 1131928204629667841, 'songlong', '2019-05-24 22:21:29', NULL, NULL, 0, 'admin', '2019-05-24 22:21:52', 'admin', '2019-05-24 22:21:52');
INSERT INTO `sys_msg_record` VALUES (1131928303581687809, 1131928204629667841, 'yangjian', '2019-05-24 22:21:29', NULL, NULL, 0, 'admin', '2019-05-24 22:21:52', 'admin', '2019-05-24 22:21:52');
INSERT INTO `sys_msg_record` VALUES (1131928303820763137, 1131928204629667841, 'xiamingyu', '2019-05-24 22:21:29', NULL, NULL, 0, 'admin', '2019-05-24 22:21:52', 'admin', '2019-05-24 22:21:52');
INSERT INTO `sys_msg_record` VALUES (1131928304030478337, 1131928204629667841, 'zhaofei', '2019-05-24 22:21:29', NULL, NULL, 0, 'admin', '2019-05-24 22:21:53', 'admin', '2019-05-24 22:21:53');
INSERT INTO `sys_msg_record` VALUES (1131928304240193537, 1131928204629667841, 'zhouzhongtao', '2019-05-24 22:21:29', NULL, NULL, 0, 'admin', '2019-05-24 22:21:53', 'admin', '2019-05-24 22:21:53');
INSERT INTO `sys_msg_record` VALUES (1131928304449908738, 1131928204629667841, 'ceshi', '2019-05-24 22:21:29', NULL, NULL, 0, 'admin', '2019-05-24 22:21:53', 'admin', '2019-05-24 22:21:53');
INSERT INTO `sys_msg_record` VALUES (1131928304668012545, 1131928204629667841, 'test', '2019-05-24 22:21:29', NULL, NULL, 0, 'admin', '2019-05-24 22:21:53', 'admin', '2019-05-24 22:21:53');
INSERT INTO `sys_msg_record` VALUES (1131928304873533441, 1131928204629667841, '15999999999', '2019-05-24 22:21:29', NULL, NULL, 0, 'admin', '2019-05-24 22:21:53', 'admin', '2019-05-24 22:21:53');
INSERT INTO `sys_msg_record` VALUES (1131928305074860034, 1131928204629667841, '15999999997', '2019-05-24 22:21:29', NULL, NULL, 0, 'admin', '2019-05-24 22:21:53', 'admin', '2019-05-24 22:21:53');
INSERT INTO `sys_msg_record` VALUES (1131928305288769537, 1131928204629667841, '15999999998', '2019-05-24 22:21:29', NULL, NULL, 0, 'admin', '2019-05-24 22:21:53', 'admin', '2019-05-24 22:21:53');
INSERT INTO `sys_msg_record` VALUES (1131928305532039170, 1131928204629667841, '15999999996', '2019-05-24 22:21:29', NULL, NULL, 0, 'admin', '2019-05-24 22:21:53', 'admin', '2019-05-24 22:21:53');
INSERT INTO `sys_msg_record` VALUES (1131930264498573314, 1131930124685643778, 'admin', '2019-05-24 22:29:07', NULL, NULL, 0, 'admin', '2019-05-24 22:29:40', 'admin', '2019-05-24 22:29:40');
INSERT INTO `sys_msg_record` VALUES (1131930264695705602, 1131930124685643778, 'yanghuimin', '2019-05-24 22:29:07', NULL, NULL, 0, 'admin', '2019-05-24 22:29:40', 'admin', '2019-05-24 22:29:40');
INSERT INTO `sys_msg_record` VALUES (1131930264876060674, 1131930124685643778, 'fangxiuwei', '2019-05-24 22:29:07', NULL, NULL, 0, 'admin', '2019-05-24 22:29:40', 'admin', '2019-05-24 22:29:40');
INSERT INTO `sys_msg_record` VALUES (1131930265048027138, 1131930124685643778, 'songlong', '2019-05-24 22:29:07', NULL, NULL, 0, 'admin', '2019-05-24 22:29:40', 'admin', '2019-05-24 22:29:40');
INSERT INTO `sys_msg_record` VALUES (1131930265232576514, 1131930124685643778, 'yangjian', '2019-05-24 22:29:07', NULL, NULL, 0, 'admin', '2019-05-24 22:29:40', 'admin', '2019-05-24 22:29:40');
INSERT INTO `sys_msg_record` VALUES (1131930265433903106, 1131930124685643778, 'xiamingyu', '2019-05-24 22:29:07', NULL, NULL, 0, 'admin', '2019-05-24 22:29:40', 'admin', '2019-05-24 22:29:40');
INSERT INTO `sys_msg_record` VALUES (1131930265635229697, 1131930124685643778, 'zhaofei', '2019-05-24 22:29:07', NULL, NULL, 0, 'admin', '2019-05-24 22:29:40', 'admin', '2019-05-24 22:29:40');
INSERT INTO `sys_msg_record` VALUES (1131930265815584770, 1131930124685643778, 'zhouzhongtao', '2019-05-24 22:29:07', NULL, NULL, 0, 'admin', '2019-05-24 22:29:40', 'admin', '2019-05-24 22:29:40');
INSERT INTO `sys_msg_record` VALUES (1131930266000134146, 1131930124685643778, 'ceshi', '2019-05-24 22:29:07', NULL, NULL, 0, 'admin', '2019-05-24 22:29:40', 'admin', '2019-05-24 22:29:40');
INSERT INTO `sys_msg_record` VALUES (1131930266184683522, 1131930124685643778, 'test', '2019-05-24 22:29:07', NULL, NULL, 0, 'admin', '2019-05-24 22:29:40', 'admin', '2019-05-24 22:29:40');
INSERT INTO `sys_msg_record` VALUES (1131930266394398722, 1131930124685643778, '15999999999', '2019-05-24 22:29:07', NULL, NULL, 0, 'admin', '2019-05-24 22:29:40', 'admin', '2019-05-24 22:29:40');
INSERT INTO `sys_msg_record` VALUES (1131930266595725313, 1131930124685643778, '15999999997', '2019-05-24 22:29:07', NULL, NULL, 0, 'admin', '2019-05-24 22:29:40', 'admin', '2019-05-24 22:29:40');
INSERT INTO `sys_msg_record` VALUES (1131930266780274690, 1131930124685643778, '15999999998', '2019-05-24 22:29:07', NULL, NULL, 0, 'admin', '2019-05-24 22:29:41', 'admin', '2019-05-24 22:29:41');
INSERT INTO `sys_msg_record` VALUES (1131930266964824065, 1131930124685643778, '15999999996', '2019-05-24 22:29:07', NULL, NULL, 0, 'admin', '2019-05-24 22:29:41', 'admin', '2019-05-24 22:29:41');
INSERT INTO `sys_msg_record` VALUES (1131931294057525250, 1131931190269472769, 'admin', '2019-05-24 22:33:21', NULL, '2019-05-27 14:00:23', 1, 'admin', '2019-05-24 22:33:45', 'admin', '2019-05-27 14:00:23');
INSERT INTO `sys_msg_record` VALUES (1131931294263046146, 1131931190269472769, 'yanghuimin', '2019-05-24 22:33:21', NULL, NULL, 0, 'admin', '2019-05-24 22:33:45', 'admin', '2019-05-24 22:33:45');
INSERT INTO `sys_msg_record` VALUES (1131931294451789826, 1131931190269472769, 'fangxiuwei', '2019-05-24 22:33:21', NULL, NULL, 0, 'admin', '2019-05-24 22:33:46', 'admin', '2019-05-24 22:33:46');
INSERT INTO `sys_msg_record` VALUES (1131931294657310722, 1131931190269472769, 'songlong', '2019-05-24 22:33:21', NULL, NULL, 0, 'admin', '2019-05-24 22:33:46', 'admin', '2019-05-24 22:33:46');
INSERT INTO `sys_msg_record` VALUES (1131931294896386049, 1131931190269472769, 'yangjian', '2019-05-24 22:33:21', NULL, NULL, 0, 'admin', '2019-05-24 22:33:46', 'admin', '2019-05-24 22:33:46');
INSERT INTO `sys_msg_record` VALUES (1131931295135461378, 1131931190269472769, 'xiamingyu', '2019-05-24 22:33:21', NULL, NULL, 0, 'admin', '2019-05-24 22:33:46', 'admin', '2019-05-24 22:33:46');
INSERT INTO `sys_msg_record` VALUES (1131931295370342402, 1131931190269472769, 'zhaofei', '2019-05-24 22:33:21', NULL, NULL, 0, 'admin', '2019-05-24 22:33:46', 'admin', '2019-05-24 22:33:46');
INSERT INTO `sys_msg_record` VALUES (1131931295609417729, 1131931190269472769, 'zhouzhongtao', '2019-05-24 22:33:21', NULL, NULL, 0, 'admin', '2019-05-24 22:33:46', 'admin', '2019-05-24 22:33:46');
INSERT INTO `sys_msg_record` VALUES (1131931295835910146, 1131931190269472769, 'ceshi', '2019-05-24 22:33:21', NULL, NULL, 0, 'admin', '2019-05-24 22:33:46', 'admin', '2019-05-24 22:33:46');
INSERT INTO `sys_msg_record` VALUES (1131931296045625346, 1131931190269472769, 'test', '2019-05-24 22:33:21', NULL, NULL, 0, 'admin', '2019-05-24 22:33:46', 'admin', '2019-05-24 22:33:46');
INSERT INTO `sys_msg_record` VALUES (1131931296255340546, 1131931190269472769, '15999999999', '2019-05-24 22:33:21', NULL, NULL, 0, 'admin', '2019-05-24 22:33:46', 'admin', '2019-05-24 22:33:46');
INSERT INTO `sys_msg_record` VALUES (1131931296469250050, 1131931190269472769, '15999999997', '2019-05-24 22:33:21', NULL, NULL, 0, 'admin', '2019-05-24 22:33:46', 'admin', '2019-05-24 22:33:46');
INSERT INTO `sys_msg_record` VALUES (1131931296704131073, 1131931190269472769, '15999999998', '2019-05-24 22:33:21', NULL, NULL, 0, 'admin', '2019-05-24 22:33:46', 'admin', '2019-05-24 22:33:46');
INSERT INTO `sys_msg_record` VALUES (1131931296934817794, 1131931190269472769, '15999999996', '2019-05-24 22:33:21', NULL, NULL, 0, 'admin', '2019-05-24 22:33:46', 'admin', '2019-05-24 22:33:46');
INSERT INTO `sys_msg_record` VALUES (1131931807679410177, 1131931627492110338, 'admin', '2019-05-24 22:35:05', NULL, '2019-05-24 22:38:40', 1, 'admin', '2019-05-24 22:35:48', 'admin', '2019-05-24 22:38:40');
INSERT INTO `sys_msg_record` VALUES (1131931807876542465, 1131931627492110338, 'yangjian', '2019-05-24 22:35:05', NULL, NULL, 0, 'admin', '2019-05-24 22:35:48', 'admin', '2019-05-24 22:35:48');
INSERT INTO `sys_msg_record` VALUES (1131932390431813634, 1131932265743544321, 'yangjian', '2019-05-24 22:37:37', NULL, NULL, 0, 'admin', '2019-05-24 22:38:07', 'admin', '2019-05-24 22:38:07');
INSERT INTO `sys_msg_record` VALUES (1131932470916313090, 1131932445284921345, 'yangjian', '2019-05-24 22:38:20', NULL, '2019-05-24 22:38:57', 1, 'admin', '2019-05-24 22:38:26', 'yangjian', '2019-05-24 22:38:57');
INSERT INTO `sys_msg_record` VALUES (1131932569885110273, 1131838075579826177, 'yangjian', '2019-05-24 16:23:23', NULL, NULL, 0, 'admin', '2019-05-24 22:38:50', 'admin', '2019-05-24 22:38:50');
INSERT INTO `sys_msg_record` VALUES (1131932570044493826, 1131924980619214849, 'yangjian', '2019-05-24 22:08:43', NULL, NULL, 0, 'admin', '2019-05-24 22:38:50', 'admin', '2019-05-24 22:38:50');
INSERT INTO `sys_msg_record` VALUES (1132631417833517057, 1131924980619214849, 'admin', '2019-05-24 22:08:43', NULL, NULL, 0, 'admin', '2019-05-26 20:55:48', 'admin', '2019-05-26 20:55:48');
INSERT INTO `sys_msg_record` VALUES (1133299250679214081, 1133299186942570497, 'admin', '2019-05-28 17:09:17', NULL, NULL, 0, 'yangjian', '2019-05-28 17:09:32', 'yangjian', '2019-05-28 17:09:32');
INSERT INTO `sys_msg_record` VALUES (1133299250826014721, 1133299186942570497, 'yanghuimin', '2019-05-28 17:09:17', NULL, NULL, 0, 'yangjian', '2019-05-28 17:09:32', 'yangjian', '2019-05-28 17:09:32');
INSERT INTO `sys_msg_record` VALUES (1133299250947649538, 1133299186942570497, 'fangxiuwei', '2019-05-28 17:09:17', NULL, NULL, 0, 'yangjian', '2019-05-28 17:09:32', 'yangjian', '2019-05-28 17:09:32');
INSERT INTO `sys_msg_record` VALUES (1133299251086061569, 1133299186942570497, 'songlong', '2019-05-28 17:09:17', NULL, NULL, 0, 'yangjian', '2019-05-28 17:09:32', 'yangjian', '2019-05-28 17:09:32');
INSERT INTO `sys_msg_record` VALUES (1133299251249639425, 1133299186942570497, 'yangjian', '2019-05-28 17:09:17', NULL, NULL, 0, 'yangjian', '2019-05-28 17:09:32', 'yangjian', '2019-05-28 17:09:32');
INSERT INTO `sys_msg_record` VALUES (1133299251404828674, 1133299186942570497, 'xiamingyu', '2019-05-28 17:09:17', NULL, NULL, 0, 'yangjian', '2019-05-28 17:09:32', 'yangjian', '2019-05-28 17:09:32');
INSERT INTO `sys_msg_record` VALUES (1133299251606155265, 1133299186942570497, 'zhaofei', '2019-05-28 17:09:17', NULL, NULL, 0, 'yangjian', '2019-05-28 17:09:32', 'yangjian', '2019-05-28 17:09:32');
INSERT INTO `sys_msg_record` VALUES (1133299251748761602, 1133299186942570497, 'zhouzhongtao', '2019-05-28 17:09:17', NULL, NULL, 0, 'yangjian', '2019-05-28 17:09:32', 'yangjian', '2019-05-28 17:09:32');
INSERT INTO `sys_msg_record` VALUES (1133299251899756545, 1133299186942570497, 'ceshi', '2019-05-28 17:09:17', NULL, NULL, 0, 'yangjian', '2019-05-28 17:09:32', 'yangjian', '2019-05-28 17:09:32');
INSERT INTO `sys_msg_record` VALUES (1133299252046557185, 1133299186942570497, 'test', '2019-05-28 17:09:17', NULL, NULL, 0, 'yangjian', '2019-05-28 17:09:32', 'yangjian', '2019-05-28 17:09:32');
INSERT INTO `sys_msg_record` VALUES (1133299252205940738, 1133299186942570497, '15999999999', '2019-05-28 17:09:17', NULL, NULL, 0, 'yangjian', '2019-05-28 17:09:32', 'yangjian', '2019-05-28 17:09:32');
INSERT INTO `sys_msg_record` VALUES (1133299252340158465, 1133299186942570497, '15999999997', '2019-05-28 17:09:17', NULL, NULL, 0, 'yangjian', '2019-05-28 17:09:32', 'yangjian', '2019-05-28 17:09:32');
INSERT INTO `sys_msg_record` VALUES (1133299252482764802, 1133299186942570497, '15999999998', '2019-05-28 17:09:17', NULL, NULL, 0, 'yangjian', '2019-05-28 17:09:32', 'yangjian', '2019-05-28 17:09:32');
INSERT INTO `sys_msg_record` VALUES (1133299252650536961, 1133299186942570497, '15999999996', '2019-05-28 17:09:17', NULL, NULL, 0, 'yangjian', '2019-05-28 17:09:32', 'yangjian', '2019-05-28 17:09:32');
INSERT INTO `sys_msg_record` VALUES (1133299354152693762, 1133299353922007042, 'admin', '2019-05-28 17:09:56', NULL, NULL, 0, 'yangjian', '2019-05-28 17:09:56', 'yangjian', '2019-05-28 17:09:56');
INSERT INTO `sys_msg_record` VALUES (1133299354299494402, 1133299353922007042, 'yanghuimin', '2019-05-28 17:09:56', NULL, NULL, 0, 'yangjian', '2019-05-28 17:09:56', 'yangjian', '2019-05-28 17:09:56');
INSERT INTO `sys_msg_record` VALUES (1133299354454683650, 1133299353922007042, 'fangxiuwei', '2019-05-28 17:09:56', NULL, NULL, 0, 'yangjian', '2019-05-28 17:09:56', 'yangjian', '2019-05-28 17:09:56');
INSERT INTO `sys_msg_record` VALUES (1133299354609872898, 1133299353922007042, 'songlong', '2019-05-28 17:09:56', NULL, NULL, 0, 'yangjian', '2019-05-28 17:09:56', 'yangjian', '2019-05-28 17:09:56');
INSERT INTO `sys_msg_record` VALUES (1133299354760867842, 1133299353922007042, 'yangjian', '2019-05-28 17:09:56', NULL, NULL, 0, 'yangjian', '2019-05-28 17:09:57', 'yangjian', '2019-05-28 17:09:57');
INSERT INTO `sys_msg_record` VALUES (1133299355142549506, 1133299353922007042, 'xiamingyu', '2019-05-28 17:09:56', NULL, NULL, 0, 'yangjian', '2019-05-28 17:09:57', 'yangjian', '2019-05-28 17:09:57');
INSERT INTO `sys_msg_record` VALUES (1133299355306127362, 1133299353922007042, 'zhaofei', '2019-05-28 17:09:56', NULL, NULL, 0, 'yangjian', '2019-05-28 17:09:57', 'yangjian', '2019-05-28 17:09:57');
INSERT INTO `sys_msg_record` VALUES (1133299355457122306, 1133299353922007042, 'zhouzhongtao', '2019-05-28 17:09:56', NULL, NULL, 0, 'yangjian', '2019-05-28 17:09:57', 'yangjian', '2019-05-28 17:09:57');
INSERT INTO `sys_msg_record` VALUES (1133299355599728642, 1133299353922007042, 'ceshi', '2019-05-28 17:09:56', NULL, NULL, 0, 'yangjian', '2019-05-28 17:09:57', 'yangjian', '2019-05-28 17:09:57');
INSERT INTO `sys_msg_record` VALUES (1133299355738140673, 1133299353922007042, 'test', '2019-05-28 17:09:56', NULL, NULL, 0, 'yangjian', '2019-05-28 17:09:57', 'yangjian', '2019-05-28 17:09:57');
INSERT INTO `sys_msg_record` VALUES (1133299355897524225, 1133299353922007042, '15999999999', '2019-05-28 17:09:56', NULL, NULL, 0, 'yangjian', '2019-05-28 17:09:57', 'yangjian', '2019-05-28 17:09:57');
INSERT INTO `sys_msg_record` VALUES (1133299356044324865, 1133299353922007042, '15999999997', '2019-05-28 17:09:56', NULL, NULL, 0, 'yangjian', '2019-05-28 17:09:57', 'yangjian', '2019-05-28 17:09:57');
INSERT INTO `sys_msg_record` VALUES (1133299356224679937, 1133299353922007042, '15999999998', '2019-05-28 17:09:56', NULL, NULL, 0, 'yangjian', '2019-05-28 17:09:57', 'yangjian', '2019-05-28 17:09:57');
INSERT INTO `sys_msg_record` VALUES (1133299356396646401, 1133299353922007042, '15999999996', '2019-05-28 17:09:56', NULL, NULL, 0, 'yangjian', '2019-05-28 17:09:57', 'yangjian', '2019-05-28 17:09:57');
INSERT INTO `sys_msg_record` VALUES (1133299367259893761, 1133299367025012738, 'admin', '2019-05-28 17:09:59', NULL, NULL, 0, 'yangjian', '2019-05-28 17:09:59', 'yangjian', '2019-05-28 17:09:59');
INSERT INTO `sys_msg_record` VALUES (1133299367436054530, 1133299367025012738, 'yanghuimin', '2019-05-28 17:09:59', NULL, NULL, 0, 'yangjian', '2019-05-28 17:10:00', 'yangjian', '2019-05-28 17:10:00');
INSERT INTO `sys_msg_record` VALUES (1133299367608020993, 1133299367025012738, 'fangxiuwei', '2019-05-28 17:09:59', NULL, NULL, 0, 'yangjian', '2019-05-28 17:10:00', 'yangjian', '2019-05-28 17:10:00');
INSERT INTO `sys_msg_record` VALUES (1133299367813541889, 1133299367025012738, 'songlong', '2019-05-28 17:09:59', NULL, NULL, 0, 'yangjian', '2019-05-28 17:10:00', 'yangjian', '2019-05-28 17:10:00');
INSERT INTO `sys_msg_record` VALUES (1133299367985508353, 1133299367025012738, 'yangjian', '2019-05-28 17:09:59', NULL, NULL, 0, 'yangjian', '2019-05-28 17:10:00', 'yangjian', '2019-05-28 17:10:00');
INSERT INTO `sys_msg_record` VALUES (1133299368165863426, 1133299367025012738, 'xiamingyu', '2019-05-28 17:09:59', NULL, NULL, 0, 'yangjian', '2019-05-28 17:10:00', 'yangjian', '2019-05-28 17:10:00');
INSERT INTO `sys_msg_record` VALUES (1133299368371384322, 1133299367025012738, 'zhaofei', '2019-05-28 17:09:59', NULL, NULL, 0, 'yangjian', '2019-05-28 17:10:00', 'yangjian', '2019-05-28 17:10:00');
INSERT INTO `sys_msg_record` VALUES (1133299368522379266, 1133299367025012738, 'zhouzhongtao', '2019-05-28 17:09:59', NULL, NULL, 0, 'yangjian', '2019-05-28 17:10:00', 'yangjian', '2019-05-28 17:10:00');
INSERT INTO `sys_msg_record` VALUES (1133299368677568514, 1133299367025012738, 'ceshi', '2019-05-28 17:09:59', NULL, NULL, 0, 'yangjian', '2019-05-28 17:10:00', 'yangjian', '2019-05-28 17:10:00');
INSERT INTO `sys_msg_record` VALUES (1133299368853729281, 1133299367025012738, 'test', '2019-05-28 17:09:59', NULL, NULL, 0, 'yangjian', '2019-05-28 17:10:00', 'yangjian', '2019-05-28 17:10:00');
INSERT INTO `sys_msg_record` VALUES (1133299369025695745, 1133299367025012738, '15999999999', '2019-05-28 17:09:59', NULL, NULL, 0, 'yangjian', '2019-05-28 17:10:00', 'yangjian', '2019-05-28 17:10:00');
INSERT INTO `sys_msg_record` VALUES (1133299369155719170, 1133299367025012738, '15999999997', '2019-05-28 17:09:59', NULL, NULL, 0, 'yangjian', '2019-05-28 17:10:00', 'yangjian', '2019-05-28 17:10:00');
INSERT INTO `sys_msg_record` VALUES (1133299369323491329, 1133299367025012738, '15999999998', '2019-05-28 17:09:59', NULL, NULL, 0, 'yangjian', '2019-05-28 17:10:00', 'yangjian', '2019-05-28 17:10:00');
INSERT INTO `sys_msg_record` VALUES (1133299369487069186, 1133299367025012738, '15999999996', '2019-05-28 17:09:59', NULL, NULL, 0, 'yangjian', '2019-05-28 17:10:00', 'yangjian', '2019-05-28 17:10:00');
COMMIT;

-- ----------------------------
-- Table structure for sys_oss
-- ----------------------------
DROP TABLE IF EXISTS `sys_oss`;
CREATE TABLE `sys_oss` (
  `id` bigint(20) NOT NULL COMMENT 'id',
  `url` varchar(200) DEFAULT NULL COMMENT 'URL地址',
  `creator` varchar(64) DEFAULT NULL COMMENT '创建者',
  `create_date` datetime DEFAULT NULL COMMENT '创建时间',
  PRIMARY KEY (`id`) USING BTREE,
  KEY `idx_create_date` (`create_date`) USING BTREE
) ENGINE=InnoDB DEFAULT CHARSET=utf8 COMMENT='文件上传';

-- ----------------------------
-- Records of sys_oss
-- ----------------------------
BEGIN;
INSERT INTO `sys_oss` VALUES (1106410551965028353, 'http:// poe3py54u.bkt.clouddn.com/upload/20190315/251228925cd14d2294b7d80dacfc6062.jpg', 'admin', '2019-03-15 12:23:26');
INSERT INTO `sys_oss` VALUES (1106410633703624706, 'http:// poe3py54u.bkt.clouddn.com/upload/20190315/9fb033c2ab8c444b9b7475d8206586d0.jpg', 'admin', '2019-03-15 12:23:46');
INSERT INTO `sys_oss` VALUES (1106410872875421698, 'http:// poe3py54u.bkt.clouddn.com/upload/20190315/b623b5382e6a4e718552657da10e4f4c.jpg', 'admin', '2019-03-15 12:24:43');
INSERT INTO `sys_oss` VALUES (1106410931721506818, 'http:// poe3py54u.bkt.clouddn.com/upload/20190315/f5a4cbd905e1468190473795759446fd.png', 'admin', '2019-03-15 12:24:57');
INSERT INTO `sys_oss` VALUES (1110427359588040706, 'http://poe3py54u.bkt.clouddn.com/upload/20190326/2d770d86657e447ebc5d5645ebb18e9b.jpg', 'admin', '2019-03-26 14:24:48');
COMMIT;

-- ----------------------------
-- Table structure for sys_params
-- ----------------------------
DROP TABLE IF EXISTS `sys_params`;
CREATE TABLE `sys_params` (
  `id` bigint(20) NOT NULL COMMENT 'id',
  `param_code` varchar(32) DEFAULT NULL COMMENT '参数编码',
  `param_value` varchar(2000) DEFAULT NULL COMMENT '参数值',
  `param_type` tinyint(4) DEFAULT NULL COMMENT '参数类型： 由数据字典定义，1系统参数，0用户自定义参数',
  `remark` varchar(200) DEFAULT NULL COMMENT '备注',
  `creator` varchar(64) DEFAULT NULL COMMENT '创建者',
  `create_date` datetime DEFAULT NULL COMMENT '创建时间',
  `updater` varchar(64) DEFAULT NULL COMMENT '更新者',
  `update_date` datetime DEFAULT NULL COMMENT '更新时间',
  PRIMARY KEY (`id`) USING BTREE,
  UNIQUE KEY `uk_param_code` (`param_code`) USING BTREE,
  KEY `idx_create_date` (`create_date`) USING BTREE
) ENGINE=InnoDB DEFAULT CHARSET=utf8 COMMENT='参数管理';

-- ----------------------------
-- Records of sys_params
-- ----------------------------
BEGIN;
INSERT INTO `sys_params` VALUES (1067246875800000073, 'CLOUD_STORAGE_CONFIG_KEY', '{\"type\":1,\"qiniuDomain\":\"http://poe3py54u.bkt.clouddn.com\",\"qiniuPrefix\":\"upload\",\"qiniuAccessKey\":\"fMJObNv5hlXPbmhlshiBzi7aA6VQEZiYxHTlE3EL\",\"qiniuSecretKey\":\"24pwVW74T6rjFDzFuVICHeoTzj6Ch6VmJlasEctG\",\"qiniuBucketName\":\"dayleqius2019\",\"aliyunDomain\":\"www.22.com\",\"aliyunPrefix\":\"\",\"aliyunEndPoint\":\"22\",\"aliyunAccessKeyId\":\"1\",\"aliyunAccessKeySecret\":\"1\",\"aliyunBucketName\":\"1\",\"qcloudDomain\":\"\",\"qcloudPrefix\":\"\",\"qcloudSecretId\":\"\",\"qcloudSecretKey\":\"\",\"qcloudBucketName\":\"\",\"fastdfsDomain\":\"11\",\"localDomain\":\"111222\"}', 0, '云存储配置信息', '1067246875800000001', '2019-02-19 08:58:05', '1067246875800000001', '2019-02-19 08:58:05');
INSERT INTO `sys_params` VALUES (1067246875800000074, 'SMS_CONFIG_KEY', '{\"platform\":1,\"aliyunAccessKeyId\":\"12\",\"aliyunAccessKeySecret\":\"1\",\"aliyunSignName\":\"1\",\"aliyunTemplateCode\":\"1\",\"qcloudAppId\":2,\"qcloudAppKey\":\"2\",\"qcloudSignName\":\"2\",\"qcloudTemplateId\":\"2\"}', 0, '短信配置信息', '1067246875800000001', '2019-02-19 08:58:05', '1067246875800000001', '2019-02-19 08:58:05');
INSERT INTO `sys_params` VALUES (1067246875800000075, 'MAIL_CONFIG_KEY', '{\"smtp\":\"smtp.126.com\",\"port\":465,\"username\":\"qius_cna@126.com\",\"password\":\"q20040706\",\"ssl\":\"javax.net.ssl.SSLSocketFactory\"}', 0, '邮件配置信息', '1067246875800000001', '2019-02-19 08:58:05', '1067246875800000001', '2019-02-19 08:58:05');
INSERT INTO `sys_params` VALUES (1107431680716476418, 'SYS_ADMIN_MODEL', '{\"optionVisit\":1,\"optionData\":1,\"authVisit\":1,\"authData\":1}', 1, '系统管理员权限模式', 'admin', '2019-03-18 08:01:02', 'admin', '2019-04-23 21:57:27');
INSERT INTO `sys_params` VALUES (1107432156006617090, 'COMMON_ADMIN_MODEL', '{\"optionVisit\":1,\"optionData\":0,\"authVisit\":0,\"authData\":0}', 1, '普通管理员权限模式', 'admin', '2019-03-18 08:02:56', 'yangjian', '2019-05-21 10:22:50');
INSERT INTO `sys_params` VALUES (1110382142914740226, 'SECURITY_CONFIG_KEY', '{\"initPassword\":\"1\",\"initPasswordModify\":1,\"passwordModifySecurityLevel\":2,\"passwordModify\":1,\"passwordModifyCycle\":10,\"failureHere\":3,\"unlockTime\":5,\"verificationCodeHere\":1}', 0, '系统安全配置信息', 'admin', '2019-03-26 11:25:07', 'admin', '2019-03-26 11:25:07');
COMMIT;

-- ----------------------------
-- Table structure for sys_role
-- ----------------------------
DROP TABLE IF EXISTS `sys_role`;
CREATE TABLE `sys_role` (
  `id` bigint(20) NOT NULL COMMENT 'id',
  `name` varchar(50) DEFAULT NULL COMMENT '角色名称',
  `remark` varchar(100) DEFAULT NULL COMMENT '备注',
  `dept_id` bigint(20) DEFAULT NULL COMMENT '部门ID',
  `creator` varchar(64) DEFAULT NULL COMMENT '创建者',
  `create_date` datetime DEFAULT NULL COMMENT '创建时间',
  `updater` varchar(64) DEFAULT NULL COMMENT '更新者',
  `update_date` datetime DEFAULT NULL COMMENT '更新时间',
  `role_grade` char(1) NOT NULL DEFAULT '0' COMMENT '级别 - 1超级管理员2二级管理员0普通',
  `version` int(11) NOT NULL DEFAULT '0' COMMENT '乐观锁标记',
  PRIMARY KEY (`id`) USING BTREE,
  KEY `idx_dept_id` (`dept_id`) USING BTREE
) ENGINE=InnoDB DEFAULT CHARSET=utf8 COMMENT='角色管理';

-- ----------------------------
-- Records of sys_role
-- ----------------------------
BEGIN;
INSERT INTO `sys_role` VALUES (1105348926450638850, '系统管理员', '负责企业全面系统管理工作', NULL, 'admin', '2019-03-12 14:04:55', 'admin', '2019-05-05 10:20:17', '1', 0);
INSERT INTO `sys_role` VALUES (1105354541080207361, '普通管理员', '负责指定分公司或区域的二级管理员', 1104590849233264642, 'admin', '2019-03-12 14:27:14', 'admin', '2019-05-05 10:20:24', '2', 0);
INSERT INTO `sys_role` VALUES (1105686056316870658, '员工', '所有内部员工账户默认的权限', NULL, 'admin', '2019-03-13 12:24:33', 'admin', '2019-05-05 10:20:05', '0', 0);
INSERT INTO `sys_role` VALUES (1105689718556631042, '总经理', '', NULL, 'admin', '2019-03-13 12:39:06', 'admin', '2019-05-05 10:19:58', '0', 0);
INSERT INTO `sys_role` VALUES (1105690002267742209, '外包事业部部长', '', 1105682623329378306, 'admin', '2019-03-13 12:40:14', 'admin', '2019-05-05 10:20:49', '0', 0);
INSERT INTO `sys_role` VALUES (1105690286331174914, '财务会计', '', NULL, 'admin', '2019-03-13 12:41:22', 'admin', '2019-05-05 10:20:46', '0', 0);
INSERT INTO `sys_role` VALUES (1105690383626444801, '出纳', '处理现金银行业务', NULL, 'admin', '2019-03-13 12:41:45', 'admin', '2019-05-23 17:10:00', '0', 0);
INSERT INTO `sys_role` VALUES (1105690443042955266, '行政后勤', '', NULL, 'admin', '2019-03-13 12:41:59', 'admin', '2019-05-24 15:21:57', '0', 0);
INSERT INTO `sys_role` VALUES (1131822521276043265, '测试1', NULL, NULL, 'admin', '2019-05-24 15:21:32', 'admin', '2019-05-24 15:21:32', '0', 0);
COMMIT;

-- ----------------------------
-- Table structure for sys_role_flow
-- ----------------------------
DROP TABLE IF EXISTS `sys_role_flow`;
CREATE TABLE `sys_role_flow` (
  `id` bigint(20) NOT NULL COMMENT 'id',
  `form_id` bigint(20) NOT NULL COMMENT '表单id',
  `role_id` bigint(20) NOT NULL COMMENT '角色id',
  `remark` varchar(200) CHARACTER SET utf8mb4 DEFAULT NULL COMMENT '备注信息',
  `creator` varchar(64) DEFAULT NULL COMMENT '创建者',
  `create_date` datetime DEFAULT NULL COMMENT '创建时间',
  PRIMARY KEY (`id`)
) ENGINE=InnoDB DEFAULT CHARSET=utf8;

-- ----------------------------
-- Table structure for sys_role_menu
-- ----------------------------
DROP TABLE IF EXISTS `sys_role_menu`;
CREATE TABLE `sys_role_menu` (
  `id` bigint(20) NOT NULL COMMENT 'id',
  `role_id` bigint(20) DEFAULT NULL COMMENT '角色ID',
  `menu_id` bigint(20) DEFAULT NULL COMMENT '菜单ID',
  `creator` varchar(64) DEFAULT NULL COMMENT '创建者',
  `create_date` datetime DEFAULT NULL COMMENT '创建时间',
  PRIMARY KEY (`id`) USING BTREE,
  KEY `idx_role_id` (`role_id`) USING BTREE,
  KEY `idx_menu_id` (`menu_id`) USING BTREE
) ENGINE=InnoDB DEFAULT CHARSET=utf8 COMMENT='角色菜单关系';

-- ----------------------------
-- Records of sys_role_menu
-- ----------------------------
BEGIN;
INSERT INTO `sys_role_menu` VALUES (1124861258935439362, 1105689718556631042, 1067246875800000002, 'admin', '2019-05-05 10:19:58');
INSERT INTO `sys_role_menu` VALUES (1124861259052879874, 1105689718556631042, 1067246875800000055, 'admin', '2019-05-05 10:19:58');
INSERT INTO `sys_role_menu` VALUES (1124861259136765954, 1105689718556631042, 1109015863500156929, 'admin', '2019-05-05 10:19:58');
INSERT INTO `sys_role_menu` VALUES (1124861259233234946, 1105689718556631042, 1067246875800000056, 'admin', '2019-05-05 10:19:58');
INSERT INTO `sys_role_menu` VALUES (1124861259342286850, 1105689718556631042, 1067246875800000003, 'admin', '2019-05-05 10:19:58');
INSERT INTO `sys_role_menu` VALUES (1124861259451338754, 1105689718556631042, 1067246875800000004, 'admin', '2019-05-05 10:19:58');
INSERT INTO `sys_role_menu` VALUES (1124861259539419137, 1105689718556631042, 1067246875800000005, 'admin', '2019-05-05 10:19:58');
INSERT INTO `sys_role_menu` VALUES (1124861259648471042, 1105689718556631042, 1067246875800000006, 'admin', '2019-05-05 10:19:58');
INSERT INTO `sys_role_menu` VALUES (1124861259728162818, 1105689718556631042, 1067246875800000013, 'admin', '2019-05-05 10:19:58');
INSERT INTO `sys_role_menu` VALUES (1124861259816243202, 1105689718556631042, 1067246875800000018, 'admin', '2019-05-05 10:19:58');
INSERT INTO `sys_role_menu` VALUES (1124861259908517889, 1105689718556631042, 1067246875800000019, 'admin', '2019-05-05 10:19:58');
INSERT INTO `sys_role_menu` VALUES (1124861260004986881, 1105689718556631042, 1067246875800000020, 'admin', '2019-05-05 10:19:58');
INSERT INTO `sys_role_menu` VALUES (1124861260093067266, 1105689718556631042, 1067246875800000024, 'admin', '2019-05-05 10:19:58');
INSERT INTO `sys_role_menu` VALUES (1124861260185341953, 1105689718556631042, 1067246875800000021, 'admin', '2019-05-05 10:19:58');
INSERT INTO `sys_role_menu` VALUES (1124861260286005250, 1105689718556631042, 1067246875800000022, 'admin', '2019-05-05 10:19:58');
INSERT INTO `sys_role_menu` VALUES (1124861260369891330, 1105689718556631042, 1067246875800000023, 'admin', '2019-05-05 10:19:58');
INSERT INTO `sys_role_menu` VALUES (1124861260462166018, 1105689718556631042, 1122402524739825666, 'admin', '2019-05-05 10:19:58');
INSERT INTO `sys_role_menu` VALUES (1124861291747479553, 1105686056316870658, 1067246875800000040, 'admin', '2019-05-05 10:20:06');
INSERT INTO `sys_role_menu` VALUES (1124861291902668802, 1105686056316870658, 1067246875800000059, 'admin', '2019-05-05 10:20:06');
INSERT INTO `sys_role_menu` VALUES (1124861292066246658, 1105686056316870658, 1067246875800000057, 'admin', '2019-05-05 10:20:06');
INSERT INTO `sys_role_menu` VALUES (1124861292263378945, 1105686056316870658, 1067246875800000060, 'admin', '2019-05-05 10:20:06');
INSERT INTO `sys_role_menu` VALUES (1124861292439539714, 1105686056316870658, 1067246875800000061, 'admin', '2019-05-05 10:20:06');
INSERT INTO `sys_role_menu` VALUES (1124861292607311873, 1105686056316870658, 1067246875800000058, 'admin', '2019-05-05 10:20:06');
INSERT INTO `sys_role_menu` VALUES (1124861292783472641, 1105686056316870658, 1104945274515656706, 'admin', '2019-05-05 10:20:06');
INSERT INTO `sys_role_menu` VALUES (1124861292976410626, 1105686056316870658, 1104945274536628225, 'admin', '2019-05-05 10:20:06');
INSERT INTO `sys_role_menu` VALUES (1124861293173542913, 1105686056316870658, 1104945274536628226, 'admin', '2019-05-05 10:20:06');
INSERT INTO `sys_role_menu` VALUES (1124861293341315074, 1105686056316870658, 1104945274536628227, 'admin', '2019-05-05 10:20:06');
INSERT INTO `sys_role_menu` VALUES (1124861293509087234, 1105686056316870658, 1104945274536628228, 'admin', '2019-05-05 10:20:06');
INSERT INTO `sys_role_menu` VALUES (1124861293735579650, 1105686056316870658, 1104945274536628229, 'admin', '2019-05-05 10:20:06');
INSERT INTO `sys_role_menu` VALUES (1124861293962072066, 1105686056316870658, 1067246875800000046, 'admin', '2019-05-05 10:20:06');
INSERT INTO `sys_role_menu` VALUES (1124861294150815745, 1105686056316870658, 1067246875800000048, 'admin', '2019-05-05 10:20:06');
INSERT INTO `sys_role_menu` VALUES (1124861294331170817, 1105686056316870658, 1067246875800000049, 'admin', '2019-05-05 10:20:06');
INSERT INTO `sys_role_menu` VALUES (1124861294532497409, 1105686056316870658, 1067246875800000050, 'admin', '2019-05-05 10:20:06');
INSERT INTO `sys_role_menu` VALUES (1124861294729629697, 1105686056316870658, 1067246875800000051, 'admin', '2019-05-05 10:20:06');
INSERT INTO `sys_role_menu` VALUES (1124861294951927809, 1105686056316870658, 1122402524739825666, 'admin', '2019-05-05 10:20:06');
INSERT INTO `sys_role_menu` VALUES (1124861295157448706, 1105686056316870658, 1067246875800000035, 'admin', '2019-05-05 10:20:06');
INSERT INTO `sys_role_menu` VALUES (1124861295312637954, 1105686056316870658, 1067246875800000053, 'admin', '2019-05-05 10:20:06');
INSERT INTO `sys_role_menu` VALUES (1124861340468514817, 1105348926450638850, 1067246875800000002, 'admin', '2019-05-05 10:20:17');
INSERT INTO `sys_role_menu` VALUES (1124861340556595202, 1105348926450638850, 1067246875800000056, 'admin', '2019-05-05 10:20:17');
INSERT INTO `sys_role_menu` VALUES (1124861340648869890, 1105348926450638850, 1067246875800000003, 'admin', '2019-05-05 10:20:17');
INSERT INTO `sys_role_menu` VALUES (1124861340736950273, 1105348926450638850, 1067246875800000004, 'admin', '2019-05-05 10:20:17');
INSERT INTO `sys_role_menu` VALUES (1124861340829224962, 1105348926450638850, 1067246875800000005, 'admin', '2019-05-05 10:20:17');
INSERT INTO `sys_role_menu` VALUES (1124861340950859777, 1105348926450638850, 1067246875800000006, 'admin', '2019-05-05 10:20:17');
INSERT INTO `sys_role_menu` VALUES (1124861341047328770, 1105348926450638850, 1067246875800000012, 'admin', '2019-05-05 10:20:17');
INSERT INTO `sys_role_menu` VALUES (1124861341143797761, 1105348926450638850, 1067246875800000014, 'admin', '2019-05-05 10:20:17');
INSERT INTO `sys_role_menu` VALUES (1124861341231878145, 1105348926450638850, 1067246875800000015, 'admin', '2019-05-05 10:20:17');
INSERT INTO `sys_role_menu` VALUES (1124861341328347137, 1105348926450638850, 1067246875800000016, 'admin', '2019-05-05 10:20:17');
INSERT INTO `sys_role_menu` VALUES (1124861341424816129, 1105348926450638850, 1067246875800000017, 'admin', '2019-05-05 10:20:17');
INSERT INTO `sys_role_menu` VALUES (1124861341517090818, 1105348926450638850, 1067246875800000007, 'admin', '2019-05-05 10:20:17');
INSERT INTO `sys_role_menu` VALUES (1124861341600976898, 1105348926450638850, 1067246875800000008, 'admin', '2019-05-05 10:20:17');
INSERT INTO `sys_role_menu` VALUES (1124861341689057281, 1105348926450638850, 1067246875800000009, 'admin', '2019-05-05 10:20:17');
INSERT INTO `sys_role_menu` VALUES (1124861341777137666, 1105348926450638850, 1067246875800000010, 'admin', '2019-05-05 10:20:17');
INSERT INTO `sys_role_menu` VALUES (1124861341869412354, 1105348926450638850, 1067246875800000011, 'admin', '2019-05-05 10:20:17');
INSERT INTO `sys_role_menu` VALUES (1124861341995241474, 1105348926450638850, 1067246875800000025, 'admin', '2019-05-05 10:20:18');
INSERT INTO `sys_role_menu` VALUES (1124861342116876290, 1105348926450638850, 1067246875800000026, 'admin', '2019-05-05 10:20:18');
INSERT INTO `sys_role_menu` VALUES (1124861342200762370, 1105348926450638850, 1067246875800000027, 'admin', '2019-05-05 10:20:18');
INSERT INTO `sys_role_menu` VALUES (1124861342284648449, 1105348926450638850, 1067246875800000028, 'admin', '2019-05-05 10:20:18');
INSERT INTO `sys_role_menu` VALUES (1124861342389506050, 1105348926450638850, 1067246875800000029, 'admin', '2019-05-05 10:20:18');
INSERT INTO `sys_role_menu` VALUES (1124861342477586434, 1105348926450638850, 1067246875800000040, 'admin', '2019-05-05 10:20:18');
INSERT INTO `sys_role_menu` VALUES (1124861342553083906, 1105348926450638850, 1067246875800000059, 'admin', '2019-05-05 10:20:18');
INSERT INTO `sys_role_menu` VALUES (1124861342641164290, 1105348926450638850, 1067246875800000057, 'admin', '2019-05-05 10:20:18');
INSERT INTO `sys_role_menu` VALUES (1124861342720856065, 1105348926450638850, 1067246875800000060, 'admin', '2019-05-05 10:20:18');
INSERT INTO `sys_role_menu` VALUES (1124861342817325057, 1105348926450638850, 1067246875800000061, 'admin', '2019-05-05 10:20:18');
INSERT INTO `sys_role_menu` VALUES (1124861342909599746, 1105348926450638850, 1067246875800000058, 'admin', '2019-05-05 10:20:18');
INSERT INTO `sys_role_menu` VALUES (1124861343006068737, 1105348926450638850, 1067246875800000030, 'admin', '2019-05-05 10:20:18');
INSERT INTO `sys_role_menu` VALUES (1124861343094149121, 1105348926450638850, 1067246875800000031, 'admin', '2019-05-05 10:20:18');
INSERT INTO `sys_role_menu` VALUES (1124861343178035202, 1105348926450638850, 1067246875800000032, 'admin', '2019-05-05 10:20:18');
INSERT INTO `sys_role_menu` VALUES (1124861343261921282, 1105348926450638850, 1067246875800000033, 'admin', '2019-05-05 10:20:18');
INSERT INTO `sys_role_menu` VALUES (1124861343358390274, 1105348926450638850, 1067246875800000034, 'admin', '2019-05-05 10:20:18');
INSERT INTO `sys_role_menu` VALUES (1124861343484219394, 1105348926450638850, 1067246875800000036, 'admin', '2019-05-05 10:20:18');
INSERT INTO `sys_role_menu` VALUES (1124861343610048513, 1105348926450638850, 1067246875800000037, 'admin', '2019-05-05 10:20:18');
INSERT INTO `sys_role_menu` VALUES (1124861343714906113, 1105348926450638850, 1067246875800000038, 'admin', '2019-05-05 10:20:18');
INSERT INTO `sys_role_menu` VALUES (1124861343807180802, 1105348926450638850, 1067246875800000039, 'admin', '2019-05-05 10:20:18');
INSERT INTO `sys_role_menu` VALUES (1124861343895261186, 1105348926450638850, 1067246875800000047, 'admin', '2019-05-05 10:20:18');
INSERT INTO `sys_role_menu` VALUES (1124861343995924482, 1105348926450638850, 1104945274515656706, 'admin', '2019-05-05 10:20:18');
INSERT INTO `sys_role_menu` VALUES (1124861344088199169, 1105348926450638850, 1104945274536628225, 'admin', '2019-05-05 10:20:18');
INSERT INTO `sys_role_menu` VALUES (1124861344176279553, 1105348926450638850, 1104945274536628226, 'admin', '2019-05-05 10:20:18');
INSERT INTO `sys_role_menu` VALUES (1124861344264359937, 1105348926450638850, 1104945274536628227, 'admin', '2019-05-05 10:20:18');
INSERT INTO `sys_role_menu` VALUES (1124861344335663105, 1105348926450638850, 1104945274536628228, 'admin', '2019-05-05 10:20:18');
INSERT INTO `sys_role_menu` VALUES (1124861344419549185, 1105348926450638850, 1104945274536628229, 'admin', '2019-05-05 10:20:18');
INSERT INTO `sys_role_menu` VALUES (1124861344516018177, 1105348926450638850, 1067246875800000013, 'admin', '2019-05-05 10:20:18');
INSERT INTO `sys_role_menu` VALUES (1124861344604098561, 1105348926450638850, 1067246875800000018, 'admin', '2019-05-05 10:20:18');
INSERT INTO `sys_role_menu` VALUES (1124861344687984641, 1105348926450638850, 1067246875800000019, 'admin', '2019-05-05 10:20:18');
INSERT INTO `sys_role_menu` VALUES (1124861344780259330, 1105348926450638850, 1067246875800000020, 'admin', '2019-05-05 10:20:18');
INSERT INTO `sys_role_menu` VALUES (1124861344868339713, 1105348926450638850, 1067246875800000021, 'admin', '2019-05-05 10:20:18');
INSERT INTO `sys_role_menu` VALUES (1124861344985780226, 1105348926450638850, 1067246875800000022, 'admin', '2019-05-05 10:20:18');
INSERT INTO `sys_role_menu` VALUES (1124861345078054913, 1105348926450638850, 1067246875800000023, 'admin', '2019-05-05 10:20:18');
INSERT INTO `sys_role_menu` VALUES (1124861345187106817, 1105348926450638850, 1067246875800000046, 'admin', '2019-05-05 10:20:18');
INSERT INTO `sys_role_menu` VALUES (1124861345300353025, 1105348926450638850, 1067246875800000048, 'admin', '2019-05-05 10:20:18');
INSERT INTO `sys_role_menu` VALUES (1124861345438765057, 1105348926450638850, 1067246875800000049, 'admin', '2019-05-05 10:20:18');
INSERT INTO `sys_role_menu` VALUES (1124861345543622657, 1105348926450638850, 1067246875800000050, 'admin', '2019-05-05 10:20:18');
INSERT INTO `sys_role_menu` VALUES (1124861345631703042, 1105348926450638850, 1067246875800000051, 'admin', '2019-05-05 10:20:18');
INSERT INTO `sys_role_menu` VALUES (1124861345719783425, 1105348926450638850, 1122402524739825666, 'admin', '2019-05-05 10:20:18');
INSERT INTO `sys_role_menu` VALUES (1124861345803669505, 1105348926450638850, 1067246875800000055, 'admin', '2019-05-05 10:20:18');
INSERT INTO `sys_role_menu` VALUES (1124861345891749890, 1105348926450638850, 1067246875800000035, 'admin', '2019-05-05 10:20:18');
INSERT INTO `sys_role_menu` VALUES (1124861345984024577, 1105348926450638850, 1067246875800000024, 'admin', '2019-05-05 10:20:18');
INSERT INTO `sys_role_menu` VALUES (1124861346067910658, 1105348926450638850, 1067246875800000053, 'admin', '2019-05-05 10:20:18');
INSERT INTO `sys_role_menu` VALUES (1124861370386485250, 1105354541080207361, 1067246875800000002, 'admin', '2019-05-05 10:20:24');
INSERT INTO `sys_role_menu` VALUES (1124861370478759938, 1105354541080207361, 1067246875800000056, 'admin', '2019-05-05 10:20:24');
INSERT INTO `sys_role_menu` VALUES (1124861370566840322, 1105354541080207361, 1067246875800000003, 'admin', '2019-05-05 10:20:24');
INSERT INTO `sys_role_menu` VALUES (1124861370650726402, 1105354541080207361, 1067246875800000004, 'admin', '2019-05-05 10:20:24');
INSERT INTO `sys_role_menu` VALUES (1124861370738806786, 1105354541080207361, 1067246875800000005, 'admin', '2019-05-05 10:20:24');
INSERT INTO `sys_role_menu` VALUES (1124861370831081474, 1105354541080207361, 1067246875800000006, 'admin', '2019-05-05 10:20:24');
INSERT INTO `sys_role_menu` VALUES (1124861370927550466, 1105354541080207361, 1067246875800000012, 'admin', '2019-05-05 10:20:24');
INSERT INTO `sys_role_menu` VALUES (1124861371019825154, 1105354541080207361, 1067246875800000014, 'admin', '2019-05-05 10:20:24');
INSERT INTO `sys_role_menu` VALUES (1124861371120488450, 1105354541080207361, 1067246875800000015, 'admin', '2019-05-05 10:20:24');
INSERT INTO `sys_role_menu` VALUES (1124861371208568834, 1105354541080207361, 1067246875800000016, 'admin', '2019-05-05 10:20:24');
INSERT INTO `sys_role_menu` VALUES (1124861371296649217, 1105354541080207361, 1067246875800000017, 'admin', '2019-05-05 10:20:24');
INSERT INTO `sys_role_menu` VALUES (1124861371397312514, 1105354541080207361, 1067246875800000007, 'admin', '2019-05-05 10:20:25');
INSERT INTO `sys_role_menu` VALUES (1124861371489587201, 1105354541080207361, 1067246875800000008, 'admin', '2019-05-05 10:20:25');
INSERT INTO `sys_role_menu` VALUES (1124861371565084673, 1105354541080207361, 1067246875800000009, 'admin', '2019-05-05 10:20:25');
INSERT INTO `sys_role_menu` VALUES (1124861371661553665, 1105354541080207361, 1067246875800000010, 'admin', '2019-05-05 10:20:25');
INSERT INTO `sys_role_menu` VALUES (1124861371770605569, 1105354541080207361, 1067246875800000011, 'admin', '2019-05-05 10:20:25');
INSERT INTO `sys_role_menu` VALUES (1124861371875463169, 1105354541080207361, 1067246875800000035, 'admin', '2019-05-05 10:20:25');
INSERT INTO `sys_role_menu` VALUES (1124861371988709377, 1105354541080207361, 1122402524739825666, 'admin', '2019-05-05 10:20:25');
INSERT INTO `sys_role_menu` VALUES (1124861372089372673, 1105354541080207361, 1067246875800000055, 'admin', '2019-05-05 10:20:25');
INSERT INTO `sys_role_menu` VALUES (1124861476007448578, 1105690002267742209, 1067246875800000013, 'admin', '2019-05-05 10:20:49');
INSERT INTO `sys_role_menu` VALUES (1124861476112306177, 1105690002267742209, 1067246875800000018, 'admin', '2019-05-05 10:20:49');
INSERT INTO `sys_role_menu` VALUES (1124861476217163778, 1105690002267742209, 1067246875800000019, 'admin', '2019-05-05 10:20:50');
INSERT INTO `sys_role_menu` VALUES (1124861476334604290, 1105690002267742209, 1067246875800000020, 'admin', '2019-05-05 10:20:50');
INSERT INTO `sys_role_menu` VALUES (1124861476435267585, 1105690002267742209, 1067246875800000021, 'admin', '2019-05-05 10:20:50');
INSERT INTO `sys_role_menu` VALUES (1124861476527542274, 1105690002267742209, 1067246875800000022, 'admin', '2019-05-05 10:20:50');
INSERT INTO `sys_role_menu` VALUES (1124861476636594178, 1105690002267742209, 1067246875800000023, 'admin', '2019-05-05 10:20:50');
INSERT INTO `sys_role_menu` VALUES (1124861476741451777, 1105690002267742209, 1122402524739825666, 'admin', '2019-05-05 10:20:50');
INSERT INTO `sys_role_menu` VALUES (1124861476842115074, 1105690002267742209, 1067246875800000024, 'admin', '2019-05-05 10:20:50');
INSERT INTO `sys_role_menu` VALUES (1131822521498341378, 1131822521276043265, 1067246875800000002, 'admin', '2019-05-24 15:21:32');
INSERT INTO `sys_role_menu` VALUES (1131822521582227457, 1131822521276043265, 1067246875800000055, 'admin', '2019-05-24 15:21:32');
INSERT INTO `sys_role_menu` VALUES (1131822521666113538, 1131822521276043265, 1109015863500156929, 'admin', '2019-05-24 15:21:32');
INSERT INTO `sys_role_menu` VALUES (1131822521758388225, 1131822521276043265, 1067246875800000056, 'admin', '2019-05-24 15:21:32');
INSERT INTO `sys_role_menu` VALUES (1131822521838080001, 1131822521276043265, 1067246875800000003, 'admin', '2019-05-24 15:21:32');
INSERT INTO `sys_role_menu` VALUES (1131822521934548994, 1131822521276043265, 1067246875800000004, 'admin', '2019-05-24 15:21:32');
INSERT INTO `sys_role_menu` VALUES (1131822522026823681, 1131822521276043265, 1067246875800000005, 'admin', '2019-05-24 15:21:32');
INSERT INTO `sys_role_menu` VALUES (1131822522123292674, 1131822521276043265, 1067246875800000006, 'admin', '2019-05-24 15:21:32');
INSERT INTO `sys_role_menu` VALUES (1131822522240733185, 1131822521276043265, 1067246875800000012, 'admin', '2019-05-24 15:21:32');
INSERT INTO `sys_role_menu` VALUES (1131822522383339521, 1131822521276043265, 1067246875800000014, 'admin', '2019-05-24 15:21:32');
INSERT INTO `sys_role_menu` VALUES (1131822522488197121, 1131822521276043265, 1067246875800000015, 'admin', '2019-05-24 15:21:32');
INSERT INTO `sys_role_menu` VALUES (1131822522580471809, 1131822521276043265, 1067246875800000016, 'admin', '2019-05-24 15:21:32');
INSERT INTO `sys_role_menu` VALUES (1131822522676940802, 1131822521276043265, 1067246875800000017, 'admin', '2019-05-24 15:21:32');
INSERT INTO `sys_role_menu` VALUES (1131822522785992705, 1131822521276043265, 1067246875800000007, 'admin', '2019-05-24 15:21:32');
INSERT INTO `sys_role_menu` VALUES (1131822522874073089, 1131822521276043265, 1067246875800000008, 'admin', '2019-05-24 15:21:32');
INSERT INTO `sys_role_menu` VALUES (1131822522962153473, 1131822521276043265, 1067246875800000009, 'admin', '2019-05-24 15:21:32');
INSERT INTO `sys_role_menu` VALUES (1131822523071205377, 1131822521276043265, 1067246875800000010, 'admin', '2019-05-24 15:21:32');
INSERT INTO `sys_role_menu` VALUES (1131822523163480066, 1131822521276043265, 1067246875800000011, 'admin', '2019-05-24 15:21:32');
INSERT INTO `sys_role_menu` VALUES (1131822523247366146, 1131822521276043265, 1108280267198582785, 'admin', '2019-05-24 15:21:32');
INSERT INTO `sys_role_menu` VALUES (1131822523352223746, 1131822521276043265, 1108280267198582786, 'admin', '2019-05-24 15:21:32');
INSERT INTO `sys_role_menu` VALUES (1131822523440304130, 1131822521276043265, 1108280267198582787, 'admin', '2019-05-24 15:21:32');
INSERT INTO `sys_role_menu` VALUES (1131822523536773122, 1131822521276043265, 1108280267198582788, 'admin', '2019-05-24 15:21:33');
INSERT INTO `sys_role_menu` VALUES (1131822523616464897, 1131822521276043265, 1108280267198582789, 'admin', '2019-05-24 15:21:33');
INSERT INTO `sys_role_menu` VALUES (1131822523708739586, 1131822521276043265, 1108280267198582790, 'admin', '2019-05-24 15:21:33');
INSERT INTO `sys_role_menu` VALUES (1131822523813597185, 1131822521276043265, 1131418921042128898, 'admin', '2019-05-24 15:21:33');
INSERT INTO `sys_role_menu` VALUES (1131822523914260481, 1131822521276043265, 1131418921042128899, 'admin', '2019-05-24 15:21:33');
INSERT INTO `sys_role_menu` VALUES (1131822523998146561, 1131822521276043265, 1131418921042128900, 'admin', '2019-05-24 15:21:33');
INSERT INTO `sys_role_menu` VALUES (1131822524090421249, 1131822521276043265, 1131418921042128901, 'admin', '2019-05-24 15:21:33');
INSERT INTO `sys_role_menu` VALUES (1131822524195278850, 1131822521276043265, 1131418921042128902, 'admin', '2019-05-24 15:21:33');
INSERT INTO `sys_role_menu` VALUES (1131822524291747841, 1131822521276043265, 1131418921042128903, 'admin', '2019-05-24 15:21:33');
INSERT INTO `sys_role_menu` VALUES (1131822524388216834, 1131822521276043265, 1067246875800000013, 'admin', '2019-05-24 15:21:33');
INSERT INTO `sys_role_menu` VALUES (1131822524476297218, 1131822521276043265, 1130380195256020993, 'admin', '2019-05-24 15:21:33');
INSERT INTO `sys_role_menu` VALUES (1131822524560183297, 1131822521276043265, 1130380195256020994, 'admin', '2019-05-24 15:21:33');
INSERT INTO `sys_role_menu` VALUES (1131822524648263682, 1131822521276043265, 1130380195256020995, 'admin', '2019-05-24 15:21:33');
INSERT INTO `sys_role_menu` VALUES (1131822524736344065, 1131822521276043265, 1130380195256020996, 'admin', '2019-05-24 15:21:33');
INSERT INTO `sys_role_menu` VALUES (1131822524828618754, 1131822521276043265, 1130380195256020997, 'admin', '2019-05-24 15:21:33');
INSERT INTO `sys_role_menu` VALUES (1131822524929282049, 1131822521276043265, 1130380195256020998, 'admin', '2019-05-24 15:21:33');
INSERT INTO `sys_role_menu` VALUES (1131822525034139650, 1131822521276043265, 1131091080756801538, 'admin', '2019-05-24 15:21:33');
INSERT INTO `sys_role_menu` VALUES (1131822525130608641, 1131822521276043265, 1131091080756801539, 'admin', '2019-05-24 15:21:33');
INSERT INTO `sys_role_menu` VALUES (1131822525218689026, 1131822521276043265, 1131091080756801540, 'admin', '2019-05-24 15:21:33');
INSERT INTO `sys_role_menu` VALUES (1131822525310963713, 1131822521276043265, 1131091080756801541, 'admin', '2019-05-24 15:21:33');
INSERT INTO `sys_role_menu` VALUES (1131822525399044097, 1131822521276043265, 1131091080756801542, 'admin', '2019-05-24 15:21:33');
INSERT INTO `sys_role_menu` VALUES (1131822525503901697, 1131822521276043265, 1131091080756801543, 'admin', '2019-05-24 15:21:33');
INSERT INTO `sys_role_menu` VALUES (1131822525617147906, 1131822521276043265, 1067246875800000018, 'admin', '2019-05-24 15:21:33');
INSERT INTO `sys_role_menu` VALUES (1131822525738782721, 1131822521276043265, 1067246875800000019, 'admin', '2019-05-24 15:21:33');
INSERT INTO `sys_role_menu` VALUES (1131822525839446018, 1131822521276043265, 1067246875800000020, 'admin', '2019-05-24 15:21:33');
INSERT INTO `sys_role_menu` VALUES (1131822525944303618, 1131822521276043265, 1122402524739825666, 'admin', '2019-05-24 15:21:33');
INSERT INTO `sys_role_menu` VALUES (1131822626645348353, 1105690443042955266, 1067246875800000055, 'admin', '2019-05-24 15:21:57');
INSERT INTO `sys_role_menu` VALUES (1131822626695680002, 1105690443042955266, 1067246875800000056, 'admin', '2019-05-24 15:21:57');
INSERT INTO `sys_role_menu` VALUES (1131822626741817345, 1105690443042955266, 1067246875800000003, 'admin', '2019-05-24 15:21:57');
INSERT INTO `sys_role_menu` VALUES (1131822626796343297, 1105690443042955266, 1067246875800000004, 'admin', '2019-05-24 15:21:57');
INSERT INTO `sys_role_menu` VALUES (1131822626838286338, 1105690443042955266, 1067246875800000005, 'admin', '2019-05-24 15:21:57');
INSERT INTO `sys_role_menu` VALUES (1131822626888617986, 1105690443042955266, 1067246875800000006, 'admin', '2019-05-24 15:21:57');
INSERT INTO `sys_role_menu` VALUES (1131822626938949634, 1105690443042955266, 1067246875800000012, 'admin', '2019-05-24 15:21:57');
INSERT INTO `sys_role_menu` VALUES (1131822627006058498, 1105690443042955266, 1067246875800000014, 'admin', '2019-05-24 15:21:57');
INSERT INTO `sys_role_menu` VALUES (1131822627085750274, 1105690443042955266, 1067246875800000015, 'admin', '2019-05-24 15:21:57');
INSERT INTO `sys_role_menu` VALUES (1131822627190607874, 1105690443042955266, 1067246875800000016, 'admin', '2019-05-24 15:21:57');
INSERT INTO `sys_role_menu` VALUES (1131822627270299650, 1105690443042955266, 1067246875800000017, 'admin', '2019-05-24 15:21:57');
INSERT INTO `sys_role_menu` VALUES (1131822627345797121, 1105690443042955266, 1067246875800000007, 'admin', '2019-05-24 15:21:57');
INSERT INTO `sys_role_menu` VALUES (1131822627442266113, 1105690443042955266, 1067246875800000008, 'admin', '2019-05-24 15:21:57');
INSERT INTO `sys_role_menu` VALUES (1131822627505180674, 1105690443042955266, 1067246875800000009, 'admin', '2019-05-24 15:21:57');
INSERT INTO `sys_role_menu` VALUES (1131822627559706625, 1105690443042955266, 1067246875800000010, 'admin', '2019-05-24 15:21:57');
INSERT INTO `sys_role_menu` VALUES (1131822627626815489, 1105690443042955266, 1067246875800000011, 'admin', '2019-05-24 15:21:57');
INSERT INTO `sys_role_menu` VALUES (1131822627685535745, 1105690443042955266, 1067246875800000035, 'admin', '2019-05-24 15:21:57');
INSERT INTO `sys_role_menu` VALUES (1131822627744256001, 1105690443042955266, 1067246875800000025, 'admin', '2019-05-24 15:21:57');
INSERT INTO `sys_role_menu` VALUES (1131822627802976257, 1105690443042955266, 1067246875800000026, 'admin', '2019-05-24 15:21:57');
INSERT INTO `sys_role_menu` VALUES (1131822627865890818, 1105690443042955266, 1067246875800000027, 'admin', '2019-05-24 15:21:57');
INSERT INTO `sys_role_menu` VALUES (1131822627924611073, 1105690443042955266, 1067246875800000028, 'admin', '2019-05-24 15:21:57');
INSERT INTO `sys_role_menu` VALUES (1131822627987525633, 1105690443042955266, 1067246875800000029, 'admin', '2019-05-24 15:21:57');
INSERT INTO `sys_role_menu` VALUES (1131822628046245889, 1105690443042955266, 1067246875800000040, 'admin', '2019-05-24 15:21:57');
INSERT INTO `sys_role_menu` VALUES (1131822628100771841, 1105690443042955266, 1067246875800000059, 'admin', '2019-05-24 15:21:57');
INSERT INTO `sys_role_menu` VALUES (1131822628180463617, 1105690443042955266, 1067246875800000057, 'admin', '2019-05-24 15:21:57');
INSERT INTO `sys_role_menu` VALUES (1131822628255961090, 1105690443042955266, 1067246875800000060, 'admin', '2019-05-24 15:21:57');
INSERT INTO `sys_role_menu` VALUES (1131822628331458562, 1105690443042955266, 1067246875800000061, 'admin', '2019-05-24 15:21:57');
INSERT INTO `sys_role_menu` VALUES (1131822628390178817, 1105690443042955266, 1067246875800000058, 'admin', '2019-05-24 15:21:58');
INSERT INTO `sys_role_menu` VALUES (1131822628440510466, 1105690443042955266, 1067246875800000030, 'admin', '2019-05-24 15:21:58');
INSERT INTO `sys_role_menu` VALUES (1131822628503425025, 1105690443042955266, 1067246875800000031, 'admin', '2019-05-24 15:21:58');
INSERT INTO `sys_role_menu` VALUES (1131822628562145281, 1105690443042955266, 1067246875800000032, 'admin', '2019-05-24 15:21:58');
INSERT INTO `sys_role_menu` VALUES (1131822628616671233, 1105690443042955266, 1067246875800000033, 'admin', '2019-05-24 15:21:58');
INSERT INTO `sys_role_menu` VALUES (1131822628667002881, 1105690443042955266, 1067246875800000034, 'admin', '2019-05-24 15:21:58');
INSERT INTO `sys_role_menu` VALUES (1131822628717334530, 1105690443042955266, 1067246875800000036, 'admin', '2019-05-24 15:21:58');
INSERT INTO `sys_role_menu` VALUES (1131822628767666178, 1105690443042955266, 1067246875800000037, 'admin', '2019-05-24 15:21:58');
INSERT INTO `sys_role_menu` VALUES (1131822628826386433, 1105690443042955266, 1067246875800000038, 'admin', '2019-05-24 15:21:58');
INSERT INTO `sys_role_menu` VALUES (1131822628868329473, 1105690443042955266, 1067246875800000039, 'admin', '2019-05-24 15:21:58');
INSERT INTO `sys_role_menu` VALUES (1131822628910272513, 1105690443042955266, 1067246875800000047, 'admin', '2019-05-24 15:21:58');
INSERT INTO `sys_role_menu` VALUES (1131822628964798466, 1105690443042955266, 1104945274515656706, 'admin', '2019-05-24 15:21:58');
INSERT INTO `sys_role_menu` VALUES (1131822629019324417, 1105690443042955266, 1104945274536628225, 'admin', '2019-05-24 15:21:58');
INSERT INTO `sys_role_menu` VALUES (1131822629061267458, 1105690443042955266, 1104945274536628226, 'admin', '2019-05-24 15:21:58');
INSERT INTO `sys_role_menu` VALUES (1131822629128376321, 1105690443042955266, 1104945274536628227, 'admin', '2019-05-24 15:21:58');
INSERT INTO `sys_role_menu` VALUES (1131822629187096577, 1105690443042955266, 1104945274536628228, 'admin', '2019-05-24 15:21:58');
INSERT INTO `sys_role_menu` VALUES (1131822629258399745, 1105690443042955266, 1104945274536628229, 'admin', '2019-05-24 15:21:58');
INSERT INTO `sys_role_menu` VALUES (1131822629329702913, 1105690443042955266, 1105673543542759425, 'admin', '2019-05-24 15:21:58');
INSERT INTO `sys_role_menu` VALUES (1131822629384228865, 1105690443042955266, 1105674278967828481, 'admin', '2019-05-24 15:21:58');
INSERT INTO `sys_role_menu` VALUES (1131822629447143426, 1105690443042955266, 1105674511944638465, 'admin', '2019-05-24 15:21:58');
INSERT INTO `sys_role_menu` VALUES (1131822629497475073, 1105690443042955266, 1117627769516793858, 'admin', '2019-05-24 15:21:58');
INSERT INTO `sys_role_menu` VALUES (1131822629552001026, 1105690443042955266, 1067246875800000013, 'admin', '2019-05-24 15:21:58');
INSERT INTO `sys_role_menu` VALUES (1131822629602332674, 1105690443042955266, 1130380195256020993, 'admin', '2019-05-24 15:21:58');
INSERT INTO `sys_role_menu` VALUES (1131822629652664321, 1105690443042955266, 1130380195256020994, 'admin', '2019-05-24 15:21:58');
INSERT INTO `sys_role_menu` VALUES (1131822629702995970, 1105690443042955266, 1130380195256020995, 'admin', '2019-05-24 15:21:58');
INSERT INTO `sys_role_menu` VALUES (1131822629757521922, 1105690443042955266, 1130380195256020996, 'admin', '2019-05-24 15:21:58');
INSERT INTO `sys_role_menu` VALUES (1131822629824630785, 1105690443042955266, 1130380195256020997, 'admin', '2019-05-24 15:21:58');
INSERT INTO `sys_role_menu` VALUES (1131822629900128258, 1105690443042955266, 1130380195256020998, 'admin', '2019-05-24 15:21:58');
INSERT INTO `sys_role_menu` VALUES (1131822629971431426, 1105690443042955266, 1131091080756801538, 'admin', '2019-05-24 15:21:58');
INSERT INTO `sys_role_menu` VALUES (1131822630038540289, 1105690443042955266, 1131091080756801539, 'admin', '2019-05-24 15:21:58');
INSERT INTO `sys_role_menu` VALUES (1131822630105649154, 1105690443042955266, 1131091080756801540, 'admin', '2019-05-24 15:21:58');
INSERT INTO `sys_role_menu` VALUES (1131822630160175106, 1105690443042955266, 1131091080756801541, 'admin', '2019-05-24 15:21:58');
INSERT INTO `sys_role_menu` VALUES (1131822630210506753, 1105690443042955266, 1131091080756801542, 'admin', '2019-05-24 15:21:58');
INSERT INTO `sys_role_menu` VALUES (1131822630260838402, 1105690443042955266, 1131091080756801543, 'admin', '2019-05-24 15:21:58');
INSERT INTO `sys_role_menu` VALUES (1131822630315364354, 1105690443042955266, 1067246875800000018, 'admin', '2019-05-24 15:21:58');
INSERT INTO `sys_role_menu` VALUES (1131822630369890306, 1105690443042955266, 1067246875800000019, 'admin', '2019-05-24 15:21:58');
INSERT INTO `sys_role_menu` VALUES (1131822630424416257, 1105690443042955266, 1067246875800000020, 'admin', '2019-05-24 15:21:58');
INSERT INTO `sys_role_menu` VALUES (1131822630466359298, 1105690443042955266, 1067246875800000024, 'admin', '2019-05-24 15:21:58');
INSERT INTO `sys_role_menu` VALUES (1131822630520885249, 1105690443042955266, 1067246875800000021, 'admin', '2019-05-24 15:21:58');
INSERT INTO `sys_role_menu` VALUES (1131822630562828290, 1105690443042955266, 1067246875800000022, 'admin', '2019-05-24 15:21:58');
INSERT INTO `sys_role_menu` VALUES (1131822630608965633, 1105690443042955266, 1067246875800000023, 'admin', '2019-05-24 15:21:58');
INSERT INTO `sys_role_menu` VALUES (1131822630655102978, 1105690443042955266, 1118394163292344321, 'admin', '2019-05-24 15:21:58');
INSERT INTO `sys_role_menu` VALUES (1131822630697046018, 1105690443042955266, 1118394163304927233, 'admin', '2019-05-24 15:21:58');
INSERT INTO `sys_role_menu` VALUES (1131822630743183361, 1105690443042955266, 1118394163304927234, 'admin', '2019-05-24 15:21:58');
INSERT INTO `sys_role_menu` VALUES (1131822630797709314, 1105690443042955266, 1118394163304927235, 'admin', '2019-05-24 15:21:58');
INSERT INTO `sys_role_menu` VALUES (1131822630856429570, 1105690443042955266, 1118394163304927236, 'admin', '2019-05-24 15:21:58');
INSERT INTO `sys_role_menu` VALUES (1131822630923538434, 1105690443042955266, 1119115531650666497, 'admin', '2019-05-24 15:21:58');
INSERT INTO `sys_role_menu` VALUES (1131822630986452994, 1105690443042955266, 1119115531650666498, 'admin', '2019-05-24 15:21:58');
INSERT INTO `sys_role_menu` VALUES (1131822631061950466, 1105690443042955266, 1119141098068430850, 'admin', '2019-05-24 15:21:58');
INSERT INTO `sys_role_menu` VALUES (1131822631124865025, 1105690443042955266, 1122402524739825666, 'admin', '2019-05-24 15:21:58');
INSERT INTO `sys_role_menu` VALUES (1131822631183585282, 1105690443042955266, 1067246875800000002, 'admin', '2019-05-24 15:21:58');
COMMIT;

-- ----------------------------
-- Table structure for sys_role_rule
-- ----------------------------
DROP TABLE IF EXISTS `sys_role_rule`;
CREATE TABLE `sys_role_rule` (
  `id` bigint(20) NOT NULL COMMENT 'id',
  `role_id` bigint(20) NOT NULL COMMENT '角色ID',
  `rule_sort` varchar(100) NOT NULL COMMENT '分类表名-对应sys_dict_data表的dict_value',
  `rule_id` bigint(20) DEFAULT NULL COMMENT '数据权限项id',
  `custom_data` text COMMENT '自定义数据',
  `creator` varchar(64) DEFAULT NULL COMMENT '创建者',
  `create_date` datetime DEFAULT NULL COMMENT '创建时间',
  `updater` varchar(64) DEFAULT NULL COMMENT '更新者',
  `update_date` datetime DEFAULT NULL COMMENT '更新时间',
  `version` int(11) DEFAULT '0' COMMENT '乐观锁标记',
  PRIMARY KEY (`id`) USING BTREE
) ENGINE=InnoDB DEFAULT CHARSET=utf8 COMMENT='角色数据权限表';

-- ----------------------------
-- Records of sys_role_rule
-- ----------------------------
BEGIN;
INSERT INTO `sys_role_rule` VALUES (1106080802684219393, 1105690002267742209, '', NULL, '', 'admin', '2019-03-14 14:33:08', 'admin', '2019-03-14 14:33:08', 0);
INSERT INTO `sys_role_rule` VALUES (1107884812609163266, 1105686056316870658, '', NULL, '', 'admin', '2019-03-19 14:01:37', 'admin', '2019-03-19 14:01:37', 0);
INSERT INTO `sys_role_rule` VALUES (1109385100058882049, 1105686056316870658, 'sys_dept', 100, '', 'admin', '2019-03-23 17:23:14', 'admin', NULL, 0);
INSERT INTO `sys_role_rule` VALUES (1112363127601758210, 1105354541080207361, 'sys_dept', 200, '1067246875800000065', 'admin', '2019-03-31 22:36:51', 'admin', NULL, 0);
INSERT INTO `sys_role_rule` VALUES (1115150852683878401, 1105348926450638850, 'sys_dept', 200, '', 'admin', '2019-04-08 15:14:16', 'admin', NULL, 0);
INSERT INTO `sys_role_rule` VALUES (1122765208896630785, 1105689718556631042, 'sys_dept', 200, '', 'admin', '2019-04-29 15:31:00', 'admin', NULL, 0);
INSERT INTO `sys_role_rule` VALUES (1124861260596383745, 1105689718556631042, 'DS_DEPT', 200, '', 'admin', '2019-05-05 10:19:58', 'admin', NULL, 0);
INSERT INTO `sys_role_rule` VALUES (1124861295467827201, 1105686056316870658, 'DS_DEPT', 200, '', 'admin', '2019-05-05 10:20:06', 'admin', NULL, 0);
INSERT INTO `sys_role_rule` VALUES (1124861346164379650, 1105348926450638850, 'DS_DEPT', 200, '', 'admin', '2019-05-05 10:20:18', 'admin', NULL, 0);
INSERT INTO `sys_role_rule` VALUES (1124861372173258753, 1105354541080207361, 'DS_DEPT', 200, '', 'admin', '2019-05-05 10:20:25', 'admin', NULL, 0);
INSERT INTO `sys_role_rule` VALUES (1124861461159612418, 1105690286331174914, 'DS_DEPT', 200, '', 'admin', '2019-05-05 10:20:46', 'admin', NULL, 0);
INSERT INTO `sys_role_rule` VALUES (1124861476946972674, 1105690002267742209, 'DS_DEPT', 200, '', 'admin', '2019-05-05 10:20:50', 'admin', NULL, 0);
INSERT INTO `sys_role_rule` VALUES (1131487430691766273, 1105690383626444801, 'DS_DEPT', 200, '1067246875800000063,1067246875800000062,1067246875800000068', 'admin', '2019-05-23 17:10:00', 'admin', NULL, 0);
INSERT INTO `sys_role_rule` VALUES (1131822526195961858, 1131822521276043265, 'DS_DEPT', 100, '1067246875800000062', 'admin', '2019-05-24 15:21:33', 'admin', NULL, 0);
INSERT INTO `sys_role_rule` VALUES (1131822526296625154, 1131822521276043265, 'DS_COMPANY', 1110410077138763778, '', 'admin', '2019-05-24 15:21:33', 'admin', NULL, 0);
INSERT INTO `sys_role_rule` VALUES (1131822526388899842, 1131822521276043265, 'test', NULL, '', 'admin', '2019-05-24 15:21:33', 'admin', NULL, 0);
INSERT INTO `sys_role_rule` VALUES (1131822631296831490, 1105690443042955266, 'DS_DEPT', 100, '1067246875800000062', 'admin', '2019-05-24 15:21:58', 'admin', NULL, 0);
INSERT INTO `sys_role_rule` VALUES (1131822631338774530, 1105690443042955266, 'DS_COMPANY', NULL, '1067246875800000065', 'admin', '2019-05-24 15:21:58', 'admin', NULL, 0);
INSERT INTO `sys_role_rule` VALUES (1131822631389106177, 1105690443042955266, 'test', NULL, '', 'admin', '2019-05-24 15:21:58', 'admin', NULL, 0);
COMMIT;

-- ----------------------------
-- Table structure for sys_role_user
-- ----------------------------
DROP TABLE IF EXISTS `sys_role_user`;
CREATE TABLE `sys_role_user` (
  `id` bigint(20) NOT NULL COMMENT 'id',
  `role_id` bigint(20) DEFAULT NULL COMMENT '角色ID',
  `user_id` bigint(20) DEFAULT NULL COMMENT '用户ID',
  `creator` varchar(64) DEFAULT NULL COMMENT '创建者',
  `create_date` datetime DEFAULT NULL COMMENT '创建时间',
  PRIMARY KEY (`id`) USING BTREE,
  KEY `idx_role_id` (`role_id`) USING BTREE,
  KEY `idx_user_id` (`user_id`) USING BTREE
) ENGINE=InnoDB DEFAULT CHARSET=utf8 COMMENT='角色用户关系';

-- ----------------------------
-- Records of sys_role_user
-- ----------------------------
BEGIN;
INSERT INTO `sys_role_user` VALUES (1, 1105348926450638850, 1067246875800000001, 'admin', '2019-04-08 15:18:41');
INSERT INTO `sys_role_user` VALUES (1110352704823029761, 1105354541080207361, 1105701348371767297, 'admin', '2019-03-26 09:28:09');
INSERT INTO `sys_role_user` VALUES (1118808872966987778, 1105354541080207361, 1118389729520381953, 'admin', '2019-04-18 17:29:56');
INSERT INTO `sys_role_user` VALUES (1122732259320287234, 1105686056316870658, 1118389729520381953, 'admin', '2019-04-29 13:20:05');
INSERT INTO `sys_role_user` VALUES (1122732259433533442, 1105689718556631042, 1118389729520381953, 'admin', '2019-04-29 13:20:05');
INSERT INTO `sys_role_user` VALUES (1122732259534196738, 1105690002267742209, 1118389729520381953, 'admin', '2019-04-29 13:20:05');
INSERT INTO `sys_role_user` VALUES (1122732259647442946, 1105690286331174914, 1118389729520381953, 'admin', '2019-04-29 13:20:05');
INSERT INTO `sys_role_user` VALUES (1122732259756494850, 1105690383626444801, 1118389729520381953, 'admin', '2019-04-29 13:20:05');
INSERT INTO `sys_role_user` VALUES (1122732259869741057, 1105690443042955266, 1118389729520381953, 'admin', '2019-04-29 13:20:05');
INSERT INTO `sys_role_user` VALUES (1122732297312292865, 1105689718556631042, 1113088366975537153, 'admin', '2019-04-29 13:20:14');
INSERT INTO `sys_role_user` VALUES (1122732409728028673, 1105686056316870658, 1105702437095645185, 'admin', '2019-04-29 13:20:40');
INSERT INTO `sys_role_user` VALUES (1122732436047286273, 1105686056316870658, 1105702138914185218, 'admin', '2019-04-29 13:20:47');
INSERT INTO `sys_role_user` VALUES (1122732487356207105, 1105686056316870658, 1105701348371767297, 'admin', '2019-04-29 13:20:59');
INSERT INTO `sys_role_user` VALUES (1122732512236818434, 1105689718556631042, 1105701006749900802, 'admin', '2019-04-29 13:21:05');
INSERT INTO `sys_role_user` VALUES (1122732538052759553, 1105690286331174914, 1104550143291621378, 'admin', '2019-04-29 13:21:11');
INSERT INTO `sys_role_user` VALUES (1122767419919704065, 1105689718556631042, 1105701629016842242, 'admin', '2019-04-29 15:39:48');
INSERT INTO `sys_role_user` VALUES (1123039050159697922, 1105354541080207361, 1105702708894932993, 'admin', '2019-04-30 09:39:09');
INSERT INTO `sys_role_user` VALUES (1123039902681346049, 1105686056316870658, 1105702708894932993, 'admin', '2019-04-30 09:42:33');
INSERT INTO `sys_role_user` VALUES (1124930711161307137, 1105354541080207361, 1105701629016842242, 'admin', '2019-05-05 14:55:56');
COMMIT;

-- ----------------------------
-- Table structure for sys_rule_data
-- ----------------------------
DROP TABLE IF EXISTS `sys_rule_data`;
CREATE TABLE `sys_rule_data` (
  `id` bigint(20) NOT NULL COMMENT '主键',
  `name` varchar(200) NOT NULL COMMENT '规则名称',
  `value` varchar(10) NOT NULL COMMENT '规则值',
  `rule_sort` varchar(100) NOT NULL COMMENT '权限分类',
  `sort` int(11) NOT NULL COMMENT '排序码',
  `creator` varchar(64) DEFAULT NULL COMMENT '创建者',
  `create_date` datetime DEFAULT NULL COMMENT '创建时间',
  `remark` varchar(200) DEFAULT NULL COMMENT '备注',
  `rule_sql` varchar(4000) DEFAULT NULL COMMENT '规则实现sql',
  `rule_args` varchar(4000) DEFAULT NULL COMMENT '参数',
  PRIMARY KEY (`id`) USING BTREE
) ENGINE=InnoDB DEFAULT CHARSET=utf8 COMMENT='数据权限项规则';

-- ----------------------------
-- Records of sys_rule_data
-- ----------------------------
BEGIN;
INSERT INTO `sys_rule_data` VALUES (100, '本部门', '1', 'DS_DEPT', 10, NULL, NULL, '22222', 'select id from sys_dept where id = {deptId}', '{\"deptId\": \"@deptId\"}');
INSERT INTO `sys_rule_data` VALUES (200, '本部门及下属部门', '2', 'DS_DEPT', 20, NULL, NULL, NULL, 'select id from sys_dept where id={deptId} UNION select id from sys_dept where pids like \'%{deptId}%\'', '{\"deptId\": \"@deptId\", \"id\": \"100\"}');
INSERT INTO `sys_rule_data` VALUES (300, '所有部门', 'all', 'DS_DEPT', 30, NULL, NULL, NULL, 'select * from sys_dept', '');
INSERT INTO `sys_rule_data` VALUES (1110409984411090945, '本公司', '1', 'DS_COMPANY', 0, 'admin', '2019-03-26 13:15:45', '', 'select id from {0}', 'sys_dept');
INSERT INTO `sys_rule_data` VALUES (1110410077138763778, '本公司及下属公司', '2', 'DS_COMPANY', 1, 'admin', '2019-03-26 13:16:07', '', 'select id from {0}', 'sys_dept');
INSERT INTO `sys_rule_data` VALUES (1110410156532744193, '所有公司', 'all', 'DS_COMPANY', 2, 'admin', '2019-03-26 13:16:26', '', '', '');
COMMIT;

-- ----------------------------
-- Table structure for sys_rule_sort
-- ----------------------------
DROP TABLE IF EXISTS `sys_rule_sort`;
CREATE TABLE `sys_rule_sort` (
  `id` bigint(20) NOT NULL COMMENT '权限分类id',
  `sort` int(11) DEFAULT NULL COMMENT '排序号（升序）',
  `name` varchar(100) NOT NULL COMMENT '权限描述',
  `value` varchar(100) NOT NULL COMMENT '权限键值',
  `sql_cust` varchar(4000) NOT NULL COMMENT '权限自定义待选项',
  `remark` varchar(200) DEFAULT NULL COMMENT '权限描述',
  `status` tinyint(4) NOT NULL DEFAULT '1' COMMENT '状态（1正常  0停用）',
  `creator` varchar(64) NOT NULL COMMENT '创建者',
  `create_date` datetime NOT NULL COMMENT '创建时间',
  `updater` varchar(64) NOT NULL COMMENT '更新者',
  `update_date` datetime NOT NULL COMMENT '更新时间',
  `version` int(11) NOT NULL DEFAULT '0' COMMENT '版本号',
  PRIMARY KEY (`id`) USING BTREE,
  KEY `idx_sys_rule_sort_1` (`value`) USING BTREE
) ENGINE=InnoDB DEFAULT CHARSET=utf8mb4 COMMENT='权限分类';

-- ----------------------------
-- Records of sys_rule_sort
-- ----------------------------
BEGIN;
INSERT INTO `sys_rule_sort` VALUES (1131425934435647490, 1, '部门权限', 'DS_DEPT', 'select t.id, t.name, t.pid, 0 as root_id from sys_dept t where t.status = 1', '', 1, 'admin', '2019-05-23 13:05:38', 'admin', '2019-05-24 12:20:43', 0);
INSERT INTO `sys_rule_sort` VALUES (1131429074169987073, 2, '公司权限', 'DS_COMPANY', 'select t.id, t.name, t.pid, 0 as root_id from sys_dept t where t.status = 1', '', 1, 'admin', '2019-05-23 13:18:07', 'admin', '2019-05-23 22:53:48', 0);
INSERT INTO `sys_rule_sort` VALUES (1131581550361751553, 3, '测试权限', 'test', ' SELECT id, name, pid, 0 root_id FROM sys_dept WHERE id=1067246875800000062', '', 0, 'admin', '2019-05-23 23:24:00', 'admin', '2019-05-24 15:48:31', 0);
COMMIT;

-- ----------------------------
-- Table structure for sys_sms
-- ----------------------------
DROP TABLE IF EXISTS `sys_sms`;
CREATE TABLE `sys_sms` (
  `id` bigint(20) NOT NULL COMMENT 'id',
  `platform` tinyint(3) unsigned NOT NULL COMMENT '平台类型',
  `mobile` varchar(20) DEFAULT NULL COMMENT '手机号',
  `params_1` varchar(50) DEFAULT NULL COMMENT '参数1',
  `params_2` varchar(50) DEFAULT NULL COMMENT '参数2',
  `params_3` varchar(50) DEFAULT NULL COMMENT '参数3',
  `params_4` varchar(50) DEFAULT NULL COMMENT '参数4',
  `status` tinyint(3) unsigned DEFAULT NULL COMMENT '发送状态  0：失败  1：成功',
  `creator` varchar(64) DEFAULT NULL COMMENT '创建者',
  `create_date` datetime DEFAULT NULL COMMENT '创建时间',
  PRIMARY KEY (`id`) USING BTREE,
  KEY `idx_create_date` (`create_date`) USING BTREE
) ENGINE=InnoDB DEFAULT CHARSET=utf8 COMMENT='短信';

-- ----------------------------
-- Table structure for sys_user
-- ----------------------------
DROP TABLE IF EXISTS `sys_user`;
CREATE TABLE `sys_user` (
  `id` bigint(20) NOT NULL COMMENT 'id',
  `username` varchar(50) NOT NULL COMMENT '用户名',
  `password` varchar(100) DEFAULT NULL COMMENT '密码',
  `real_name` varchar(50) DEFAULT NULL COMMENT '姓名',
  `head_url` varchar(200) DEFAULT NULL COMMENT '头像',
  `gender` tinyint(3) unsigned DEFAULT NULL COMMENT '性别   0：男   1：女    2：保密',
  `email` varchar(100) DEFAULT NULL COMMENT '邮箱',
  `mobile` varchar(100) DEFAULT NULL COMMENT '手机号',
  `dept_id` bigint(20) DEFAULT NULL COMMENT '部门ID',
  `super_admin` tinyint(3) unsigned DEFAULT NULL COMMENT '超级管理员   0：否   1：是',
  `status` tinyint(4) DEFAULT NULL COMMENT '状态  0：停用   1：正常',
  `creator` varchar(64) DEFAULT NULL COMMENT '创建者',
  `create_date` datetime DEFAULT NULL COMMENT '创建时间',
  `updater` varchar(64) DEFAULT NULL COMMENT '更新者',
  `update_date` datetime DEFAULT NULL COMMENT '更新时间',
  PRIMARY KEY (`id`) USING BTREE,
  UNIQUE KEY `uk_username` (`username`) USING BTREE,
  KEY `idx_create_date` (`create_date`) USING BTREE
) ENGINE=InnoDB DEFAULT CHARSET=utf8 COMMENT='系统用户';

-- ----------------------------
-- Records of sys_user
-- ----------------------------
BEGIN;
INSERT INTO `sys_user` VALUES (1067246875800000001, 'admin', '$2a$10$ZezkE8.I4ijmH3y0MpBpRuXFamNqDlBFJSQKVMARAaikza4pUjFQm', '管理员', NULL, 0, 'root@renren.io', '13612345678', NULL, 1, 1, '1067246875800000001', '2019-02-19 08:58:01', '1067246875800000001', '2019-02-19 08:58:01');
INSERT INTO `sys_user` VALUES (1104550143291621378, 'yanghuimin', '$2a$10$6F.rbDWQ0Pd.6QPjiJHERO49WGdSjeu1AHSshhXzDU5q75pE6hXR2', '杨慧敏', NULL, 0, 'yanghuimin@ecode.net.cn', '14566677788', 1067246875800000065, 0, 1, 'admin', '2019-03-10 09:10:50', 'admin', '2019-04-29 13:21:11');
INSERT INTO `sys_user` VALUES (1105701006749900802, 'fangxiuwei', '$2a$10$T61fEu7nUS38LMUM6rGtgOJupbjZEVBEz4WzL0yBZO9AwRuixwECq', '方修伟', NULL, 0, 'fangxiuwei@ecode.net.cn', '13366887799', 1067246875800000064, 0, 1, 'admin', '2019-03-13 13:23:58', 'admin', '2019-04-29 13:21:05');
INSERT INTO `sys_user` VALUES (1105701348371767297, 'songlong', '$2a$10$XbhkmonHje2G9Tv5dcRlBe9v0kE1hNf/kcWnkd52PfcemRklaVgR6', '宋龙', NULL, 0, 'songlong@ecode.net.cn', '17766887799', 1105681259035533314, 2, 1, 'admin', '2019-03-13 13:25:19', 'admin', '2019-04-29 13:20:59');
INSERT INTO `sys_user` VALUES (1105701629016842242, 'yangjian', '$2a$10$16TO0a0TVpFy30NyGmjKB.Ml813oz1M/69ABTobZHC.OyR1mLLm4K', '杨健', NULL, 0, 'yangjian@ecode.net.cn', '13167896789', 1105682623329378306, 2, 1, 'admin', '2019-03-13 13:26:26', 'admin', '2019-04-29 15:39:48');
INSERT INTO `sys_user` VALUES (1105702138914185218, 'xiamingyu', '$2a$10$WTt5fQOHDzu/N/xHwe1ES.2v.Zil47GEeJ9XvPRV/4aWoRzLjKNIe', '夏明俞', NULL, 0, 'xiamingyu@ecode.net.cn', '13223456789', 1105683034773823489, 0, 1, 'admin', '2019-03-13 13:28:28', 'admin', '2019-04-29 13:20:47');
INSERT INTO `sys_user` VALUES (1105702437095645185, 'zhaofei', '$2a$10$pYjSXtJF2Cr6yVRiP8Ju0OyD7QWYLsy1UjMuVjV1GWqYJoafzlTk6', '赵飞', NULL, 0, 'zhaofei@ecode.net.cn', '13534567890', 1067246875800000067, 0, 1, 'admin', '2019-03-13 13:29:39', 'admin', '2019-04-29 13:20:40');
INSERT INTO `sys_user` VALUES (1105702708894932993, 'zhouzhongtao', '$2a$10$kmDajhHDNoX1pAc4lXh3r.YXXEhP1pDnGqBN1DvmKILt2Jq/yhOv2', '周忠涛', NULL, 0, 'zhouzhongtao@ecode.net.cn', '13609876543', 1067246875800000068, 2, 1, 'admin', '2019-03-13 13:30:43', 'admin', '2019-04-30 09:42:32');
INSERT INTO `sys_user` VALUES (1113088366975537153, 'ceshi', '$2a$10$3I.TeWdTKyYBMkRn7nD1vOYNK/Jdo1SCtO9gzC4jAgjSUpj6VjEUW', 'ceshi', NULL, 0, '1@163.com', '12345678900', 1067246875800000066, 0, 1, 'admin', '2019-04-02 22:38:42', 'admin', '2019-04-29 13:20:14');
INSERT INTO `sys_user` VALUES (1118389729520381953, 'test', '$2a$10$f3BWTpdUrTdbITvXf7/4eep3A8BGtC6vvubklt0eWp9uzx483RP6O', '测试', NULL, 0, '123@132.com', '13233445555', 1067246875800000067, 2, 1, 'admin', '2019-04-17 13:44:25', 'admin', '2019-04-29 13:20:05');
INSERT INTO `sys_user` VALUES (1122742906150019074, '15999999999', '$2a$10$sH0X9YgugYRlvdQgQLI2EusqrhWE/74ypOs18WfGqjQQz6YsW51S.', '15999999999', NULL, 0, '15999999999@qq.com', '15999999999', 1067246875800000066, 0, 1, 'admin', '2019-04-29 14:02:23', 'admin', '2019-04-29 14:05:21');
INSERT INTO `sys_user` VALUES (1122745076622647297, '15999999997', '$2a$10$GyG4V0Zc6K46T1sAKqR/YeUXJxtNLJEwjGyipaSvLJAhiwNEpoL0e', '15999999997', NULL, 0, '15999999997@qq.com', '15999999997', 1067246875800000065, 0, 1, 'admin', '2019-04-29 14:11:01', 'admin', '2019-04-29 14:11:01');
INSERT INTO `sys_user` VALUES (1122745133543546882, '15999999998', '$2a$10$azN4NE16VkvDIAgbXGUGeeJo25chvac3vX7wkBkm18vEAdFyTWTcu', '1', NULL, 0, '15999999998@qq.com', '15999999998', 1067246875800000066, 0, 1, 'admin', '2019-04-29 14:11:14', 'admin', '2019-04-29 14:11:14');
INSERT INTO `sys_user` VALUES (1122745746465566721, '15999999996', '$2a$10$kwKBpDw5eYRLCleiFegU3OANA6yjdx6hupWSm42fUtMnzVXkSScRq', '15999999996', NULL, 0, '15999999996@qq.com', '15999999996', 1067246875800000066, 0, 1, 'admin', '2019-04-29 14:13:40', 'admin', '2019-04-29 15:53:44');
COMMIT;

-- ----------------------------
-- Table structure for sys_user_login
-- ----------------------------
DROP TABLE IF EXISTS `sys_user_login`;
CREATE TABLE `sys_user_login` (
  `user_id` bigint(20) NOT NULL COMMENT '关联用户表id',
  `question1` varchar(100) CHARACTER SET utf8mb4 DEFAULT NULL COMMENT '密保问题1',
  `answer1` varchar(100) CHARACTER SET utf8mb4 DEFAULT NULL COMMENT '密保答案1',
  `question2` varchar(100) CHARACTER SET utf8mb4 DEFAULT NULL COMMENT '密保问题2',
  `answer2` varchar(100) CHARACTER SET utf8mb4 DEFAULT NULL COMMENT '密保答案2',
  `question3` varchar(100) CHARACTER SET utf8mb4 DEFAULT NULL COMMENT '密保问题3',
  `answer3` varchar(100) CHARACTER SET utf8mb4 DEFAULT NULL COMMENT '密保答案3',
  `pwd_level` tinyint(4) NOT NULL DEFAULT '0' COMMENT '密码级别，0初始 1很弱 2弱 3安全 4很安全',
  `pwd_date` datetime DEFAULT NULL COMMENT '密码修改时间',
  `login_ip` varchar(32) CHARACTER SET utf8mb4 DEFAULT NULL COMMENT '最后登录IP',
  `login_date` datetime DEFAULT NULL COMMENT '最后登录时间',
  `freeze_date` datetime DEFAULT NULL COMMENT '账户冻结时间',
  `create_date` datetime NOT NULL COMMENT '账户创建时间',
  `update_date` datetime DEFAULT NULL COMMENT '记录更新时间',
  PRIMARY KEY (`user_id`) USING BTREE,
  KEY `idx_create_date` (`create_date`) USING BTREE
) ENGINE=InnoDB DEFAULT CHARSET=utf8 COMMENT='用户登录信息表';

-- ----------------------------
-- Records of sys_user_login
-- ----------------------------
BEGIN;
INSERT INTO `sys_user_login` VALUES (1067246875800000001, NULL, NULL, NULL, NULL, NULL, NULL, 1, '2019-05-16 14:26:28', '0:0:0:0:0:0:0:1', '2019-05-29 11:28:02', NULL, '2019-04-29 13:20:04', '2019-05-29 11:28:02');
INSERT INTO `sys_user_login` VALUES (1104550143291621378, NULL, NULL, NULL, NULL, NULL, NULL, 1, '2019-04-29 13:21:11', NULL, NULL, NULL, '2019-04-29 13:21:11', '2019-04-29 13:21:11');
INSERT INTO `sys_user_login` VALUES (1105701006749900802, NULL, NULL, NULL, NULL, NULL, NULL, 1, '2019-04-29 13:21:05', NULL, NULL, NULL, '2019-04-29 13:21:05', '2019-04-29 13:21:05');
INSERT INTO `sys_user_login` VALUES (1105701348371767297, NULL, NULL, NULL, NULL, NULL, NULL, 1, '2019-04-29 13:20:59', NULL, NULL, NULL, '2019-04-29 13:20:59', '2019-04-29 13:20:59');
INSERT INTO `sys_user_login` VALUES (1105701629016842242, NULL, NULL, NULL, NULL, NULL, NULL, 1, '2019-04-29 13:20:53', '0:0:0:0:0:0:0:1', '2019-05-29 09:25:49', NULL, '2019-04-29 13:20:53', '2019-05-29 09:25:49');
INSERT INTO `sys_user_login` VALUES (1105702138914185218, NULL, NULL, NULL, NULL, NULL, NULL, 1, '2019-04-29 13:20:47', NULL, NULL, NULL, '2019-04-29 13:20:47', '2019-04-29 13:20:47');
INSERT INTO `sys_user_login` VALUES (1105702437095645185, NULL, NULL, NULL, NULL, NULL, NULL, 1, '2019-04-29 13:20:40', NULL, NULL, NULL, '2019-04-29 13:20:40', '2019-04-29 13:20:40');
INSERT INTO `sys_user_login` VALUES (1105702708894932993, NULL, NULL, NULL, NULL, NULL, NULL, 4, '2019-04-30 09:50:58', '0:0:0:0:0:0:0:1', '2019-04-30 09:48:42', NULL, '2019-04-29 13:20:33', '2019-04-30 09:50:58');
INSERT INTO `sys_user_login` VALUES (1113088366975537153, NULL, NULL, NULL, NULL, NULL, NULL, 1, '2019-04-29 13:20:13', NULL, NULL, NULL, '2019-04-29 13:20:14', '2019-04-29 13:20:14');
INSERT INTO `sys_user_login` VALUES (1118389729520381953, NULL, NULL, NULL, NULL, NULL, NULL, 1, '2019-04-29 13:20:04', NULL, NULL, NULL, '2019-04-29 13:20:04', '2019-04-29 13:20:04');
INSERT INTO `sys_user_login` VALUES (1122742906150019074, NULL, NULL, NULL, NULL, NULL, NULL, 0, '2019-04-29 14:05:04', NULL, NULL, NULL, '2019-04-29 14:05:14', '2019-04-29 14:05:14');
INSERT INTO `sys_user_login` VALUES (1122745076622647297, NULL, NULL, NULL, NULL, NULL, NULL, 0, '2019-04-29 14:11:01', NULL, NULL, NULL, '2019-04-29 14:11:01', '2019-04-29 14:11:01');
INSERT INTO `sys_user_login` VALUES (1122745133929422850, NULL, NULL, NULL, NULL, NULL, NULL, 0, '2019-04-29 14:11:14', NULL, NULL, NULL, '2019-04-29 14:11:14', '2019-04-29 14:11:14');
INSERT INTO `sys_user_login` VALUES (1122745746465566721, NULL, NULL, NULL, NULL, NULL, NULL, 1, '2019-04-29 15:53:44', NULL, NULL, NULL, '2019-04-29 14:13:54', '2019-04-29 15:53:44');
COMMIT;

-- ----------------------------
-- Table structure for sys_user_token
-- ----------------------------
DROP TABLE IF EXISTS `sys_user_token`;
CREATE TABLE `sys_user_token` (
  `id` bigint(20) NOT NULL COMMENT 'id',
  `user_id` bigint(20) NOT NULL COMMENT '用户id',
  `token` varchar(100) NOT NULL COMMENT '用户token',
  `expire_date` datetime DEFAULT NULL COMMENT '过期时间',
  `update_date` datetime DEFAULT NULL COMMENT '更新时间',
  `create_date` datetime DEFAULT NULL COMMENT '创建时间',
  PRIMARY KEY (`id`) USING BTREE,
  UNIQUE KEY `user_id` (`user_id`) USING BTREE,
  UNIQUE KEY `token` (`token`) USING BTREE
) ENGINE=InnoDB DEFAULT CHARSET=utf8 COMMENT='系统用户Token';

-- ----------------------------
-- Table structure for wechat_msg_log
-- ----------------------------
DROP TABLE IF EXISTS `wechat_msg_log`;
CREATE TABLE `wechat_msg_log` (
  `id` bigint(20) NOT NULL COMMENT 'id',
  `config_id` bigint(20) DEFAULT NULL COMMENT '微信模板配置ID',
  `template_id` varchar(64) DEFAULT NULL COMMENT '微信模板ID',
  `content` varchar(1000) DEFAULT NULL COMMENT '推送内容',
  `result_msg` varchar(1000) DEFAULT NULL COMMENT '返回信息',
  `receiver` varchar(64) DEFAULT NULL COMMENT '接收者(openID)',
  `type` varchar(100) DEFAULT NULL COMMENT '模板类型',
  `status` tinyint(4) DEFAULT NULL COMMENT '发送状态  0：失败  1：成功',
  `remark` varchar(200) DEFAULT NULL COMMENT '备注',
  `creator` varchar(64) DEFAULT NULL COMMENT '创建者',
  `create_date` datetime DEFAULT NULL COMMENT '创建时间',
  PRIMARY KEY (`id`)
) ENGINE=InnoDB DEFAULT CHARSET=utf8mb4;

-- ----------------------------
-- Table structure for wechat_template
-- ----------------------------
DROP TABLE IF EXISTS `wechat_template`;
CREATE TABLE `wechat_template` (
  `id` bigint(4) NOT NULL COMMENT 'id',
  `template_id` varchar(64) NOT NULL COMMENT '微信模板ID',
  `title` varchar(64) DEFAULT NULL COMMENT '模板标题',
  `primary_industry` varchar(64) DEFAULT NULL COMMENT '模板所属行业的一级行业',
  `deputy_industry` varchar(64) DEFAULT NULL COMMENT '模板所属行业的二级行业',
  `content` varchar(200) DEFAULT NULL COMMENT '模板内容',
  `example` varchar(200) DEFAULT NULL COMMENT '模板示例',
  `creator` varchar(64) DEFAULT NULL COMMENT '创建者',
  `create_date` datetime DEFAULT NULL COMMENT '创建时间',
  PRIMARY KEY (`id`),
  KEY `template_id
template_id` (`template_id`)
) ENGINE=InnoDB DEFAULT CHARSET=utf8mb4;

-- ----------------------------
-- Records of wechat_template
-- ----------------------------
BEGIN;
INSERT INTO `wechat_template` VALUES (1123119514547462146, 'pkcpAIJ_r2CsK_ars2tsUTdtuV9Qn23RYeoaxS3KytA', '订阅模板消息', '', '', '{{content.DATA}}', '', 'admin', '2019-04-30 14:58:53');
INSERT INTO `wechat_template` VALUES (1123119514610376706, 'jqm6_5vlYUsNG7vLFjEEdeSHcP6xVfc2aLwvaOTUeOw', '申请通知', 'IT科技', '互联网|电子商务', '{{first.DATA}}\n申请名称：{{keyword1.DATA}}\n申请人：{{keyword2.DATA}}\n申请类型：{{keyword3.DATA}}\n申请时间：{{keyword4.DATA}}\n{{remark.DATA}}', '您有一个协作申请\r\n申请名称：市场文档资料\r\n申请人：小刘\r\n申请类型：编辑\r\n申请时间：2016-01-16 16:16\r\n点击详情批准协作权限', 'admin', '2019-04-30 14:58:53');
INSERT INTO `wechat_template` VALUES (1123119514643931138, '-VjnGCK9AYSC3BoSCknP-xVCKDjo9LX0Hm72ra-_uc8', '申请待审核通知', '政府与公共事业', '政府|公共事业|非盈利机构', '{{first.DATA}}\n申请人：{{keyword1.DATA}}\n申请项目：{{keyword2.DATA}}\n申请时间：{{keyword3.DATA}}\n申请状态：{{keyword4.DATA}}\n{{remark.DATA}}', '你好，你提交申请项目的资助待审核。\r\n申请人：张三\r\n申请项目：圆梦行动\r\n申请时间：2014年7月21日 18:36\r\n申请状态：待初审\r\n请关注。', 'admin', '2019-04-30 14:58:53');
INSERT INTO `wechat_template` VALUES (1123119514673291266, 'z12vlUoLzjILkzNVkRpDR5pnjwOjlOdH19qbQLkvo50', '外出审批通知', 'IT科技', '互联网|电子商务', '{{first.DATA}}\n申请人：{{keyword1.DATA}}\n外出原因：{{keyword2.DATA}}\n外出时间：{{keyword3.DATA}}\n外出地点：{{keyword4.DATA}}\n描述：{{keyword5.DATA}}\n{{remark.DATA}}', '外出审批通知\r\n申请人：张娜\r\n外出原因：拜访客户\r\n外出时间：2016-11-30 09:00至2016-11-30 12:00\r\n外出地点：上海市徐汇区乐山路33号\r\n描述：洽谈合同\r\n感谢您的使用。', 'admin', '2019-04-30 14:58:54');
COMMIT;

-- ----------------------------
-- Table structure for wechat_template_config
-- ----------------------------
DROP TABLE IF EXISTS `wechat_template_config`;
CREATE TABLE `wechat_template_config` (
  `id` bigint(20) NOT NULL COMMENT 'id',
  `template_id` varchar(64) DEFAULT NULL COMMENT '模板ID',
  `type` varchar(100) DEFAULT NULL COMMENT '模板类型',
  `title` varchar(0) DEFAULT NULL COMMENT '模板类型名称',
  `url` varchar(100) DEFAULT NULL COMMENT '模板跳转链接（海外帐号没有跳转能力）',
  `miniapp_appid` varchar(64) DEFAULT NULL COMMENT '所需跳转到的小程序appid',
  `miniapp_pagepath` varchar(100) DEFAULT NULL COMMENT '所需跳转到小程序的具体页面路径',
  `config` varchar(2000) DEFAULT NULL COMMENT '模板配置信息',
  `remark` varchar(200) DEFAULT NULL COMMENT '备注',
  `creator` varchar(64) DEFAULT NULL COMMENT '创建者',
  `create_date` datetime DEFAULT NULL COMMENT '创建时间',
  `updater` varchar(64) DEFAULT NULL COMMENT '更新者',
  `update_date` datetime DEFAULT NULL COMMENT '更新时间',
  PRIMARY KEY (`id`),
  KEY `template_id` (`template_id`),
  KEY `type` (`type`)
) ENGINE=InnoDB DEFAULT CHARSET=utf8mb4;

-- ----------------------------
-- Records of wechat_template_config
-- ----------------------------
BEGIN;
INSERT INTO `wechat_template_config` VALUES (1118834001883697154, 'pkcpAIJ_r2CsK_ars2tsUTdtuV9Qn23RYeoaxS3KytA', 'WX_SUBSCRIPTION', NULL, NULL, NULL, NULL, '[{\"label\":\"content\",\"name\":\"content\",\"key\":\"{{content.DATA}}\",\"value\":\"{{content}}\",\"color\":\"\"}]', NULL, 'admin', '2019-04-18 19:09:48', 'admin', NULL);
INSERT INTO `wechat_template_config` VALUES (1118834015095754753, 'jqm6_5vlYUsNG7vLFjEEdeSHcP6xVfc2aLwvaOTUeOw', '', NULL, NULL, NULL, NULL, '[{\"label\":\"first\",\"name\":\"first\",\"key\":\"{{first.DATA}}\",\"value\":\"{{first}}\",\"color\":\"\"},{\"label\":\"申请名称\",\"name\":\"keyword1\",\"key\":\"{{keyword1.DATA}\",\"value\":\"{{keyword1}}\",\"color\":\"\"},{\"label\":\"申请人\",\"name\":\"keyword2\",\"key\":\"{{keyword2.DATA}\",\"value\":\"{{keyword2}}\",\"color\":\"\"},{\"label\":\"申请类型\",\"name\":\"keyword3\",\"key\":\"{{keyword3.DATA}\",\"value\":\"{{keyword3}}\",\"color\":\"\"},{\"label\":\"申请时间\",\"name\":\"keyword4\",\"key\":\"{{keyword4.DATA}\",\"value\":\"{{keyword4}}\",\"color\":\"\"},{\"label\":\"remark\",\"name\":\"remark\",\"key\":\"{{remark.DATA}}\",\"value\":\"{{remark}}\",\"color\":\"\"}]', NULL, 'admin', '2019-04-18 19:09:51', 'admin', NULL);
INSERT INTO `wechat_template_config` VALUES (1118834015297081346, '-VjnGCK9AYSC3BoSCknP-xVCKDjo9LX0Hm72ra-_uc8', 'WX_OPENTM415136803', NULL, 'www.baidu.com', '', '', '[{\"label\":\"first\",\"name\":\"first\",\"key\":\"{{first.DATA}}\",\"value\":\"{{first}}\",\"color\":\"\"},{\"label\":\"申请人\",\"name\":\"keyword1\",\"key\":\"{{keyword1.DATA}\",\"value\":\"{{keyword1}}\",\"color\":\"\"},{\"label\":\"申请项目\",\"name\":\"keyword2\",\"key\":\"{{keyword2.DATA}\",\"value\":\"{{keyword2}}\",\"color\":\"\"},{\"label\":\"申请时间\",\"name\":\"keyword3\",\"key\":\"{{keyword3.DATA}\",\"value\":\"{{keyword3}}\",\"color\":\"\"},{\"label\":\"申请状态\",\"name\":\"keyword4\",\"key\":\"{{keyword4.DATA}\",\"value\":\"{{keyword4}}\",\"color\":\"\"},{\"label\":\"remark\",\"name\":\"remark\",\"key\":\"{{remark.DATA}}\",\"value\":\"{{remark}}\",\"color\":\"\"}]', NULL, 'admin', '2019-04-18 19:09:51', 'admin', NULL);
INSERT INTO `wechat_template_config` VALUES (1118834015490019329, 'z12vlUoLzjILkzNVkRpDR5pnjwOjlOdH19qbQLkvo50', 'WX_OPENTM407892450', NULL, 'https://mp.weixin.qq.com/wiki?t=resource/res_main&id={{keyword6}}', '1', '1', '[{\"label\":\"first\",\"name\":\"first\",\"key\":\"{{first.DATA}}\",\"value\":\"{{first}}---标题标题\",\"color\":\"#6489DC\"},{\"label\":\"申请人\",\"name\":\"keyword1\",\"key\":\"{{keyword1.DATA}\",\"value\":\"申请人-{{keyword1}}\",\"color\":\"#EBE119\"},{\"label\":\"外出原因\",\"name\":\"keyword2\",\"key\":\"{{keyword2.DATA}\",\"value\":\"用户{{keyword1}}需要到{{keyword2}}，请批准\",\"color\":\"#AE1A89\"},{\"label\":\"外出时间\",\"name\":\"keyword3\",\"key\":\"{{keyword3.DATA}\",\"value\":\"{{keyword3}}\",\"color\":\"#1ED0CA\"},{\"label\":\"外出地点\",\"name\":\"keyword4\",\"key\":\"{{keyword4.DATA}\",\"value\":\"{{keyword4}}，康普顿\",\"color\":\"#8EEF0F\"},{\"label\":\"描述\",\"name\":\"keyword5\",\"key\":\"{{keyword5.DATA}\",\"value\":\"{{keyword5}}，谈合同\"},{\"label\":\"remark\",\"name\":\"remark\",\"key\":\"{{remark.DATA}}\",\"value\":\"我是备注消息，{{remark}}\",\"color\":\"#E70D0D\"}]', NULL, 'admin', '2019-04-18 19:09:51', 'admin', NULL);
COMMIT;

SET FOREIGN_KEY_CHECKS = 1;
